fpath,KUK_ID,FileName,FileFormat,FolderPath,subcorpus,SourceDB,SourceID,DocumentTitle,ClarityPursuit,Readability,SyllogismBased,DocumentVersion,ParentDocumentID,LegalActType,Objectivity,Bindingness,AuthorType,RecipientType,RecipientIndividuation,Anonymized,Recipient Type,class,RuleAbstractNouns,RuleAmbiguousRegards,RuleAnaphoricReferences,RuleCaseRepetition,RuleCaseRepetition.max_repetition_count,RuleCaseRepetition.max_repetition_count.v,RuleCaseRepetition.max_repetition_frac,RuleCaseRepetition.max_repetition_frac.v,RuleConfirmationExpressions,RuleDoubleAdpos,RuleDoubleAdpos.max_allowable_distance,RuleDoubleAdpos.max_allowable_distance.v,RuleDoubleComparison,RuleFunctionWordRepetition,RuleGPadjective,RuleGPcoordovs,RuleGPdeverbaddr,RuleGPdeverbsubj,RuleGPpatbenperson,RuleGPpatinstr,RuleGPwordorder,RuleIncompleteConstruction,RuleInfVerbDistance,RuleInfVerbDistance.max_distance,RuleInfVerbDistance.max_distance.v,RuleLiteraryStyle,RuleLongSentences,RuleLongSentences.max_length,RuleLongSentences.max_length.v,RuleMultiPartVerbs,RuleMultiPartVerbs.max_distance,RuleMultiPartVerbs.max_distance.v,RulePassive,RulePredAtClauseBeginning,RulePredAtClauseBeginning.max_order,RulePredAtClauseBeginning.max_order.v,RulePredObjDistance,RulePredObjDistance.max_distance,RulePredObjDistance.max_distance.v,RulePredSubjDistance,RulePredSubjDistance.max_distance,RulePredSubjDistance.max_distance.v,RuleRedundantExpressions,RuleReflexivePassWithAnimSubj,RuleRelativisticExpressions,RuleTooFewVerbs,RuleTooFewVerbs.min_verb_frac,RuleTooFewVerbs.min_verb_frac.v,RuleTooLongExpressions,RuleTooManyNegations,RuleTooManyNegations.max_allowable_negations,RuleTooManyNegations.max_allowable_negations.v,RuleTooManyNegations.max_negation_frac,RuleTooManyNegations.max_negation_frac.v,RuleTooManyNominalConstructions,RuleTooManyNominalConstructions.max_allowable_nouns,RuleTooManyNominalConstructions.max_allowable_nouns.v,RuleTooManyNominalConstructions.max_noun_frac,RuleTooManyNominalConstructions.max_noun_frac.v,RuleVerbalNouns,RuleWeakMeaningWords,RuleWrongValencyCase,RuleWrongVerbonominalCase,activity,ari,atl,char_count,cli,entropy,fkgl,fre,gf,hpoint,maentropy,maentropy.v,mamr,mattr,mattr.v,num_hapax,sent_count,smog,syllab_count,ttr,verb_dist,word_count
corpora_selected_txt/KUK_1.0/data/KUKY/TXT/Duchody.txt,671918e2c6537d54ff0626de,Duchody,TXT,data/KUKY/TXT,KUKY,SourceDB,,,,low,False,Original,,normative,quasiobjective,False,authority,natural person,public,No,,bad,7.0,,,369,1.4878048780487805,0.5927358920503981,0.9988256549232158,0.013310640225834594,,8.0,4.0,0.2672612419124244,,,,,,1.0,,,1.0,,41.0,1.829268292682927,0.7221634164093331,10.0,134,8.805970149253731,0.7423079087979852,28.0,2.107142857142857,0.5825148268207525,,129,2.488372093023256,0.7281561829457761,76.0,1.8289473684210527,0.6822531430032365,72,1.8194444444444444,0.627857734335987,1.0,4.0,,96,0.24736177736329168,0.5738328740620223,4.0,32.0,1.28125,0.5688733555946635,0.10466104564785621,0.5488408164971136,138,3.2318840579710146,0.7006994004907972,0.31346147747358194,0.35798989441519014,117,3.0,,,0.41627906976744183,8.598902420602421,5.586609336609337,9095.0,10.985442260442264,8.078382605334983,10.27559614159614,47.89815930475933,12.489551369551371,15.0,5.980510276967717,0.02433976498689748,0.09073904512753439,0.7220928711576193,0.07694218621437829,265.0,135.0,11.813810549772704,3636.0,0.31388206388206386,10.662921348314606,1628.0
corpora_selected_txt/KUK_1.0/data/KUKY/TXT/Odpadni-vody.txt,671918e2c6537d54ff0626df,Odpadni-vody,TXT,data/KUKY/TXT,KUKY,SourceDB,,,,low,False,Original,,normative,quasiobjective,False,authority,natural person,public,No,,bad,2.0,,,401,1.4613466334164589,0.5139670407263928,0.9988718679491747,0.013061167074222932,,18.0,2.7222222222222223,0.4329225190938045,,,,,,,,2.0,3.0,,16.0,2.125,0.7660621456988098,6.0,88,12.818181818181818,0.7249753964459458,22.0,2.090909090909091,0.7797278469747737,,109,3.146788990825688,0.8571077813866311,71.0,2.1690140845070425,1.0454971816286664,95,2.4,1.3877950775618728,,2.0,,72,0.20028535097919897,0.4974300938526865,1.0,13.0,1.4615384615384615,0.6000923289995463,0.11111661386429189,0.8334938781719388,131,3.572519083969466,0.6458415413622496,0.3701703296354853,0.4104854333014366,90,2.0,,,0.34430379746835443,12.099475524780075,5.623385012919897,8705.0,11.885594315245475,7.9430900677385345,12.787753425950118,40.76022901605552,13.7273292105798,15.0,5.954829967329721,0.028958783515468836,0.10594202898550731,0.7152035886818495,0.08730821769470098,226.0,89.0,12.930781316448392,3413.0,0.2971576227390181,12.42962962962963,1548.0
corpora_selected_txt/KUK_1.0/data/KUKY/TXT/002_Komunalni-odpad.txt,673b7a37c6537d54ff062b8c,002_Komunalni-odpad,TXT,data/KUKY/TXT,KUKY,SourceDB,,,,low,False,Original,,normative,quasiobjective,False,authority,natural person,public,No,,bad,5.0,,,330,1.4424242424242424,0.5424320043395306,0.9990620490620491,0.012076956498727257,,14.0,6.428571428571429,0.920712387797967,,,,,,1.0,1.0,,2.0,,19.0,2.263157894736842,1.0080500453532368,16.0,68,15.485294117647058,0.7039252617615649,14.0,1.8571428571428572,0.5530566364756413,,98,2.520408163265306,0.7541573669860674,64.0,2.34375,0.8369862793057196,79,1.8734177215189873,0.7989268264959469,,2.0,,60,0.17982349350344431,0.4331533641466615,1.0,23.0,1.0434782608695652,0.1998263134713633,0.07865762691343406,0.36245754613262227,111,4.216216216216216,0.9002631954327269,0.36269824671810624,0.34129964983979355,85,1.0,,,0.35964912280701755,14.933347991984128,5.712319339298004,8300.0,12.609428768066065,8.107034314913955,16.365837860815347,23.825004372292625,16.888421521395895,15.0,5.903208832688859,0.03856074454727067,0.10858197932053182,0.6896454948301329,0.12246628035567565,272.0,68.0,15.188113842472408,3444.0,0.34686854783207155,13.5,1453.0
corpora_selected_txt/KUK_1.0/data/KUKY/TXT/006_Chci ZMĚNIT DŮCHOD - V. 21.txt,673b7a37c6537d54ff062b8f,006_Chci ZMĚNIT DŮCHOD - V. 21,TXT,data/KUKY/TXT,KUKY,SourceDB,,,,high,False,Redesign,,normative,quasiobjective,False,authority,natural person,public,No,,good,3.0,,,134,1.208955223880597,0.36676983753764586,1.0,-1.0,,6.0,4.833333333333333,0.6195391636269162,,,,,,,1.0,,,,24.0,1.75,0.6998542122237651,,68,8.647058823529411,0.8845271118828794,10.0,2.0,0.4714045207910317,,68,2.2058823529411766,0.6145262031798915,49.0,1.489795918367347,0.5148996614388542,22,1.6363636363636365,0.582671582316751,,,,50,0.2738223836261141,0.5021292202009383,,17.0,1.4705882352941178,0.42449970553582245,0.15138276755923813,0.43321566588526056,64,2.0625,0.603940495678076,0.2935710340007215,0.36330823435927395,33,1.0,,,0.6976744186046512,7.89729419354839,5.763440860215054,4288.0,11.305107526881722,7.364019513926971,9.204170161290321,51.195937419354834,9.559397849462366,10.666666666666666,5.881512927366518,0.02282593848340329,0.07589147286821707,0.6914883720930233,0.07215878616295311,147.0,75.0,9.856247865180311,1665.0,0.3709677419354839,9.0,744.0
corpora_selected_txt/KUK_1.0/data/KUKY/TXT/004_Nevyplaceni-mzdy.txt,673b7a37c6537d54ff062b8e,004_Nevyplaceni-mzdy,TXT,data/KUKY/TXT,KUKY,SourceDB,,,,low,False,Original,,normative,quasiobjective,False,authority,natural person,public,No,,bad,6.0,1.0,2.0,400,1.4,0.5562796842466196,0.9986011904761906,0.01405982369256588,,13.0,2.6923076923076925,0.1784285142399542,,,,,3.0,,,,,,21.0,2.142857142857143,0.44969125210773475,12.0,91,14.945054945054945,0.7221348947588488,28.0,1.7142857142857142,0.523127662660205,,110,3.081818181818182,1.1378233849171366,52.0,2.1153846153846154,0.9391949648396919,86,2.5,1.2450372070981752,1.0,2.0,,61,0.19638363436739317,0.4017066067825469,5.0,24.0,1.25,0.42528762645695606,0.08936851028085548,0.4121896128670101,131,3.33587786259542,0.6922359581502315,0.3588169065380561,0.38596615828872477,75,,,,0.33080808080808083,14.337505452170284,5.790864061640066,10522.0,12.88470005503577,8.155260752994641,14.196054170925386,35.98072076904933,16.22016486540427,17.0,5.871905984721833,0.04185043322272541,0.09278230500582074,0.684918509895227,0.1327945777291751,305.0,91.0,14.710472776342854,4020.0,0.3082003302146395,13.13076923076923,1817.0
corpora_selected_txt/KUK_1.0/data/KUKY/TXT/008_Policie.txt,673b7a37c6537d54ff062b90,008_Policie,TXT,data/KUKY/TXT,KUKY,SourceDB,,,,medium,False,Original,,normative,quasiobjective,False,authority,natural person,public,No,,bad,1.0,,1.0,340,1.3647058823529412,0.45858690315409995,1.0,-1.0,,4.0,7.25,0.7913523897957934,,,,,5.0,,,,,,22.0,1.9090909090909092,0.5807999502638935,12.0,88,11.988636363636363,0.8919901397463023,10.0,2.3,0.6165810836574681,,81,2.2839506172839505,0.5098253041578837,40.0,1.875,0.7365121468449399,63,2.0634920634920637,0.6208119848385525,,,,57,0.21544974694007785,0.5765187660397457,8.0,26.0,1.1923076923076923,0.3370929155513066,0.10116192568115645,0.5140769148507252,102,3.7745098039215685,0.719936083535992,0.3692435564048698,0.39114746041042237,103,,,,0.3560371517027864,11.783597334100499,5.749648382559775,8176.0,12.3534458509142,8.089095099100172,12.864052870476918,37.9349606188467,14.339867024677154,15.0,6.04149814345042,0.025114945022238145,0.07191232048374907,0.7478231292517007,0.06319712077191629,255.0,88.0,13.319297830178854,3247.0,0.3368495077355837,14.324561403508772,1422.0
corpora_selected_txt/KUK_1.0/data/KUKY/TXT/005_Ochrana-spotrebitele.txt,673b7a37c6537d54ff062b93,005_Ochrana-spotrebitele,TXT,data/KUKY/TXT,KUKY,SourceDB,,,,low,False,Original,,normative,quasiobjective,False,authority,natural person,public,No,,bad,10.0,,,747,1.3413654618473896,0.48208899710475467,1.0,-1.0,,30.0,4.233333333333333,0.9643992938938883,,,,2.0,1.0,1.0,1.0,,4.0,,72.0,1.7638888888888888,0.7641367302111398,22.0,235,12.85531914893617,1.1787507898151603,55.0,1.8545454545454545,0.5998905829101268,1.0,247,2.5587044534412957,0.8154297167618981,174.0,2.0172413793103448,0.9421956989247475,167,1.9520958083832336,0.7327222648260197,,4.0,,161,0.22719932040594107,0.5214066858369812,14.0,57.0,1.368421052631579,0.4908288227280724,0.1095824396154362,0.6693773330376586,273,3.1758241758241756,0.8294868984768806,0.34004083736169416,0.36725641838977446,188,1.0,,,0.3612565445026178,13.15128959673303,5.90684022460439,23143.0,13.21972945380296,9.058242611261514,13.741494078611534,34.3044038591118,15.336951505870344,23.0,5.9995467246613305,0.028110845157022207,0.08681068342498033,0.733770620581304,0.08269552164108825,641.0,225.0,14.034977192291013,9043.0,0.29683511995916284,13.645348837209303,3918.0
corpora_selected_txt/KUK_1.0/data/KUKY/TXT/016_Obcane-EU.txt,673b7a37c6537d54ff062b98,016_Obcane-EU,TXT,data/KUKY/TXT,KUKY,SourceDB,,,,low,False,Original,,normative,quasiobjective,False,authority,natural person,public,No,,bad,,,,61,1.4426229508196722,0.4823235628535544,1.0,-1.0,,1.0,5.0,,,,,,,,,,,,4.0,1.5,0.6666666666666666,,22,10.272727272727273,0.8000154763204737,1.0,4.0,,,24,2.7083333333333335,0.4805450982568738,12.0,1.5,0.778498944161523,14,2.0,0.4803844614152614,,,,20,0.2186940836940837,0.5239062911460629,,2.0,1.5,0.47140452079103173,0.14545454545454545,0.5303300858899107,28,2.4642857142857144,0.6196895877029018,0.31157057228485796,0.5501950918502271,6,,,,0.44285714285714284,9.628691919191919,5.619528619528619,1669.0,11.39326599326599,7.1694267187026295,10.707299663299658,47.65074410774412,11.325925925925926,6.0,6.107314903286115,0.011117075542314458,0.09045454545454534,0.7702525252525253,0.03457103105428513,114.0,22.0,11.20814326018867,653.0,0.5959595959595959,9.633333333333333,297.0
corpora_selected_txt/KUK_1.0/data/KUKY/TXT/019_Dětský domov (rodiče) - V. 20.txt,673b7a37c6537d54ff062b99,019_Dětský domov (rodiče) - V. 20,TXT,data/KUKY/TXT,KUKY,SourceDB,,,,high,False,Redesign,,normative,quasiobjective,False,authority,natural person,public,No,,good,,1.0,,222,1.2657657657657657,0.429509730078501,1.0,-1.0,,2.0,2.0,-1.0,,,,,,,,,,,32.0,1.71875,0.5575587570190778,5.0,87,8.137931034482758,0.7279829304299112,15.0,2.2666666666666666,0.38987430956847213,,94,2.1808510638297873,0.5377880330367577,80.0,1.6125,0.620105973920121,47,1.6382978723404256,0.5752146021222432,,,,69,0.2729737366214348,0.3849839018243967,,24.0,1.375,0.5170468118819868,0.13964586271571566,0.5360839729138538,112,2.044642857142857,0.606646181827689,0.3609568754658041,0.5079396873541853,47,,,,0.672566371681416,6.8730409845582265,5.4287317620650954,4837.0,9.822446689113358,7.385411308036212,9.45357896977437,50.098327373350344,10.740771701691243,12.0,5.810390152153724,0.0249169650637929,0.1287247474747475,0.6638762626262626,0.07772744802624183,194.0,87.0,10.580127515348655,2002.0,0.3569023569023569,10.397350993377483,891.0
corpora_selected_txt/KUK_1.0/data/KUKY/TXT/007_DŮCHODOVÉ pojištění - příspěvkové doby - I. 23.txt,673b7a37c6537d54ff062b97,007_DŮCHODOVÉ pojištění - příspěvkové doby - I. 23,TXT,data/KUKY/TXT,KUKY,SourceDB,,,,high,False,Redesign,,normative,quasiobjective,False,authority,natural person,public,No,,good,4.0,1.0,,270,1.374074074074074,0.5082896653578646,0.9994708994708994,0.008698611289123862,,6.0,2.8333333333333335,0.4126041862764749,,,,,,1.0,,,1.0,,16.0,1.6875,0.5174592354540142,,93,10.688172043010752,0.9112949197446892,17.0,1.8823529411764706,0.5597807536772768,,111,2.5675675675675675,0.8655236572207392,58.0,1.7758620689655173,0.8506853746595672,46,2.1956521739130435,0.6194324720908083,,18.0,,71,0.2081958050181651,0.36879984749106914,,14.0,1.1428571428571428,0.3177444546511213,0.10264781167036806,0.5349302363881198,135,2.2074074074074073,0.755003505362077,0.3010301719179715,0.43089269739682257,75,1.0,,,0.5067114093959731,10.815732291524498,6.085073472544471,7868.0,13.443696829079661,7.514674368908034,11.876395796369593,38.15260938992765,12.618925435603478,15.0,5.7905742734689865,0.03176202489169317,0.08946398659966492,0.652747068676717,0.1022784386216421,197.0,102.0,11.964775612504784,3069.0,0.288476411446249,14.04,1293.0
corpora_selected_txt/KUK_1.0/data/KUKY/TXT/024_Opatrovnictvi.txt,673b7a37c6537d54ff062ba3,024_Opatrovnictvi,TXT,data/KUKY/TXT,KUKY,SourceDB,,,,low,False,Original,,normative,quasiobjective,False,authority,natural person,public,No,,bad,7.0,,,633,1.3238546603475514,0.47755813241077705,1.0,-1.0,,18.0,3.1666666666666665,0.6521420315123948,,,,,,,,1.0,6.0,,64.0,1.84375,0.5569732439245754,27.0,170,12.158823529411764,0.6690193175875823,48.0,1.9375,0.5039749452658862,,224,2.4910714285714284,0.6926910681142777,123.0,1.7073170731707317,0.6171872002457653,195,1.876923076923077,0.6658969860856752,,,2.0,143,0.2255656674266304,0.3260704292050866,12.0,41.0,1.170731707317073,0.37730771408905905,0.08208514191712042,0.45786239788627725,269,2.869888475836431,0.6664682174155916,0.3428405486512919,0.38404259005577907,133,1.0,,,0.49025487256371814,10.977582105499941,5.663479923518165,14810.0,11.859082217973233,8.166560826650063,13.25959025981329,33.79084928579465,15.131908671690475,20.0,5.923565908256251,0.02447385950026171,0.10118044515103342,0.7098449920508744,0.06810921872026884,369.0,170.0,13.74457729386063,6200.0,0.2638623326959847,9.260736196319018,2615.0
corpora_selected_txt/KUK_1.0/data/KUKY/TXT/047_Davky-pro-osoby-se-zdravotnim-postizenim.txt,673b7a37c6537d54ff062ba9,047_Davky-pro-osoby-se-zdravotnim-postizenim,TXT,data/KUKY/TXT,KUKY,SourceDB,,,,low,False,Original,,normative,quasiobjective,False,authority,natural person,public,No,,bad,2.0,,,361,1.481994459833795,0.5556679926205238,0.9990766389658357,0.012399589744977882,1.0,3.0,5.666666666666667,0.9719242142269592,,,,,,,1.0,1.0,8.0,,7.0,2.857142857142857,1.150724409520658,29.0,76,14.118421052631579,1.7043069798570218,15.0,2.066666666666667,0.5916770741471686,,100,3.5,1.6256549668750437,56.0,3.9642857142857144,2.6713043763304483,68,1.8823529411764706,1.0201445793055843,,2.0,,52,0.1798276480518925,0.552964102954304,3.0,15.0,1.3333333333333333,0.36596252735569995,0.11163042409946435,0.7007423313127816,122,3.7950819672131146,0.98588690087768,0.3597753843464014,0.39400107695002895,30,,,,0.25872093023255816,12.577440000000003,5.435897435897436,7844.0,11.162231462231459,7.622965471431159,13.928452806652803,36.44430627858631,15.180407484407485,15.0,5.623477956489608,0.05436024582264959,0.08965773809523803,0.5935639880952381,0.18039370071291738,204.0,75.0,13.968273953766033,3210.0,0.2778932778932779,19.09090909090909,1443.0
corpora_selected_txt/KUK_1.0/data/KUKY/TXT/042_BYDLENÍ - X. 23.txt,673b7a38c6537d54ff062baf,042_BYDLENÍ - X. 23,TXT,data/KUKY/TXT,KUKY,SourceDB,,,,high,False,Redesign,,normative,quasiobjective,False,authority,natural person,public,No,,good,,,,250,1.328,0.4453703499904047,1.0,-1.0,,8.0,2.875,0.3916492613772533,,,,,,,,1.0,,,55.0,1.6,0.5459234446398207,,129,7.906976744186046,0.7830462913373399,19.0,1.4736842105263157,0.4727554678967805,,127,2.141732283464567,0.5603077340393389,94.0,1.4787234042553192,0.49315952471962615,51,1.8431372549019607,0.6721754443420703,,1.0,,93,0.2736499739104505,0.4702487322244297,,23.0,1.3478260869565217,0.48024053507161657,0.1265412833827156,0.52482020250436,133,2.2481203007518795,0.6647618498920541,0.31734406477853716,0.4110763938747675,46,,,,0.6479289940828402,7.897110798650168,5.909448818897638,7505.0,11.721653543307086,7.861519652069796,9.473869628796397,47.77435883014627,9.770303712035997,15.0,6.008543980689837,0.023199129003821217,0.09906917164816398,0.7327583262169086,0.07003118808691164,231.0,140.0,9.871247098662264,2941.0,0.33779527559055117,8.582568807339449,1270.0
corpora_selected_txt/KUK_1.0/data/KUKY/TXT/017_Domaci-nasili.txt,673b7a38c6537d54ff062bb4,017_Domaci-nasili,TXT,data/KUKY/TXT,KUKY,SourceDB,,,,low,False,Original,,normative,quasiobjective,False,authority,natural person,public,No,,bad,6.0,,,687,1.4439592430858808,0.49154707718537266,0.9993068552020516,0.010507432405360223,,14.0,5.642857142857143,0.5411356816136523,,,2.0,,1.0,2.0,,1.0,2.0,,25.0,1.84,0.6596790382620696,9.0,180,17.32777777777778,1.4239390025386995,38.0,2.4210526315789473,1.4231716928025955,,149,4.1879194630872485,1.64062021260842,82.0,6.109756097560975,2.240775178344459,127,5.196850393700787,2.1943809863345756,,,,97,0.17963769281028705,0.5186112162288687,6.0,30.0,1.4333333333333333,0.5078595640427486,0.11872651027449789,0.6087975438832717,187,4.010695187165775,1.4926425885831107,0.34523019806053806,0.41195859886511715,205,3.0,,,0.22057001239157373,14.192551439968867,5.366024518388792,21448.0,11.03234926194646,9.101351682114064,12.937761543379757,48.72976795374309,15.447145914991802,24.6,5.904478037794293,0.05785645726734403,0.05303488968701897,0.7009979476654695,0.1652203297112192,730.0,180.0,14.034977192291013,7783.0,0.3142356767575682,27.54237288135593,3997.0
corpora_selected_txt/KUK_1.0/data/KUKY/TXT/043_Plisen-a-zavady-v-byte.txt,673b7a38c6537d54ff062bb3,043_Plisen-a-zavady-v-byte,TXT,data/KUKY/TXT,KUKY,SourceDB,,,,low,False,Original,,normative,quasiobjective,False,authority,natural person,public,No,,bad,5.0,,1.0,237,1.2953586497890295,0.412327033850911,1.0,-1.0,,5.0,4.0,0.39528470752104744,,,,,1.0,,,,1.0,,29.0,1.8620689655172413,1.0322546568850093,6.0,66,11.681818181818182,0.5852608927451015,11.0,1.6363636363636365,0.5649210586171627,,77,2.324675324675325,0.5815079082913492,51.0,2.019607843137255,0.6895883521280693,57,2.192982456140351,0.6917654433197922,,,,46,0.22468502235726157,0.3659585882332691,2.0,22.0,1.1363636363636365,0.3091000762582518,0.09601054768167067,0.40970069084437866,86,3.186046511627907,0.6985403030168256,0.34512916878682953,0.3643986100692399,42,3.0,,,0.5,8.945405127484943,5.224510813594232,5073.0,9.711225540679711,7.570452407811458,10.322793246574914,52.53318194301406,11.15776300596074,13.0,5.805961743122434,0.035495204613324005,0.1114793577981652,0.6619610091743119,0.08899078158767525,170.0,66.0,11.084791844665222,2027.0,0.345005149330587,9.324561403508772,971.0
corpora_selected_txt/KUK_1.0/data/KUKY/TXT/040_Hluk - VI. 20.txt,673b7a38c6537d54ff062bb0,040_Hluk - VI. 20,TXT,data/KUKY/TXT,KUKY,SourceDB,,,,high,False,Redesign,,normative,quasiobjective,False,authority,natural person,public,No,,good,5.0,,,336,1.3095238095238095,0.45285002667922786,0.9995039682539681,0.009096924456488019,,3.0,3.3333333333333335,0.692820323027551,,2.0,,,,,,1.0,4.0,,54.0,1.8888888888888888,0.894587761216735,1.0,125,8.464,0.7995632081792476,22.0,1.5909090909090908,0.5005730438267979,,122,2.5081967213114753,0.6804876227083739,108.0,1.787037037037037,0.9182217644397205,81,2.3209876543209877,1.0659257942172746,,3.0,,93,0.26901436646085836,0.4360553148891515,,22.0,1.0454545454545454,0.20393111999232302,0.10490026711881482,0.39534554578597864,147,2.503401360544218,0.929634476131487,0.3379940260042301,0.39157568931018744,72,1.0,,,0.587012987012987,7.144372604364815,5.242744063324539,7948.0,9.307255936675462,7.651986563745017,9.062376485447217,55.5839259168354,11.297081262400033,13.0,5.3860293609773535,0.3095066209976408,0.08537050105857447,0.6591672547635851,0.3219015890341956,282.0,129.0,11.081900442845333,3211.0,0.3153034300791557,11.346666666666666,1516.0
corpora_selected_txt/KUK_1.0/data/KUKY/TXT/035_Hluk.txt,673b7a38c6537d54ff062bb7,035_Hluk,TXT,data/KUKY/TXT,KUKY,SourceDB,,,,low,False,Original,,normative,quasiobjective,False,authority,natural person,public,No,,bad,10.0,,,575,1.3808695652173912,0.5487545355946335,0.9987784679089027,0.01314807100980178,,9.0,5.444444444444445,1.094789065851898,,,1.0,,2.0,1.0,,,5.0,,52.0,1.8653846153846154,0.9377544022023634,15.0,130,14.253846153846155,0.777131739249929,41.0,1.8048780487804879,0.7140584528374851,1.0,188,2.8138297872340425,0.818734592724932,112.0,1.9107142857142858,1.2259975608041067,115,2.0782608695652174,0.8239728044088227,,2.0,,102,0.19918508291975953,0.4886737414934938,7.0,33.0,1.2424242424242424,0.5335278744933503,0.0866370636951836,0.4632819735046815,203,3.477832512315271,0.7296186320339044,0.33249278037935204,0.3231314713008058,122,2.0,,,0.40549273021001614,12.469704072950229,5.462383082553884,13432.0,11.261203741358278,8.562626851508186,13.844614070760471,36.40862332405294,14.886202646479184,15.666666666666666,6.127998390111342,0.019452958369272404,0.0785805084745762,0.775228813559322,0.06049358276550975,391.0,130.0,13.757784519515319,5493.0,0.3013420089467263,11.8,2459.0
corpora_selected_txt/KUK_1.0/data/KUKY/TXT/033_Davky-pomoci-v-hmotne-nouzi.txt,673b7a38c6537d54ff062bb9,033_Davky-pomoci-v-hmotne-nouzi,TXT,data/KUKY/TXT,KUKY,SourceDB,,,,low,False,Original,,normative,quasiobjective,False,authority,natural person,public,No,,bad,12.0,3.0,1.0,786,1.3931297709923665,0.5095178644189037,0.9997879558948262,0.005946063952863705,,17.0,4.9411764705882355,0.6991324191137058,,,,1.0,,,,,2.0,,57.0,1.9298245614035088,0.7448881281740816,11.0,167,14.766467065868264,1.332041224791722,58.0,1.7241379310344827,0.49541051558012816,,261,2.7203065134099615,0.8365886103412544,188.0,2.5691489361702127,3.3930362427340777,136,2.0220588235294117,0.8394158914826334,,4.0,,115,0.20731303972889017,0.42107838105399553,6.0,59.0,1.3728813559322033,0.466563267751955,0.11342761031075949,0.6226983054376426,300,3.2066666666666666,0.7043233532053083,0.35916143225733266,0.40357261212925893,137,1.0,,,0.42985842985842987,12.729003962636455,5.3577650946230095,17836.0,10.846770802042654,8.433594455544386,14.10704919389218,36.52522185367923,14.846587509870616,22.0,5.895426987261116,0.03300860923301486,0.08934984520123834,0.6958235294117647,0.09734314509646393,432.0,167.0,13.701770916064739,7339.0,0.2514268549113848,11.936936936936936,3329.0
corpora_selected_txt/KUK_1.0/data/KUKY/TXT/050_Oddluzeni.txt,673b7a38c6537d54ff062bbb,050_Oddluzeni,TXT,data/KUKY/TXT,KUKY,SourceDB,,,,low,False,Original,,normative,quasiobjective,False,authority,natural person,public,No,,bad,13.0,,,556,1.4406474820143884,0.5026586316466979,0.9991007194244604,0.012231473636500281,,13.0,2.769230769230769,0.57388736509783,,,,,,,,1.0,5.0,,33.0,2.090909090909091,0.80530201921702,24.0,115,14.365217391304348,0.8317471960463106,21.0,2.619047619047619,1.0489664334536148,,181,3.0662983425414363,0.9449546071001242,112.0,2.1607142857142856,1.2510661692761724,139,2.035971223021583,0.9262964736830158,,3.0,,91,0.2002144457790807,0.5203151288188087,1.0,39.0,1.358974358974359,0.429971721802615,0.1107488768497342,0.6217635207602339,210,3.276190476190476,0.713488772678778,0.3613102614287159,0.3826359436827491,190,8.0,,,0.43413729128014844,13.380237580624332,5.7122366651725685,12744.0,12.434827431645003,8.305961358979301,14.82390955640474,29.725231058505358,16.885885329220766,19.0,5.957805371908574,0.029845442163236747,0.09292213883677303,0.7133208255159474,0.08834827560006905,366.0,118.0,15.12148614387182,5224.0,0.2971761541909458,11.412017167381974,2231.0
corpora_selected_txt/KUK_1.0/data/KUKY/TXT/058_DĚTI mezi rodiči - IV. 21.txt,673b7a38c6537d54ff062bd5,058_DĚTI mezi rodiči - IV. 21,TXT,data/KUKY/TXT,KUKY,SourceDB,,,,high,False,Redesign,,normative,quasiobjective,False,authority,natural person,public,No,,good,1.0,1.0,,320,1.190625,0.3743500880080249,1.0,-1.0,,7.0,4.428571428571429,0.4674637660061109,,,,,,,1.0,,1.0,,68.0,2.1176470588235294,0.6553946172294581,3.0,147,9.748299319727892,0.9690102603352497,28.0,1.8571428571428572,0.4796996649710181,,151,2.403973509933775,0.7428498484488961,103.0,1.4368932038834952,0.66574646635725,107,1.7757009345794392,0.786248958579933,,1.0,,95,0.2565373873574905,0.4117491166572526,,30.0,1.3,0.4584334102064904,0.11254877589809388,0.49393767512789827,192,2.03125,0.5829554406275864,0.333890921000296,0.4419721162104061,50,2.0,,,0.699228791773779,7.642305599297437,5.433256616800921,9443.0,10.135040276179518,7.715448612994808,7.666397643994912,64.4945258918297,9.821095027557387,18.0,5.849916367793732,0.02195124016820388,0.0836851738865162,0.6791275167785235,0.06770507945373315,307.0,152.0,10.125756701596842,3447.0,0.29344073647871116,9.918819188191883,1738.0
corpora_selected_txt/KUK_1.0/data/KUKY/TXT/ockovani-1_kusv.txt,66082017c6537d54ff05e159,ockovani-1_kusv,TXT,data/KUKY/TXT,KUKY,SourceDB,,,,high,False,Redesign,66082017c6537d54ff05e15f,individual,quasiobjective,False,authority,combined,public,On-site anonymization,,good,1.0,,1.0,271,1.4575645756457565,0.45978273929335156,0.9994728518713758,0.008682530397233297,,3.0,7.333333333333333,0.7872958216222169,,,,1.0,,1.0,,,2.0,,6.0,1.5,0.3651483716701107,,44,16.386363636363637,0.6554550687116067,11.0,2.4545454545454546,0.6406443943833972,2.0,71,4.605633802816901,0.8865212327477782,40.0,1.525,0.6802886186685354,69,2.550724637681159,0.989378006442917,,1.0,,43,0.15912836458399213,0.39068685833483396,6.0,16.0,1.125,0.3036133560284326,0.07612046214019898,0.41606763707090144,86,3.604651162790698,0.7698416585409443,0.3400663024185471,0.3204735490113083,82,1.0,,,0.3146067415730337,16.263197736116027,5.7315175097276265,5892.0,12.81400778210117,7.611557450305279,17.362565617262113,20.76812062256809,18.917438981252214,13.0,5.970141961276691,0.02496463688226041,0.07234660925726588,0.7099354144241119,0.07586551075802893,169.0,44.0,16.63694756758422,2432.0,0.3219844357976654,13.602409638554217,1028.0
corpora_selected_txt/KUK_1.0/data/KUKY/TXT/stavarska-1_kusv.txt,66082017c6537d54ff05e15a,stavarska-1_kusv,TXT,data/KUKY/TXT,KUKY,SourceDB,,,,high,False,Redesign,66082017c6537d54ff05e160,individual,quasiobjective,False,authority,combined,public,On-site anonymization,,good,4.0,,,416,1.5072115384615385,0.5149356422362164,0.9992559523809524,0.010757690762501942,2.0,8.0,2.25,0.20573779994945585,,,,,,,,,,,12.0,2.0833333333333335,0.8047133877124428,5.0,95,14.68421052631579,0.7254324449004064,31.0,1.5806451612903225,0.4554572909554666,,136,3.9191176470588234,0.8110909548408962,73.0,1.7945205479452055,0.7933036729923482,124,2.120967741935484,1.174433502348182,2.0,,1.0,74,0.18095041219944893,0.39812568698300616,7.0,30.0,1.7333333333333334,0.5448652935587588,0.11975312101961046,0.6949501211405227,180,2.8333333333333335,0.6853741178856931,0.3098456694725856,0.41250139289835075,87,1.0,,,0.3644067796610169,12.840503157894737,5.376842105263158,10216.0,10.941157894736845,7.875362091824498,13.277629999999995,42.29520000000002,14.505263157894738,17.0,5.885783838395761,0.03353028265677152,0.10746252082176566,0.6846418656302055,0.10140395892831956,242.0,95.0,13.432068519596157,4009.0,0.2615789473684211,13.654970760233919,1900.0
corpora_selected_txt/KUK_1.0/data/KUKY/TXT/zaloba-2_kusv.txt,66082017c6537d54ff05e15d,zaloba-2_kusv,TXT,data/KUKY/TXT,KUKY,SourceDB,,,,high,False,Redesign,66082017c6537d54ff05e15e,individual,persuasive,False,authority,combined,public,On-site anonymization,,good,,1.0,1.0,203,1.3251231527093597,0.47056399805530874,0.9991789819376027,0.011707318692502055,,4.0,4.5,0.6909169668954678,,,,1.0,1.0,,,2.0,1.0,,4.0,2.75,0.6210273191490665,2.0,41,17.121951219512194,0.6584702942302699,16.0,2.6875,0.715332103311296,,51,5.078431372549019,0.8426723851573561,54.0,2.2222222222222223,0.8638985789529813,56,2.0892857142857144,0.9409250348658799,,,,38,0.15038171555847846,0.4727512229605937,2.0,14.0,1.1428571428571428,0.3177444546511212,0.12734388627245768,0.5378516967767258,74,3.310810810810811,0.6687372825685498,0.33023309369510395,0.3936796162842516,30,3.0,,,0.42328042328042326,12.909666913032765,5.097643097643098,4542.0,9.74287317620651,7.644917908219302,12.814727984451562,48.68212184172347,14.977755878568889,11.0,5.836115342863285,0.03306554222245853,0.09607323232323228,0.6637247474747475,0.11280975714743872,173.0,41.0,13.685528858468306,1747.0,0.36363636363636365,13.10126582278481,891.0
corpora_selected_txt/KUK_1.0/data/KUKY/TXT/zaloba-1_orig.txt,66082017c6537d54ff05e15e,zaloba-1_orig,TXT,data/KUKY/TXT,KUKY,SourceDB,,,,medium,False,Original,,individual,persuasive,False,authority,combined,public,On-site anonymization,,bad,,,1.0,188,1.372340425531915,0.5109289888987637,0.999113475177305,0.012166201597872303,,4.0,4.5,0.6909169668954678,,,,,2.0,,,1.0,1.0,,1.0,1.0,,2.0,32,21.9375,0.6348001055765584,25.0,2.24,0.9838324211943804,4.0,52,4.615384615384615,0.7948157183547587,30.0,2.1666666666666665,1.1180111761525644,48,2.7291666666666665,1.0520713432623063,,,,27,0.13800230853159248,0.4113541851126119,5.0,12.0,1.0833333333333333,0.2664693550105965,0.07954725693696282,0.4893322614504374,72,3.611111111111111,0.663111335337881,0.3397407801707884,0.3660950009413647,39,,,,0.3176470588235294,17.489284344059406,5.198019801980198,4725.0,10.523872387238727,7.791926379782086,16.995905665566553,32.685580583058325,18.007164466446646,11.0,5.978823603233351,0.025836147830918327,0.09391358024691354,0.7207901234567902,0.08355144156573957,221.0,32.0,15.5387182077653,1853.0,0.40594059405940597,16.433962264150942,909.0
corpora_selected_txt/KUK_1.0/data/KUKY/TXT/ockovani-3_orig.txt,66082017c6537d54ff05e15f,ockovani-3_orig,TXT,data/KUKY/TXT,KUKY,SourceDB,,,,low,False,Original,,individual,quasiobjective,False,authority,combined,public,Anonymized by source,,bad,1.0,,1.0,265,1.441509433962264,0.4545468562692229,0.9994609164420484,0.00878037788354893,,3.0,7.333333333333333,0.7872958216222169,,,,1.0,,1.0,,,1.0,,7.0,1.2857142857142858,0.37951669503554064,,28,24.678571428571427,0.5560392502261637,11.0,2.272727272727273,0.6842221861354687,2.0,64,3.96875,0.9575947674968689,32.0,2.0,0.7295601856708801,58,3.2758620689655173,1.2194356791621068,,1.0,,27,0.14557907977578455,0.28937654412906594,6.0,15.0,1.3333333333333333,0.7849021777084254,0.07798805082086815,0.7290940597469654,80,3.8375,0.8044575078560077,0.3465951492958661,0.3255749201489853,79,1.0,,,0.3114754098360656,23.6481062655359,5.761514841351075,5629.0,13.359467758444216,7.674612954784239,23.382567188185405,1.3223721304284197,23.78314081005995,13.0,6.046049587070026,0.021061747687464962,0.060797266514806436,0.7370728929384965,0.061166545538704806,182.0,28.0,19.854308518879517,2314.0,0.34800409416581374,13.853333333333333,977.0
corpora_selected_txt/KUK_1.0/data/KUKY/TXT/stavarska-2_orig.txt,66082017c6537d54ff05e160,stavarska-2_orig,TXT,data/KUKY/TXT,KUKY,SourceDB,,,,low,False,Original,,individual,quasiobjective,False,authority,combined,public,Anonymized by source,,bad,4.0,,,484,1.5950413223140496,0.5960879417243763,0.9978936352903295,0.017699566139814035,3.0,9.0,2.2222222222222223,0.19843134832984427,,,,,,,,,1.0,,10.0,2.6,0.8733018649193026,6.0,69,20.420289855072465,0.9589461741483848,32.0,1.625,0.4351426345763369,,138,3.601449275362319,0.8303182577045044,69.0,2.289855072463768,1.0134409205330699,117,2.8290598290598292,1.4345365665980965,2.0,,1.0,64,0.17316835029945232,0.39547014392401214,6.0,31.0,1.7096774193548387,0.5485560405996954,0.11946065279031337,0.6848139135750994,193,3.227979274611399,0.7588204517408969,0.33777724686384797,0.39613668211602715,99,1.0,,,0.33805668016194335,18.426943146074024,5.42393509127789,10696.0,11.591784989858008,7.957010288592587,18.031224123232498,25.96092139224507,18.389287709086634,18.0,5.939156056525735,0.032097089394918586,0.09812066203950887,0.7068820074746396,0.09478008579266643,250.0,69.0,15.866108846186222,4224.0,0.2667342799188641,14.144578313253012,1972.0
corpora_selected_txt/KUK_1.0/data/KUKY/TXT/Dopis vysvětlující dopis klientovi rev.txt,6611a64cc6537d54ff05e661,Dopis vysvětlující dopis klientovi rev,TXT,data/KUKY/TXT,KUKY,SourceDB,,,,high,False,Redesign,6611a64cc6537d54ff05e662,individual,quasiobjective,False,authority,natural person,individual,Anonymized by source,,good,,1.0,,30,1.4333333333333333,0.5398983926006978,1.0,-1.0,,,,,,,,,,,,,,,1.0,2.0,,1.0,11,10.090909090909092,0.8507004518785645,3.0,1.0,-1.0,,12,2.3333333333333335,0.5874380715791502,6.0,1.5,0.36514837167011077,8,1.625,0.5637694654233256,,,,10,0.26877976190476194,0.527138661193905,,4.0,1.5,0.6666666666666666,0.09560921534605746,0.4887572258839538,15,2.3333333333333335,0.8520255406182898,0.32376623376623376,0.3155540972514609,2,,,,0.48717948717948717,10.171505117399157,5.728476821192053,865.0,11.940397350993377,6.106722395804406,12.277287778446716,37.38644370860928,13.967730282962073,5.0,5.733030428673464,0.016562028541092816,0.17903846153846148,0.6213461538461539,0.05483568987491117,51.0,11.0,12.872792785125622,356.0,0.5562913907284768,9.11111111111111,151.0
corpora_selected_txt/KUK_1.0/data/KUKY/TXT/Dopis vysvětlující dopis klientovi.txt,6611a64cc6537d54ff05e662,Dopis vysvětlující dopis klientovi,TXT,data/KUKY/TXT,KUKY,SourceDB,,,,medium,False,Original,,individual,quasiobjective,False,authority,natural person,individual,On-site anonymization,,bad,,,,88,1.5340909090909092,0.6088406809312199,0.9981060606060606,0.01780043931621795,,,,,,,,1.0,,,,,,,3.0,1.0,-1.0,1.0,19,14.736842105263158,0.6239094794509481,9.0,1.7777777777777777,0.8794529549668931,,26,3.3461538461538463,0.7268513294111248,16.0,2.1875,0.8708741405665248,25,2.32,0.8132742355221211,,,,17,0.21549147090753978,0.7213365899198405,,6.0,1.0,-1.0,0.08303571428571428,0.4030624918176115,34,3.264705882352941,0.7361740770239069,0.3267968252886756,0.3704962730107857,22,3.0,,,0.37894736842105264,14.488491137169348,5.772020725388601,2228.0,12.820725388601035,7.084838811171554,16.033625034087805,24.12161139896375,17.556367602945187,7.0,5.937234880415368,0.028470351302340782,0.11930313588850172,0.6998954703832753,0.08544757150446568,119.0,19.0,15.631368783578527,924.0,0.49222797927461137,12.485714285714286,386.0
corpora_selected_txt/KUK_1.0/data/KUKY/TXT/Dopis ID_dluh_jinak.txt,6611a64cc6537d54ff05e663,Dopis ID_dluh_jinak,TXT,data/KUKY/TXT,KUKY,SourceDB,,,,high,False,Redesign,6611a64cc6537d54ff05e668,individual,quasiobjective,False,authority,natural person,individual,Anonymized by source,,good,3.0,1.0,,138,1.3840579710144927,0.4645858180105738,1.0,-1.0,,4.0,4.0,0.45643546458763845,,,,,,,,1.0,,,6.0,1.5,0.5577733510227171,,41,14.390243902439025,0.7665954798354264,15.0,1.6666666666666667,0.5855400437691199,,41,2.5853658536585367,0.586444263619743,23.0,1.826086956521739,0.6320235129188568,20,2.2,0.5824757050156248,,3.0,,28,0.17309832693820187,0.6777262444488288,,3.0,1.3333333333333333,0.4330127018922193,0.1986111111111111,0.6818450774684485,49,3.2448979591836733,0.6180532083382652,0.288415619753527,0.492242289013948,29,2.0,,,0.47580645161290325,9.146373722263775,4.680628272251309,3576.0,7.526701570680627,7.440767711126036,8.797759660932435,69.41465993517826,12.250012465719273,12.0,5.6713968157669425,0.0662503914402682,0.05434586466165414,0.6412481203007518,0.15362063660256317,171.0,42.0,11.720859133029744,1316.0,0.38612565445026176,15.568965517241379,764.0
corpora_selected_txt/KUK_1.0/data/KUKY/TXT/Rozhodnutí odboj.txt,6611a64cc6537d54ff05e664,Rozhodnutí odboj,TXT,data/KUKY/TXT,KUKY,SourceDB,,,,medium,,Original,,individual,quasiobjective,True,authority,natural person,individual,On-site anonymization,,bad,2.0,,,89,1.5056179775280898,0.5495564047904582,1.0,-1.0,,,,,,,,,,,,,1.0,,,,,,13,24.076923076923077,1.2059592018748708,5.0,1.4,0.6388765649999399,,18,5.277777777777778,1.1820227468863507,11.0,5.909090909090909,1.8668455817328609,17,4.647058823529412,1.2523171920976959,,1.0,,11,0.13571684987126165,0.7095171626148138,1.0,2.0,1.0,-1.0,0.15476190476190477,0.1087856586440843,25,4.88,0.833053343629051,0.28923888941923,0.43766760919167114,21,,,,0.2,19.11373787823551,4.943127962085308,2086.0,9.451658767772509,6.861322190047334,18.341798578199047,31.098881152023324,19.2405395552315,8.0,5.655755086606378,0.039933199178173444,0.06965944272445823,0.6001857585139319,0.11955038686484588,94.0,13.0,16.001076179640435,825.0,0.4052132701421801,30.4375,422.0
corpora_selected_txt/KUK_1.0/data/KUKY/TXT/Dopis_studentské_brigády_jinak.txt,6611a64cc6537d54ff05e665,Dopis_studentské_brigády_jinak,TXT,data/KUKY/TXT,KUKY,SourceDB,,,,high,False,Redesign,6611a64cc6537d54ff05e667,individual,quasiobjective,False,authority,natural person,individual,Anonymized by source,,good,,,,61,1.2459016393442623,0.5609956029078965,1.0,-1.0,,2.0,3.5,0.6060915267313264,,,,,,,,,1.0,,2.0,2.0,0.7071067811865476,,19,11.578947368421053,0.7267532867220132,3.0,1.6666666666666667,0.692820323027551,,23,3.5217391304347827,0.7001010423969799,15.0,2.1333333333333333,0.6831232436913771,16,2.25,0.7698003589195009,,,,18,0.16523484231817565,0.4809426134851694,,2.0,2.0,-1.0,0.29166666666666663,0.2020305089104422,28,2.9642857142857144,0.8287895673214379,0.3021080583637891,0.2929678615296286,13,,,,0.6041666666666666,8.5436524122807,5.038194444444445,1451.0,8.892708333333333,6.687788566439442,10.199070540935672,54.20836111111112,12.45204678362573,7.0,5.806183980509283,0.021936930193529134,0.058518518518518525,0.6528571428571428,0.07427490782318183,76.0,19.0,12.017980161545424,590.0,0.4756944444444444,12.142857142857142,288.0
corpora_selected_txt/KUK_1.0/data/KUKY/TXT/Rozhodnutí odboj_jinak_Novák.txt,6611a64cc6537d54ff05e666,Rozhodnutí odboj_jinak_Novák,TXT,data/KUKY/TXT,KUKY,SourceDB,,,,high,,Redesign,6611a64cc6537d54ff05e664,individual,quasiobjective,True,authority,natural person,individual,Anonymized by source,,good,1.0,,,43,1.4883720930232558,0.5558259820496236,1.0,-1.0,,,,,,,,,,,,,1.0,,4.0,1.25,0.4,,12,14.0,1.220951908206107,1.0,3.0,,,14,3.5714285714285716,1.0744587188261532,12.0,1.5833333333333333,0.6291820546709191,10,4.4,1.2640396130069218,,,,11,0.22193977041655957,0.6211159522774244,,2.0,1.0,-1.0,0.14583333333333331,0.2020305089104422,18,2.7777777777777777,1.0944136222062428,0.2727207977207977,0.4306264630731447,8,,,,0.35294117647058826,10.129425477239359,4.823788546255507,1095.0,8.259911894273129,6.584694566948991,10.985464023494856,55.876906020557996,12.676798825256975,5.0,5.698754314888799,0.03172680003325693,0.10539062499999996,0.616640625,0.08349468742656493,72.0,12.0,12.009924989830619,436.0,0.5330396475770925,14.647058823529411,227.0
corpora_selected_txt/KUK_1.0/data/KUKY/TXT/Dopis ID_dluh.txt,6611a64cc6537d54ff05e668,Dopis ID_dluh,TXT,data/KUKY/TXT,KUKY,SourceDB,,,,medium,False,Original,,individual,quasiobjective,False,authority,natural person,individual,Anonymized by source,,bad,7.0,,1.0,253,1.3952569169960474,0.5196505313367048,0.9995059288537549,0.007862567335930222,,4.0,8.0,0.44487826050130463,,,,,,2.0,,,1.0,1.0,3.0,1.3333333333333333,0.4330127018922193,,42,20.642857142857142,0.72382777907531,39.0,2.4615384615384617,0.9497554221177711,,62,4.596774193548387,1.084118284263044,17.0,3.2941176470588234,0.9525367246120718,49,2.0408163265306123,0.7936335216374536,,1.0,,30,0.12397502745069397,0.6910069796142827,5.0,4.0,1.0,-1.0,0.0733974358974359,0.21646942002936015,69,4.463768115942029,0.7583279806148299,0.28548020181012085,0.3900650754485814,54,4.0,1.0,,0.30434782608695654,16.045474956507668,4.8700084961767205,5732.0,8.968479184367032,7.610652425871542,15.312485455354611,43.432257595986584,17.428725168912088,14.666666666666666,5.701819377561703,0.0668719201216622,0.07269016697588127,0.6482282003710576,0.15613544597128648,219.0,42.0,15.05375534093124,2208.0,0.33135089209855567,21.274193548387096,1177.0
corpora_selected_txt/KUK_1.0/data/KUKY/TXT/Dopis_studentské brigády.txt,6611a64cc6537d54ff05e667,Dopis_studentské brigády,TXT,data/KUKY/TXT,KUKY,SourceDB,,,,low,False,Original,,individual,quasiobjective,False,authority,natural person,individual,Anonymized by source,,bad,,,,145,1.3241379310344827,0.45279936215700617,1.0,-1.0,,1.0,5.0,,,,1.0,,,1.0,,,1.0,,,,,,21,20.61904761904762,0.5083077395664383,18.0,2.1666666666666665,1.2389434435226754,1.0,39,3.58974358974359,0.7472613802107384,33.0,2.1818181818181817,0.7287945479046585,33,2.1515151515151514,1.0465568279876152,,,,20,0.13962559655108048,0.3907993655815152,2.0,5.0,1.2,0.37267799624996495,0.09546221322537111,0.44901401079956665,49,3.7755102040816326,0.6887023541081996,0.3322904974583037,0.27565663532899193,30,,,,0.4339622641509434,17.227363875205256,5.2620689655172415,3052.0,10.796206896551725,7.014527406541185,16.912006486042692,31.786055829228246,19.047619047619047,9.0,5.776620937933016,0.045249852411386356,0.08881496881496886,0.6459667359667359,0.15100891395539978,101.0,21.0,16.55564534867402,1203.0,0.3482758620689655,14.444444444444445,580.0
corpora_selected_txt/KUK_1.0/data/KUKY/TXT/UOOUOsobniUdajePotom.txt,66608bb6c6537d54ff05f100,UOOUOsobniUdajePotom,TXT,data/KUKY/TXT,KUKY,SourceDB,,,,high,True,Redesign,66608bc0c6537d54ff05f101,individual,,,,,,On-site anonymization,,good,2.0,,,66,1.4848484848484849,0.7494078654405495,1.0,-1.0,,,,,,,,,,,1.0,,1.0,,5.0,1.6,0.34232659844072877,1.0,14,15.5,0.49765318130779074,5.0,1.2,0.37267799624996495,,20,4.75,0.8078200674707015,14.0,2.0714285714285716,0.9923331819803619,16,3.0,1.2049281521534188,,,,13,0.15749304458981878,0.45229035823532526,3.0,4.0,1.75,0.5471012044321932,0.11114253393665158,0.5039067439686346,22,4.2272727272727275,1.0875641125583038,0.3294276723980741,0.4299424245850147,14,,,,0.4126984126984127,15.247038423645321,5.910344827586207,1714.0,13.497931034482756,6.673361229599219,16.990476847290637,18.351610837438443,19.733990147783256,6.0,5.936231118038597,0.029120711037232443,0.11439790575916231,0.6982722513089005,0.0952295257579357,83.0,14.0,17.03887048696347,718.0,0.47586206896551725,11.32,290.0
corpora_selected_txt/KUK_1.0/data/KUKY/TXT/UOOUOsobniUdajePuvodne.txt,66608bc0c6537d54ff05f101,UOOUOsobniUdajePuvodne,TXT,data/KUKY/TXT,KUKY,SourceDB,,,,medium,False,Original,,individual,,,,,,On-site anonymization,,bad,3.0,,1.0,205,1.3463414634146342,0.5846823609340522,0.9991869918699188,0.011649976455066194,,4.0,6.75,1.2179123412482493,,,,,,,1.0,1.0,,,13.0,2.1538461538461537,0.67935418512256,6.0,16,47.625,0.44902810634693857,20.0,2.95,1.0576168255863636,1.0,48,7.583333333333333,1.1734366842368342,39.0,3.076923076923077,1.7155059097291938,47,4.446808510638298,1.295925096556897,,,,16,0.11474642441200755,0.26589815660950467,11.0,12.0,1.0,-1.0,0.06534842472342473,0.25582931032798256,69,4.420289855072464,0.9451172399308656,0.29175713791700436,0.3501114266307584,70,,,,0.3380281690140845,42.06216898148148,5.462488129154796,5752.0,12.339126305792972,7.167183111513807,38.463314814814815,-43.58424074074074,35.555769230769236,16.0,5.737759383292436,0.038530496536999415,0.09273584905660381,0.6375157232704403,0.12215732539688823,138.0,16.0,25.392325297000433,2379.0,0.26495726495726496,16.788732394366196,1053.0
corpora_selected_txt/KUK_1.0/data/KUKY/TXT/09_Zastoupeni_CD_JSm.txt,66ab4dccc6537d54ff05fd18,09_Zastoupeni_CD_JSm,TXT,data/KUKY/TXT,KUKY,SourceDB,,,,high,True,Redesign,,individual,quasiobjective,True,authority,natural person,individual,On-site anonymization,,good,,,,143,1.3496503496503496,0.5367396064939028,0.9988344988344989,0.013953629805252502,,3.0,2.0,-1.0,,,,,,,,,,,10.0,3.0,0.7698003589195009,7.0,38,14.263157894736842,0.7582202582428264,13.0,1.7692307692307692,0.6981386721454798,,52,2.9038461538461537,0.6442935915992952,36.0,1.8055555555555556,0.8141936149366134,52,2.423076923076923,0.9076648434929995,,,,31,0.18984161215612957,0.43253641336194965,,7.0,1.5714285714285714,0.721568539381252,0.2203251300520208,1.6014633025719205,66,2.5454545454545454,0.7802004331295729,0.31348381762820265,0.48121050438372837,33,,,,0.5370370370370371,11.410798351299935,5.421686746987952,3600.0,10.945180722891566,7.357021698295143,13.215056753329101,38.00128915662651,15.2424857324033,10.0,5.899373890093898,0.02895681418743327,0.09499115044247786,0.6921946902654867,0.08655860109587947,146.0,38.0,13.976194432684679,1492.0,0.39457831325301207,9.244186046511627,664.0
corpora_selected_txt/KUK_1.0/data/KUKY/TXT/KVOP_zprava_invalidni_duchod_přepis.txt,66ab4dccc6537d54ff05fd1b,KVOP_zprava_invalidni_duchod_přepis,TXT,data/KUKY/TXT,KUKY,SourceDB,,,,high,True,Redesign,66ab4dccc6537d54ff05fd21,individual,quasiobjective,False,authority,combined,bulk,On-site anonymization,,good,3.0,,,150,1.3933333333333333,0.48411142588368056,1.0,-1.0,,2.0,6.0,-1.0,,,,,,,,1.0,,,19.0,2.0526315789473686,0.5735418485404314,2.0,45,13.2,0.6170660540558327,17.0,1.411764705882353,0.5045367099296806,,57,3.4035087719298245,0.8081988616652237,47.0,2.127659574468085,0.601071506995415,46,2.3260869565217392,0.7476713395233,,4.0,,42,0.21075303577602225,0.4457760543645427,,16.0,1.625,0.4961389383568338,0.15179738562091502,0.44948321788849505,68,2.514705882352941,0.5929896349849741,0.28712065127506303,0.3421102735214709,16,,,,0.5888888888888889,9.413216460905346,5.096021947873799,3715.0,9.285871056241424,7.418127412266121,10.823181069958846,51.90621316872429,13.009492455418382,11.0,5.822029203278361,0.02814435722530567,0.08650793650793653,0.6571111111111111,0.09687212426111803,151.0,45.0,12.419023968113695,1500.0,0.37037037037037035,8.123809523809523,729.0
corpora_selected_txt/KUK_1.0/data/KUKY/TXT/230711_Insolvence.txt,66ab4dccc6537d54ff05fd1a,230711_Insolvence,TXT,data/KUKY/TXT,KUKY,SourceDB,,,,high,True,Redesign,,individual,persuasive,False,,legal person,individual,On-site anonymization,,good,,,,237,1.3291139240506329,0.45505137650135125,0.9985935302390998,0.015299553482063123,,5.0,5.2,0.533632189442754,,,,,2.0,,,1.0,,,3.0,2.0,0.5,1.0,61,12.934426229508198,0.7470309433118044,20.0,1.6,0.3739019010100742,,76,3.3289473684210527,0.628945047444847,69.0,1.8695652173913044,0.8452927139245405,72,1.8333333333333333,0.6473354499239199,,,,56,0.17080250889661525,0.48041599787592815,1.0,17.0,1.3529411764705883,0.4481636549584413,0.17363869790340378,0.6683138406342055,95,2.9473684210526314,0.7379946290550576,0.34017784419163205,0.4394233987782613,46,1.0,,3.0,0.4973544973544973,9.758215456674474,5.193515704154002,5126.0,9.741945288753803,7.357101394019382,10.749435132127488,52.371542461839994,11.659567824339362,14.0,5.829876757768764,0.019276737727478926,0.09997747747747743,0.6672747747747748,0.052050676347846936,145.0,61.0,11.404423935019594,2024.0,0.3009118541033435,12.043010752688172,987.0
corpora_selected_txt/KUK_1.0/data/KUKY/TXT/KVOP_19_Stavarska_zprava_JSm.txt,66ab4dccc6537d54ff05fd1d,KVOP_19_Stavarska_zprava_JSm,TXT,data/KUKY/TXT,KUKY,SourceDB,,,,high,True,Redesign,,individual,quasiobjective,False,authority,combined,bulk,On-site anonymization,,good,,,,380,1.4842105263157894,0.5097062192798758,0.9992481203007519,0.010358052656228535,,1.0,3.0,,,,,,,,,,,,19.0,2.526315789473684,1.1068276810019249,1.0,49,23.06122448979592,0.8739792908414327,15.0,1.8,0.563436169819011,,113,3.3716814159292037,0.8162854742680979,69.0,4.101449275362318,2.6817000667692144,99,2.2525252525252526,1.0485438923559647,,,,47,0.20984669278963475,0.3190919476964143,5.0,37.0,1.6756756756756757,0.5635937164405209,0.10066181145902509,0.4847108209042076,138,2.9855072463768115,0.6512898582838175,0.32798017837909976,0.3490167272811552,41,1.0,,,0.4092071611253197,19.05138986595174,5.377345844504021,8023.0,11.415080428954424,7.5381953067217635,18.57121353887399,24.639128579088464,18.209458445040212,17.0,5.817392806056853,0.03859979517179535,0.1178033022254128,0.666180904522613,0.11724526229927563,152.0,50.0,15.487659770458691,3177.0,0.24865951742627346,10.056603773584905,1492.0
corpora_selected_txt/KUK_1.0/data/KUKY/TXT/MV_Odneti_trvaleho_pobytu_Kru_orig.txt,66ab4dccc6537d54ff05fd1e,MV_Odneti_trvaleho_pobytu_Kru_orig,TXT,data/KUKY/TXT,KUKY,SourceDB,,,,high,True,Original,,individual,quasiobjective,True,authority,natural person,individual,On-site anonymization,,good,,,4.0,220,1.5136363636363637,0.764117030978962,0.9963774104683196,0.024338023227888386,,5.0,3.6,0.15214515486254615,,,,,,,,,,,,,,2.0,29,23.310344827586206,0.6160535390828471,25.0,2.12,1.3224382800826588,3.0,39,5.0256410256410255,0.9032136811723711,11.0,4.090909090909091,1.8885751373410369,37,3.027027027027027,0.9615306394675731,,,,27,0.0914245589570167,0.41223804337586184,2.0,3.0,1.0,-1.0,0.06608220211161388,0.14477031224671438,50,5.88,0.681693641774836,0.3546621303299228,0.3692086944122058,67,,,,0.13872832369942195,18.405697861767806,4.900655021834061,4489.0,9.227620087336243,7.476312214175953,17.66968457310645,34.03943412136728,18.879024243336847,11.0,5.926276022008659,0.017380797238029877,0.07984088127294986,0.7040881272949816,0.05327535996966638,129.0,29.0,15.814785946413558,1769.0,0.31768558951965065,45.91304347826087,916.0
corpora_selected_txt/KUK_1.0/data/KUKY/TXT/KVOP_zprava_invalidní_duchod_puv.txt,66ab4dccc6537d54ff05fd21,KVOP_zprava_invalidní_duchod_puv,TXT,data/KUKY/TXT,KUKY,SourceDB,,,,low,False,Original,,individual,quasiobjective,False,authority,combined,bulk,On-site anonymization,,bad,8.0,,,466,1.553648068669528,0.6052372761487139,0.9988945246455976,0.013775379589883839,,12.0,5.916666666666667,0.8480102513821973,,,,,,,,1.0,1.0,,14.0,2.857142857142857,1.464844439102402,5.0,84,17.44047619047619,0.5644215852492702,47.0,1.851063829787234,0.6566262134778643,4.0,130,3.7615384615384615,0.9208101076945985,80.0,2.3875,1.385951362795646,100,2.7,1.1382153650978875,1.0,4.0,,77,0.147803742190758,0.5238572869602054,4.0,34.0,1.411764705882353,0.5265469433029533,0.11678157836416805,0.7735195398275182,160,3.65625,0.7438519835569168,0.33661929970846743,0.4045144784276366,114,2.0,,,0.3147751605995717,15.784125187969927,5.534335839598998,11041.0,11.9071679197995,8.224666405527806,16.301386967418544,28.714764411027573,18.522556390977446,17.0,6.008153192914728,0.0316422055574331,0.08992088607594939,0.7322415611814346,0.09832166779905967,278.0,84.0,16.351538315227643,4444.0,0.2882205513784461,16.445205479452056,1995.0
corpora_selected_txt/KUK_1.0/data/KUKY/TXT/MV_Odneti_trvaleho_pobytu_Kru_po.txt,66ab4dccc6537d54ff05fd20,MV_Odneti_trvaleho_pobytu_Kru_po,TXT,data/KUKY/TXT,KUKY,SourceDB,,,,high,True,Redesign,66ab4dccc6537d54ff05fd1e,individual,quasiobjective,True,authority,natural person,individual,On-site anonymization,,good,,,,124,1.5080645161290323,0.7633269245494964,0.9938172043010752,0.030950185517525586,,1.0,4.0,,,,,,,,,,,,2.0,2.0,0.7071067811865476,1.0,16,22.8125,0.5270537931577446,5.0,2.2,0.4979295977319691,,26,3.4615384615384617,0.7804525436178077,12.0,2.4166666666666665,0.9737668169833891,27,2.1481481481481484,0.8337798736535239,,,,15,0.11064122963346727,0.48281789320263124,4.0,7.0,1.4285714285714286,0.5507570547286103,0.11913265306122449,0.6276733895272675,33,5.333333333333333,0.8510964894622702,0.36415928730843683,0.35478221569034507,38,,,,0.27472527472527475,16.967436354869818,5.004098360655738,2442.0,9.622950819672132,7.074928589416666,16.669052675988425,35.470690935390564,17.05612343297975,8.0,5.860750562707623,0.018862725591055875,0.07534704370179957,0.6777634961439588,0.06577738268859021,114.0,17.0,14.554592549557764,969.0,0.4057377049180328,25.083333333333332,488.0
corpora_selected_txt/KUK_1.0/data/KUKY/TXT/Ockovani_JSm.txt,66ab4dccc6537d54ff05fd1f,Ockovani_JSm,TXT,data/KUKY/TXT,KUKY,SourceDB,,,,high,True,Redesign,,individual,quasiobjective,False,authority,combined,bulk,On-site anonymization,,good,1.0,,,181,1.5856353591160222,0.5147674024501928,0.9981583793738489,0.017503111766848614,1.0,1.0,2.0,,,,,,,,,,,,5.0,2.4,0.6972166887783964,,23,20.91304347826087,0.5873934316756888,7.0,2.0,0.7071067811865476,,56,3.5357142857142856,0.7235185217413185,29.0,1.5172413793103448,0.6735428541579587,45,2.4,0.945984335830337,,,,22,0.17014352512536074,0.3541417568332839,1.0,15.0,1.4,0.45175395145262576,0.0819080372098948,0.46065865680866785,65,3.169230769230769,0.7001754102698649,0.3099902052209745,0.30949289996531115,54,1.0,,,0.34,20.972765217391306,5.873913043478261,4053.0,13.754057971014495,7.172197175043619,21.45710579710145,5.290101449275369,21.39130434782609,12.0,5.937395985191871,0.019207226058653628,0.09947546531302875,0.6931133671742808,0.058832869119522575,114.0,23.0,18.290472743859997,1681.0,0.32753623188405795,11.597014925373134,690.0
corpora_selected_txt/KUK_1.0/data/KUKY/TXT/11_vizum_po.txt,66abc092c6537d54ff05fd22,11_vizum_po,TXT,data/KUKY/TXT,KUKY,SourceDB,,,,high,True,Redesign,66abc092c6537d54ff05fd23,individual,quasiobjective,True,authority,natural person,individual,On-site anonymization,,good,,,,201,1.373134328358209,0.40224441215230144,1.0,-1.0,,3.0,3.3333333333333335,0.458257569495584,,,,,,,,1.0,,,21.0,1.7142857142857142,0.5577733510227171,3.0,61,14.327868852459016,1.0705841092813089,34.0,1.6764705882352942,0.5237399309779093,,86,3.802325581395349,2.7794419286713725,54.0,1.7592592592592593,0.8619484345060625,37,2.135135135135135,0.8633358893912305,,1.0,,54,0.23321491951945283,0.41050730736243757,1.0,29.0,1.2758620689655173,0.4635295538496759,0.0944165790261125,0.4956797133499697,89,2.561797752808989,0.9153689409160594,0.2945562707530599,0.4390192072291165,39,1.0,,,0.5443548387096774,11.118263986931915,5.177935943060498,5820.0,9.884163701067616,7.8909668199019904,12.982222974155526,41.366130739163424,14.16764482818972,15.0,5.973233045295733,0.02758776875700954,0.10580487804878047,0.7261365853658537,0.07468572837830563,280.0,61.0,13.237832444740253,2436.0,0.39412811387900354,9.253731343283581,1124.0
corpora_selected_txt/KUK_1.0/data/KUKY/TXT/11_vizum_pred.txt,66abc092c6537d54ff05fd23,11_vizum_pred,TXT,data/KUKY/TXT,KUKY,SourceDB,,,,high,False,Original,,individual,quasiobjective,True,authority,natural person,individual,On-site anonymization,,good,4.0,,6.0,700,1.3785714285714286,0.5196187986274793,0.9992857142857143,0.010903061940592294,,14.0,6.571428571428571,1.925525560468932,,,,,,,,3.0,1.0,,26.0,1.8461538461538463,0.7298211348603771,8.0,112,21.669642857142858,0.7704889225263999,62.0,2.3225806451612905,1.354316989928378,2.0,179,3.5865921787709496,0.8081422745295201,88.0,1.875,1.1851787994719418,156,2.6346153846153846,1.1760983726333691,,1.0,1.0,98,0.1655963711733977,0.5013554282049544,17.0,50.0,1.28,0.4187871214128063,0.09150278568666642,0.5692571603389494,240,3.7333333333333334,0.9140199666088135,0.3273861301351247,0.33385876164292794,116,4.0,,,0.3837579617834395,17.228155057466097,5.126021370207416,16311.0,10.185637963544936,8.372539991364345,17.550686764837927,28.916817455329095,18.894141151117896,25.0,5.9536032992368115,0.0294156195851057,0.08125202724618885,0.7119623743107363,0.08634292070075489,459.0,112.0,16.340515021677277,6679.0,0.26367064739157764,14.5125,3182.0
corpora_selected_txt/KUK_1.0/data/KUKY/TXT/230514_Policejni_zprava_orig.txt,66b36873c6537d54ff0600fb,230514_Policejni_zprava_orig,TXT,data/KUKY/TXT,KUKY,SourceDB,,,,high,False,Original,,individual,quasiobjective,False,authority,combined,bulk,On-site anonymization,,good,,,,189,1.2116402116402116,0.40617871937214683,1.0,-1.0,,,,,,,,,2.0,,,,,,15.0,2.8,1.0983024271913195,5.0,30,17.633333333333333,0.5985946383028115,8.0,1.375,0.3763993960049205,,47,4.340425531914893,1.2098822792455537,48.0,2.0416666666666665,1.3478463764111388,38,2.9473684210526314,1.0756592791034978,,,,27,0.18387491818380003,0.40765190608926405,2.0,13.0,1.3076923076923077,0.36735282343519987,0.09924227135105501,0.4970977629893039,69,3.246376811594203,0.9079692084789651,0.3346470834269792,0.3383110915879937,47,,,,0.6287878787878788,15.375019298245618,5.58625730994152,3821.0,12.101023391812864,7.108961601499109,16.252592105263155,27.272084210526316,18.18432748538012,11.0,5.869129677909929,0.023594832948500285,0.11136752136752137,0.6782051282051282,0.07390595669242125,124.0,30.0,16.11434528070225,1557.0,0.3406432748538012,9.097560975609756,684.0
corpora_selected_txt/KUK_1.0/data/KUKY/TXT/důchod_jinak.txt,6611a60ac6537d54ff05e65a,důchod_jinak,TXT,data/KUKY/TXT,KUKY,SourceDB,,,,high,True,Redesign,6611a60ac6537d54ff05e65b,individual,quasiobjective,False,authority,natural person,individual,Anonymized by source,,good,,2.0,,165,1.5333333333333334,0.6300598585299754,0.9993939393939394,0.007789710478268728,,1.0,2.0,,,,,,,,,,,,14.0,1.0714285714285714,0.24944382578492943,,54,10.907407407407407,0.6292301687505535,24.0,1.5416666666666667,0.5731636159350043,,74,2.5,0.5139159357726669,43.0,1.6744186046511629,0.5787486755012695,40,1.925,0.6377247636914704,,2.0,,51,0.21809129805624067,0.5267339525930332,,15.0,1.2666666666666666,0.4686448734510502,0.1410144485144485,0.5222816317123851,82,2.2439024390243905,0.6773542945507414,0.26637516496734576,0.3965176278680287,30,1.0,,,0.5235602094240838,8.336859070935343,5.146023468057367,3947.0,9.272750977835726,7.535504478844833,9.473259693852917,57.36716360036699,11.62672268095997,11.0,5.970019203628159,0.01883233009944975,0.09920658682634731,0.7170508982035928,0.06333092920063235,170.0,54.0,11.429527900616531,1552.0,0.39113428943937417,9.303030303030303,767.0
corpora_selected_txt/KUK_1.0/data/KUKY/TXT/důchod_původní.txt,6611a60ac6537d54ff05e65b,důchod_původní,TXT,data/KUKY/TXT,KUKY,SourceDB,,,,medium,False,Original,,individual,quasiobjective,False,authority,natural person,individual,On-site anonymization,,bad,17.0,,,193,1.5181347150259068,0.5864448537607136,1.0,-1.0,,2.0,10.0,0.8485281374238569,,,,,,3.0,,,,,7.0,1.5714285714285714,0.3401506715249038,4.0,41,14.78048780487805,0.41112612070042154,20.0,1.8,0.5584718777222607,,63,2.9682539682539684,1.0321454442277629,28.0,2.0714285714285716,0.7307066905282062,41,1.7317073170731707,0.5005055963857841,,3.0,,41,0.15875060697816115,0.5015742352427293,2.0,9.0,1.0,-1.0,0.06636403719737054,0.22467525036485253,71,3.3661971830985915,0.7263537726890978,0.2914900128332191,0.35461443976750456,42,,,,0.3150684931506849,13.51836333832631,5.381228273464658,4644.0,11.03302433371958,7.485316979620392,14.363462029788316,36.861995223694976,15.603753214820678,12.0,5.777452955251028,0.022350944366248217,0.1035732984293194,0.6521204188481675,0.07636816875327475,212.0,41.0,14.236664824994875,1872.0,0.3858632676709154,14.308823529411764,863.0
corpora_selected_txt/KUK_1.0/data/KUKY/TXT/vrátit podporu_jinak.txt,6611a60ac6537d54ff05e65e,vrátit podporu_jinak,TXT,data/KUKY/TXT,KUKY,SourceDB,,,,high,False,Redesign,6611a60ac6537d54ff05e65f,individual,quasiobjective,False,authority,natural person,individual,On-site anonymization,,good,,,,82,1.3170731707317074,0.6521367897835588,0.9964430894308942,0.02295146264705454,,,,,,,,,,,,,,,14.0,1.6428571428571428,0.5653460105781266,,29,11.448275862068966,0.5566651797891898,18.0,1.6111111111111112,1.0240856830977587,,37,2.918918918918919,0.7548205343115953,30.0,1.6666666666666667,0.5065093524683735,10,2.4,0.8606629658238704,,,,26,0.2473083592035205,0.3904999725971165,,10.0,1.4,0.3688555567816587,0.10512057387057387,0.4415664860866967,36,2.0555555555555554,0.7967899701275601,0.25268276436039594,0.4546466433121048,10,1.0,,,0.6534653465346535,7.776023706896552,4.96875,2067.0,8.459375,7.039893439191674,9.35426467175066,58.44097712201591,9.96870026525199,8.0,5.79285569312103,0.0358278962837121,0.09555205047318616,0.6705362776025237,0.08063530531362083,121.0,29.0,10.165852483727232,833.0,0.4735576923076923,6.984615384615385,416.0
corpora_selected_txt/KUK_1.0/data/KUKY/TXT/vrátit podporu_původní.txt,6611a60ac6537d54ff05e65f,vrátit podporu_původní,TXT,data/KUKY/TXT,KUKY,SourceDB,,,,low,False,Original,,individual,quasiobjective,False,authority,combined,individual,On-site anonymization,,bad,1.0,,1.0,169,1.3609467455621302,0.5863542650578988,0.9982741617357003,0.01600741408926344,,2.0,2.0,-1.0,,,,,,,,,1.0,,9.0,2.3333333333333335,0.7423074889580902,1.0,34,15.5,0.6952682759867627,21.0,2.238095238095238,0.5268696901882977,,50,3.3,0.7479286815225541,36.0,1.75,0.6165832685969532,35,2.4285714285714284,0.8836207731089462,1.0,,,31,0.18675031381284993,0.4279372582734414,3.0,14.0,1.2142857142857142,0.3506714347510871,0.12859979400058819,0.9085909162656333,57,3.3508771929824563,0.6613022012141151,0.3180222197053463,0.3870385256012366,35,,,,0.43884892086330934,13.488614821474442,5.518195050946143,3791.0,11.620087336244547,7.472393411444796,14.66663233153523,33.22313734052574,15.884390786882438,9.0,5.867340102332943,0.04103072731784684,0.0909523809523809,0.6915646258503402,0.11229797495592347,184.0,34.0,14.470270418902462,1546.0,0.4279475982532751,11.6,687.0
corpora_selected_txt/KUK_1.0/data/KUKY/TXT/důchod-dorovnávací přídavek_1298-23_přepis.txt,66b36e1cc6537d54ff060105,důchod-dorovnávací přídavek_1298-23_přepis,TXT,data/KUKY/TXT,KUKY,SourceDB,,,,high,True,Redesign,66b36e1cc6537d54ff060106,individual,quasiobjective,False,authority,combined,bulk,On-site anonymization,,good,,1.0,,273,1.6153846153846154,0.5846537961545074,0.9970347113204256,0.02185244392985189,,7.0,2.7142857142857144,0.1797710660694666,,,1.0,,,,,1.0,2.0,,6.0,2.1666666666666665,0.8957493309544393,,70,14.428571428571429,0.7181846278155473,2.0,2.0,0.7071067811865476,,93,4.247311827956989,0.6913753701631628,72.0,1.6527777777777777,0.8505802393049539,80,2.9125,0.8692846457004175,,1.0,1.0,63,0.14064183404059474,0.4593642672330576,,16.0,1.0,-1.0,0.09424688138985571,0.4881829515616896,105,2.942857142857143,0.6661283841908516,0.26041286043454653,0.4508696692399564,55,1.0,,,0.315028901734104,13.162920269852712,5.496755587599135,7624.0,11.491348233597693,7.3938986760476695,12.999517973014726,43.841693088886586,15.020162735606139,19.0,5.690724247108745,0.03339720332241051,0.10590062111801246,0.615473602484472,0.08873249559980963,175.0,70.0,13.838458804335577,2899.0,0.250901225666907,14.824074074074074,1387.0
corpora_selected_txt/KUK_1.0/data/KUKY/TXT/důchod-dorovnávací přídavek_1298-23_původní.txt,66b36e1cc6537d54ff060106,důchod-dorovnávací přídavek_1298-23_původní,TXT,data/KUKY/TXT,KUKY,SourceDB,,,,low,False,Original,,individual,quasiobjective,False,authority,combined,bulk,On-site anonymization,,bad,3.0,2.0,1.0,588,1.5578231292517006,0.5738058490561485,0.9985827664399093,0.015338265422180735,,7.0,5.285714285714286,1.318520099205456,,,,,,,2.0,,2.0,,10.0,1.7,0.3970285633591488,3.0,109,16.238532110091743,0.6372232382637262,21.0,2.142857142857143,0.44969125210773475,,159,3.6666666666666665,0.6685122829501924,121.0,2.28099173553719,0.9708208086089121,139,2.6115107913669067,1.0136469444500793,,6.0,1.0,100,0.14545520113670832,0.3868854508237489,3.0,16.0,1.1875,0.3394634841388864,0.10561957956259427,0.6776490918480489,203,3.4088669950738915,0.5819897208283447,0.3285255849983591,0.39513862479046263,134,9.0,,,0.3468013468013468,14.680410669384976,5.48395061728395,13326.0,11.591687242798356,7.782314251800575,14.927692237701507,35.34621991920568,16.86804847661117,23.0,5.853618556777112,0.02845011927451433,0.09834405834405835,0.6738953238953239,0.08243756603761679,264.0,109.0,15.154658412714756,5249.0,0.2205761316872428,13.414634146341463,2430.0
corpora_selected_txt/KUK_1.0/data/KUKY/TXT/invalidní důchod_1399-23_přepis.txt,66b36e1cc6537d54ff060107,invalidní důchod_1399-23_přepis,TXT,data/KUKY/TXT,KUKY,SourceDB,,,,high,True,Redesign,66b36e1cc6537d54ff060108,individual,quasiobjective,False,authority,combined,bulk,On-site anonymization,,good,4.0,,,278,1.356115107913669,0.49683049031256116,1.0,-1.0,,4.0,3.25,0.5824521380307973,,19.0,,,1.0,1.0,1.0,,1.0,,22.0,1.8636363636363635,0.6260992146796508,1.0,83,12.987951807228916,0.6421014229926161,44.0,1.5909090909090908,0.7085349899536434,,115,2.9478260869565216,0.7947385272796889,91.0,2.120879120879121,0.828185393222036,76,2.960526315789474,1.9055303874809155,,3.0,,74,0.22190561095038575,0.48715163933393596,,30.0,1.3666666666666667,0.5256551724030278,0.11366451473649615,0.49217138957542206,125,2.496,0.6819330763894687,0.31579974377188,0.47607569642075265,45,2.0,,,0.5765472312703583,8.8879355561782,4.7984496124031,6809.0,7.979844961240312,7.719322099951033,9.623909065437225,61.745911026770926,12.758215950482693,14.0,5.652172443506429,0.16463988020031525,0.09559848484848488,0.6680757575757575,0.2286293364751604,237.0,83.0,12.215995569133462,2661.0,0.30162085976039466,8.727272727272727,1419.0
corpora_selected_txt/KUK_1.0/data/KUKY/TXT/invalidní důchod_1399-23_původní.txt,66b36e1cc6537d54ff060108,invalidní důchod_1399-23_původní,TXT,data/KUKY/TXT,KUKY,SourceDB,,,,high,False,Original,,individual,quasiobjective,False,authority,combined,bulk,On-site anonymization,,good,8.0,,,374,1.572192513368984,0.5905608580748307,0.9991087344028521,0.012182382876989703,,2.0,3.0,0.47140452079103173,,19.0,,,,,1.0,,3.0,,13.0,2.230769230769231,0.6380086936265709,6.0,81,13.901234567901234,0.6728622183092957,43.0,2.13953488372093,1.0627930116006816,,115,3.234782608695652,0.9657926195362464,77.0,2.0779220779220777,0.7272007489519768,62,3.6129032258064515,1.5748180392693936,,2.0,,76,0.16676965581418746,0.46926121751671895,2.0,34.0,1.2352941176470589,0.44824186813521083,0.09861912683120114,0.5431445137606322,127,3.4173228346456694,0.6802438284734433,0.3073814668567407,0.4137979698797822,78,2.0,,,0.3483709273182957,13.200915932518285,5.415655339805825,8925.0,11.147876213592236,8.127588065906904,13.960141435934318,38.294306244756086,16.68196092532662,16.0,5.8656107131747195,0.14107915809198998,0.07848934796642992,0.7218076178179471,0.19971347885699817,311.0,81.0,15.038057848486869,3568.0,0.3337378640776699,12.652173913043478,1648.0
corpora_selected_txt/KUK_1.0/data/KUKY/TXT/sluzebni_hodnoceni_prepis.txt,66cf572fc6537d54ff061ff6,sluzebni_hodnoceni_prepis,TXT,data/KUKY/TXT,KUKY,SourceDB,,,,high,True,Redesign,66cf572fc6537d54ff061ff7,individual,quasiobjective,,authority,,,On-site anonymization,,good,4.0,,,211,1.4976303317535544,0.5427506683301055,0.9986176935229069,0.014329245695555324,,1.0,3.0,,,,,,,,,1.0,9.0,,14.0,1.0,-1.0,2.0,55,12.563636363636364,0.5019461253597257,8.0,2.0,0.8864052604279183,,66,3.4545454545454546,0.6284504160399923,45.0,1.711111111111111,0.7116512542166602,58,2.7586206896551726,0.6344807242727585,,,,43,0.20630605376101366,0.3991020810506464,4.0,19.0,1.7894736842105263,0.39859904608345337,0.13206000054297268,0.5169430375821251,79,2.6455696202531644,0.7680909562907993,0.30045136360289004,0.3861777179528164,71,2.0,,,0.42410714285714285,10.146138395168244,5.321311475409836,4869.0,10.328524590163932,7.416590361373693,10.719439459303995,52.33718579234973,13.852746620649988,13.0,5.778808288601048,0.04531676660907451,0.08959558823529412,0.6459558823529412,0.13927303412512382,168.0,57.0,12.994892309527746,1880.0,0.3191256830601093,11.563829787234043,915.0
corpora_selected_txt/KUK_1.0/data/KUKY/TXT/sluzebni_hodnoceni_puvodni.txt,66cf572fc6537d54ff061ff7,sluzebni_hodnoceni_puvodni,TXT,data/KUKY/TXT,KUKY,SourceDB,,,,medium,False,Original,,individual,quasiobjective,,authority,,,On-site anonymization,,bad,7.0,,,356,1.5196629213483146,0.631423893806478,0.9973749331193151,0.02024175966070096,,2.0,7.5,0.4714045207910317,,,,,,,,2.0,5.0,,16.0,2.5,1.9866219234335118,9.0,75,14.52,0.5988343468616655,14.0,2.142857142857143,0.9485932003915376,,93,3.6559139784946235,0.7825363225650258,62.0,1.7258064516129032,1.0500873589893716,80,2.5875,0.9339830787671691,,1.0,,57,0.1898384520711669,0.4082372618223785,2.0,30.0,1.5666666666666667,0.4939495932304257,0.1187386277866154,0.5699760707828269,124,3.1048387096774195,0.6783601767518576,0.3501472267026883,0.36038836305773025,141,4.0,,,0.39669421487603307,12.066122297808015,5.484353741496599,8062.0,11.300544217687074,7.815371391296964,12.720371050642477,42.629350718064984,15.313681027966744,17.0,5.831359899828317,0.03800382944065405,0.07539022611232671,0.670401167031364,0.11645428071562532,224.0,81.0,14.049744805274226,3167.0,0.2931972789115646,10.020979020979022,1470.0
corpora_selected_txt/KUK_1.0/data/KUKY/TXT/srazky_z_duchodu_prepis.txt,66cf572fc6537d54ff061ff8,srazky_z_duchodu_prepis,TXT,data/KUKY/TXT,KUKY,SourceDB,,,,high,True,Redesign,66cf572fc6537d54ff061ff9,individual,quasiobjective,,authority,,,On-site anonymization,,good,1.0,,,48,1.5416666666666667,0.44294299709012686,1.0,-1.0,,1.0,3.0,,,,,1.0,,,,1.0,,,5.0,1.0,-1.0,,17,10.882352941176471,0.5000328696281339,5.0,1.6,0.5590169943749473,,16,3.125,0.41926920548338237,13.0,1.7692307692307692,0.5724179031342463,12,3.0833333333333335,1.0841479839267913,,,,13,0.20242488280949816,0.40108031187031556,,8.0,1.25,0.3703280399090206,0.11583243145743145,0.5252698060988886,20,2.35,0.5569687563193751,0.2678104534354534,0.34420662144941344,2,1.0,,,0.45,8.582736383442267,5.197530864197531,1263.0,9.527572016460907,6.691169940237287,9.606616073589926,56.62815710481725,12.302009198741226,5.0,5.850266755894693,0.019252562820687193,0.16125,0.6681944444444444,0.04684848409227273,79.0,17.0,11.892052765847286,494.0,0.5308641975308642,9.423076923076923,243.0
corpora_selected_txt/KUK_1.0/data/KUKY/TXT/srazky_z_duchodu_puvodni.txt,66cf572fc6537d54ff061ff9,srazky_z_duchodu_puvodni,TXT,data/KUKY/TXT,KUKY,SourceDB,,,,medium,False,Original,,individual,quasiobjective,,authority,,,On-site anonymization,,bad,2.0,,,195,1.5794871794871794,0.5092557560562897,0.9991452991452991,0.011945457693557697,,3.0,2.6666666666666665,0.21650635094610965,,,,,,,,1.0,1.0,,7.0,1.5714285714285714,0.5006882315714639,4.0,51,16.274509803921568,0.6522612052885848,11.0,1.8181818181818181,0.687749954561976,,67,3.343283582089552,0.7871591613271653,40.0,1.675,0.6396916507908903,51,2.0980392156862746,0.7338014000502424,,2.0,,45,0.15487809365175867,0.6691266912062691,1.0,25.0,1.48,0.5890403977757666,0.13420874447190237,0.6583415077660083,71,3.3943661971830985,0.7738323017554356,0.270169261645375,0.47789955659982714,26,5.0,,,0.3173913043478261,12.07746063563695,4.827832292595897,5412.0,8.489652096342551,7.771573123601937,11.298595179374157,59.46899394798061,14.858169351594341,14.0,5.973861909509798,0.025589714965405824,0.08060665362035224,0.7132778864970646,0.07432206916699752,192.0,51.0,13.5591,1996.0,0.32917038358608386,18.48611111111111,1121.0
corpora_selected_txt/KUK_1.0/data/KUKY/TXT/025010As__2300064_20240523091704.txt,66583971c6537d54ff05f0c8,025010As__2300064_20240523091704,TXT,data/KUKY/TXT,KUKY,SourceDB,,,,medium,False,Original,,individual,quasiobjective,True,authority,combined,bulk,Anonymized by source,,bad,8.0,,,435,1.4252873563218391,0.5199177248400622,0.9996168582375479,0.007994117905179841,2.0,5.0,3.4,0.3353457132644524,,,,1.0,,,,,1.0,,11.0,1.6363636363636365,0.5649210586171627,7.0,101,14.534653465346535,0.9175890918075869,23.0,2.347826086956522,0.7333384348358417,,110,3.772727272727273,0.8168988035137773,85.0,2.411764705882353,1.1432359645241967,115,2.3130434782608695,1.109445030971105,2.0,,,81,0.1797190530077114,0.4115494509253247,,39.0,1.4871794871794872,0.4328094127140729,0.10840320188754597,0.44567909202189465,164,3.1158536585365852,0.7383867706117083,0.3095275226736091,0.3917009430602336,75,6.0,,,0.36225596529284165,12.294286901278184,5.331801939765186,10445.0,10.684941296579888,8.106983405006948,13.530059021828677,39.448211266609064,14.578221865065528,17.666666666666668,6.033698498945705,0.02432094894637817,0.08990860215053764,0.7360913978494623,0.0790399287772951,296.0,101.0,13.517710947847771,4255.0,0.28483920367534454,14.108433734939759,1959.0
corpora_selected_txt/KUK_1.0/data/KUKY/TXT/scott vs harris.txt,671a2e57c6537d54ff0626ed,scott vs harris,TXT,data/KUKY/TXT,KUKY,SourceDB,,,,high,True,Original,,individual,quasiobjective,True,authority,combined,bulk,Anonymized by source,,good,5.0,1.0,1.0,621,1.4122383252818036,0.48299676567947475,0.9997987117552335,0.0050170870925617525,4.0,5.0,3.2,0.2614562582918986,,,,,,,1.0,,,,38.0,1.763157894736842,0.9817747606987689,4.0,127,16.77952755905512,0.6461152446131472,69.0,1.8840579710144927,0.586651016572364,1.0,227,3.092511013215859,0.7485431937225862,158.0,1.3544303797468353,0.5469226559424708,212,2.0141509433962264,1.0529073329373138,1.0,,,105,0.2133216778685433,0.4103843783578485,3.0,46.0,1.434782608695652,0.4322004923471795,0.10681575688002469,0.5370668772593423,290,2.3241379310344827,0.6817374895346665,0.3215815611831052,0.4783754775899279,104,1.0,,,0.45779685264663805,13.992574373267097,5.496118299445471,14867.0,11.578410351201478,8.862411277421065,15.053307231977819,32.32233491219961,15.935564926062847,17.0,6.14752750713344,0.02004991405225214,0.07939370683039138,0.7892747505755948,0.05796727154701518,631.0,128.0,14.487449014876677,6059.0,0.36524953789279113,10.689655172413794,2705.0
corpora_selected_txt/KUK_1.0/data/KUKY/TXT/Tucker vs Southwestern .txt,671a2e57c6537d54ff0626ee,Tucker vs Southwestern,TXT,data/KUKY/TXT,KUKY,SourceDB,,,,high,True,Original,,individual,quasiobjective,True,authority,combined,bulk,Anonymized by source,,good,6.0,1.0,,376,1.4441489361702127,0.47549595597450883,0.9995567375886524,0.008598988660605473,,8.0,6.625,1.3255975902075694,,,,,1.0,1.0,1.0,,,,19.0,1.5263157894736843,0.5928182509529942,1.0,120,12.933333333333334,0.6585801803772109,32.0,1.75,0.6807810253500236,1.0,134,3.253731343283582,0.78757587229215,80.0,1.4,0.586157376617192,136,2.4705882352941178,0.8388855100471065,,1.0,1.0,94,0.18210624871845513,0.40281138224778934,,30.0,1.4666666666666666,0.42873424420217493,0.12238853915038463,0.5066346979564945,170,2.711764705882353,0.6681943486419638,0.3055580416572792,0.42077381749998705,73,5.0,,,0.4131455399061033,10.745848140635562,5.419371196754564,10687.0,10.830679513184583,8.587645236582752,11.85404834347532,45.32372021636243,14.524651791751182,14.666666666666666,6.123080364125087,0.019594165847935142,0.06885210891617732,0.7813667912439936,0.05726612170109174,480.0,120.0,13.454273218885966,4254.0,0.3869168356997972,13.485714285714286,1972.0
corpora_selected_txt/KUK_1.0/data/KUKY/TXT/MATTEL INC v.txt,671a2e57c6537d54ff0626ef,MATTEL INC v,TXT,data/KUKY/TXT,KUKY,SourceDB,,,,high,True,Original,,individual,quasiobjective,True,authority,combined,bulk,Anonymized by source,,good,2.0,,1.0,1066,1.4634146341463414,0.4816323747343817,0.9995532922362191,0.008437493082360765,3.0,23.0,3.5652173913043477,0.7412624450479625,,,,1.0,,,1.0,3.0,,,26.0,1.5,0.5416025603090641,6.0,298,14.845637583892618,0.6473792512668777,111.0,1.7207207207207207,0.6128887710149444,1.0,412,3.0898058252427183,0.8316239595085455,280.0,1.5392857142857144,0.8552781404534598,361,2.326869806094183,0.8990340349965273,,4.0,,229,0.17240881663419605,0.5056449210174265,6.0,91.0,1.3956043956043955,0.5327812464798305,0.12393144189209208,0.6362008030221764,475,2.663157894736842,0.6816619633575797,0.3100543015571149,0.4241425953120488,136,3.0,,,0.39795046968403075,11.493991937424788,5.2734657039711195,29215.0,10.336552346570395,9.294778512186285,12.074092478941033,47.62448423586042,13.812659446450063,27.0,6.047512351671848,0.0329378304388746,0.08268884396250697,0.7514556147766954,0.09486638665168616,955.0,300.0,12.968742320735036,11443.0,0.2951263537906137,15.051612903225806,5540.0
corpora_selected_txt/KUK_1.0/data/KUKY/TXT/NSS_645198.txt,67476b48c6537d54ff063934,NSS_645198,TXT,data/KUKY/TXT,KUKY,SourceDB,,,,medium,False,Original,,individual,quasiobjective,True,authority,combined,bulk,On-site anonymization,,bad,,,,261,1.4597701149425288,0.5454360101375121,0.9988140850209817,0.013577766389116673,,4.0,4.5,0.9686442096757051,,,,,,,2.0,,2.0,,9.0,4.222222222222222,1.6097327766397642,2.0,47,21.851063829787233,0.7021368534226878,18.0,2.8333333333333335,0.97787450666414,1.0,69,3.6231884057971016,0.8213458109569138,27.0,2.7777777777777777,0.9330842158380743,73,2.164383561643836,0.9891781670695033,1.0,1.0,,41,0.13387835705570966,0.5051420197361043,6.0,24.0,1.4583333333333333,0.494441148863483,0.12025672108392697,0.4646999181849784,94,4.840425531914893,1.0040402040475307,0.3741455520300169,0.42916472932653255,69,3.0,,,0.3333333333333333,18.337369176415166,5.356457564575646,7258.0,11.283321033210326,7.77960903292686,17.963145450263006,26.891640025123678,19.649996074428827,16.0,5.96715077774477,0.023329125874372112,0.0816640127388536,0.7168312101910828,0.07047561943126926,241.0,47.0,16.947646163945986,2873.0,0.3195571955719557,18.96470588235294,1355.0
corpora_selected_txt/KUK_1.0/data/KUKY/TXT/NSS_645280.txt,67476b48c6537d54ff063935,NSS_645280,TXT,data/KUKY/TXT,KUKY,SourceDB,,,,medium,False,Original,,individual,quasiobjective,True,authority,combined,bulk,On-site anonymization,,bad,1.0,,,333,1.4744744744744744,0.6328014121725024,0.9962819962819963,0.023894054369617425,,5.0,7.0,0.7759128922285868,,,,,1.0,,,,,,14.0,3.142857142857143,1.7775172868420297,6.0,56,21.767857142857142,0.7056779749002333,25.0,2.84,0.8047398927897629,,102,3.656862745098039,0.8762297175760997,57.0,1.9298245614035088,1.1947901961226857,89,2.561797752808989,0.9596943699989101,,,1.0,48,0.1626715160174457,0.5575149525038112,5.0,24.0,1.2916666666666667,0.5343894593700773,0.09176210481841286,0.5698897598592869,133,3.706766917293233,0.9019797102043969,0.3418375917512546,0.4311013036931919,95,11.0,,,0.3870967741935484,18.598095138334664,5.438237119801365,8761.0,11.665549348230913,8.124339863831361,18.589722089208124,22.51002802163697,18.40968786024652,15.0,6.076614357035954,0.021392968866763635,0.072691798941799,0.7554034391534391,0.06377549508995035,313.0,56.0,15.857485502490093,3532.0,0.3376784605834885,14.770992366412214,1611.0
corpora_selected_txt/KUK_1.0/data/KUKY/TXT/NSS_645279.txt,67476b48c6537d54ff063936,NSS_645279,TXT,data/KUKY/TXT,KUKY,SourceDB,,,,medium,False,Original,,individual,quasiobjective,True,authority,combined,bulk,On-site anonymization,,bad,5.0,,2.0,783,1.421455938697318,0.5516954888715196,0.9986544426199598,0.014267865882883033,,15.0,3.533333333333333,0.640636793507162,,,,1.0,1.0,1.0,,,2.0,1.0,32.0,2.8125,1.4769057173054878,13.0,139,20.741007194244606,0.6402408804392463,59.0,2.711864406779661,0.7626633869606859,3.0,253,3.383399209486166,0.842541584593474,145.0,2.1379310344827585,0.8899067583838101,216,2.5925925925925926,0.9829065891911918,1.0,3.0,3.0,131,0.16668665609473446,0.5134282152272194,8.0,64.0,1.546875,0.5269517783137995,0.1136659373977864,0.5806893840459184,311,3.32475884244373,0.8351722696619254,0.31118000622206243,0.4360559756504669,123,19.0,1.0,,0.3837342497136312,17.75030338167882,5.484218832193583,20851.0,11.8226985796949,8.756533248314245,18.079786353047268,22.97250753738635,18.248443676260617,26.0,6.08856212930788,0.021008922898849546,0.08356737780178236,0.7607804482851742,0.06386082814431525,637.0,140.0,15.921424691001238,8472.0,0.2908995265649658,13.72754491017964,3802.0
corpora_selected_txt/KUK_1.0/data/KUKY/TXT/NSS_645661.txt,67476b48c6537d54ff063937,NSS_645661,TXT,data/KUKY/TXT,KUKY,SourceDB,,,,medium,False,Original,,individual,quasiobjective,True,authority,combined,bulk,On-site anonymization,,bad,10.0,,,795,1.4427672955974842,0.4846084334843134,0.9998203054806829,0.005067531337121387,2.0,27.0,4.777777777777778,1.1972010457951154,,,,,,,,1.0,3.0,,29.0,2.1724137931034484,0.537225968278427,9.0,114,24.00877192982456,0.9346701658936387,50.0,4.06,1.5316513091666477,,207,3.7342995169082127,0.968831634980274,131.0,3.2595419847328246,1.6011996051841626,202,3.108910891089109,1.2089896518554035,2.0,,1.0,103,0.15045186287505183,0.4903179491897999,5.0,56.0,1.2321428571428572,0.4374970164684124,0.08218106096464677,0.40763859086650134,266,3.898496240601504,0.8593485817916624,0.32586819643717413,0.40800746382450603,124,4.0,1.0,,0.3200455580865604,20.74609596770452,5.3660618996798295,20112.0,11.442956243329776,8.587641712350896,20.126584984455477,19.190001883903307,20.475155677230756,25.0,6.066507345611653,0.0245502428977751,0.08177582899424507,0.7572595231570293,0.07036238249265632,534.0,115.0,17.193214862641202,8032.0,0.25960512273212377,15.803571428571429,3748.0
corpora_selected_txt/KUK_1.0/data/KUKY/TXT/NSS_708496.txt,67476b48c6537d54ff06393e,NSS_708496,TXT,data/KUKY/TXT,KUKY,SourceDB,,,,medium,False,Original,,individual,quasiobjective,True,authority,combined,bulk,On-site anonymization,,bad,3.0,,1.0,406,1.4211822660098523,0.5173956644207464,0.9992376260849167,0.01088924755272865,2.0,7.0,5.0,0.9018499505645788,,,,,,,1.0,2.0,1.0,,15.0,1.6,0.5689118686454997,2.0,80,19.4125,0.8223627152006525,30.0,1.9,0.6678913830918674,,117,4.153846153846154,1.0039183438196857,64.0,1.59375,0.878280187959279,129,2.441860465116279,1.1916577469815077,1.0,,,73,0.14040458690679297,0.513215717091492,,22.0,1.3181818181818181,0.4308209651782791,0.11613210471393696,0.8170080098158078,147,3.8979591836734695,0.8512510104342432,0.3309535210423482,0.38413574115742294,69,9.0,,,0.32754342431761785,15.40392352941177,5.129411764705883,10464.0,10.086666666666668,8.276030456448503,15.29417058823529,38.841705882352954,16.47450980392157,17.0,5.946695953357537,0.037434825330722336,0.07607934054611032,0.7065172591447707,0.11575355514288586,320.0,80.0,14.554592549557764,4116.0,0.2995098039215686,18.709923664122137,2040.0
corpora_selected_txt/KUK_1.0/data/KUKY/TXT/NSS_708487.txt,67476b48c6537d54ff06393c,NSS_708487,TXT,data/KUKY/TXT,KUKY,SourceDB,,,,medium,False,Original,,individual,quasiobjective,True,authority,combined,bulk,On-site anonymization,,bad,1.0,,1.0,484,1.4896694214876034,0.5930310778438548,0.9986029122392759,0.014045554297223853,1.0,6.0,4.333333333333333,1.1083331479586387,,,,,,1.0,,2.0,1.0,,20.0,2.1,0.7709364437864109,5.0,79,22.341772151898734,0.8000315493482578,56.0,2.5714285714285716,0.8319517166340397,,134,3.985074626865672,0.9637933348031462,65.0,1.9076923076923078,0.9160417098319951,138,2.4420289855072466,0.811511471136755,,,1.0,74,0.14673025398928774,0.4647362239045223,2.0,35.0,1.7714285714285714,0.5981444855639624,0.13020782131482475,0.5950302843121967,186,3.7419354838709675,0.7603571374742386,0.3394315675627814,0.4267586018347788,104,9.0,,,0.3382352941176471,18.429885616842654,5.2979274611398965,12270.0,11.02469775474957,8.331899116148401,17.973282782405278,27.73186707767647,18.35870663081262,19.0,5.99958796658296,0.02612028090167221,0.09112313937753724,0.7348804691023906,0.07729172711656176,389.0,79.0,15.724066083039343,4849.0,0.30569948186528495,17.5125,2316.0
corpora_selected_txt/KUK_1.0/data/KUKY/TXT/NSS_708170.txt,67476b48c6537d54ff06393b,NSS_708170,TXT,data/KUKY/TXT,KUKY,SourceDB,,,,medium,False,Original,,individual,quasiobjective,True,authority,combined,bulk,On-site anonymization,,bad,1.0,,,343,1.4839650145772594,0.6137107317234607,0.9967895321393864,0.022458050620517766,2.0,6.0,10.666666666666666,0.4580017740140315,,,,,,,2.0,,2.0,,9.0,2.2222222222222223,0.585768725692999,2.0,54,23.62962962962963,0.7652208526773475,20.0,1.65,0.5988405661624754,,81,3.9753086419753085,0.8668314669970328,38.0,2.736842105263158,0.8650091585611626,82,2.792682926829268,1.2311181116427716,1.0,1.0,,47,0.1319047911700584,0.6769584459738323,7.0,20.0,1.4,0.4861121766990861,0.11808910452292805,0.6981998890767848,100,5.25,0.8101036318664004,0.3504666361161977,0.3477116003474673,79,5.0,,,0.30392156862745096,18.995930178822576,5.210367691380349,8644.0,10.657805907172994,7.973864548949841,18.167852722523605,29.033580671086995,19.956158328310227,18.0,5.9146232302408634,0.03500873866059229,0.07604487179487174,0.6973782051282051,0.1036983875842764,278.0,54.0,16.99224021665606,3376.0,0.30560578661844484,21.902173913043477,1659.0
corpora_selected_txt/KUK_1.0/data/KUKY/TXT/NSS_674583.txt,67476b48c6537d54ff063941,NSS_674583,TXT,data/KUKY/TXT,KUKY,SourceDB,,,,medium,False,Original,,individual,quasiobjective,True,authority,combined,bulk,On-site anonymization,,bad,2.0,1.0,3.0,1051,1.4224548049476688,0.5108463101277203,0.9989522450274116,0.01287792428512475,1.0,14.0,3.5714285714285716,0.8834895846323519,,,,,1.0,2.0,,,3.0,1.0,31.0,3.064516129032258,1.4856879544712418,8.0,152,26.138157894736842,0.8817943612593261,80.0,2.725,0.8069064832840911,,270,3.848148148148148,0.9610005476919434,128.0,1.890625,0.8243247318485876,281,2.6405693950177938,0.9534228777987812,3.0,6.0,1.0,145,0.13568772700502588,0.5007116280415946,3.0,76.0,1.368421052631579,0.48973687738721305,0.10482825692313227,0.8638536406574603,377,3.923076923076923,1.0181466375749255,0.3230524304123942,0.37857595662500837,255,5.0,,,0.3097674418604651,21.714590572497812,5.251891074130106,27772.0,10.961800302571858,8.65128880774849,20.60774133091806,20.02100529500757,21.51790747670993,30.0,5.989534919266372,0.033012150626513075,0.08504528810946232,0.7279899788013104,0.09547672518194183,540.0,152.0,17.81857155860457,10949.0,0.20953101361573373,19.33132530120482,5288.0
corpora_selected_txt/KUK_1.0/data/KUKY/TXT/NSS_645239.txt,67476b48c6537d54ff063944,NSS_645239,TXT,data/KUKY/TXT,KUKY,SourceDB,,,,medium,False,Original,,individual,quasiobjective,True,authority,combined,bulk,On-site anonymization,,bad,9.0,,3.0,1207,1.4457332228666113,0.5662346030213851,0.9985797135755711,0.014880137119799434,2.0,29.0,3.9310344827586206,0.6830326922689527,,,,1.0,6.0,1.0,1.0,3.0,3.0,,59.0,2.610169491525424,1.188358794971739,16.0,203,23.295566502463053,0.692264998046558,96.0,2.9166666666666665,0.8184342285524022,3.0,372,3.9381720430107525,1.490426613974037,223.0,2.116591928251121,1.0635467367832685,310,3.009677419354839,1.989709707858801,3.0,5.0,2.0,187,0.14839200783766135,0.41948860365106483,20.0,93.0,1.4086021505376345,0.5153095826484785,0.09692477349821715,0.5997727081187146,464,3.7370689655172415,0.8072752903410267,0.3161520369769043,0.426345750767442,254,31.0,1.0,,0.34658298465829845,19.699942028985504,5.469342251950947,34342.0,11.863051441312306,8.989998285853297,19.71613091256569,17.765910017518735,19.771492275840103,34.0,6.083427366800515,0.0237777642828445,0.07327022653721682,0.7625469255663431,0.07369266041758668,847.0,207.0,16.87804436527475,13981.0,0.24717311673833414,15.453629032258064,6279.0
corpora_selected_txt/KUK_1.0/data/KUKY/TXT/33 Cdo 30_2024.txt,677e929cc6537d54ff06509c,33 Cdo 30_2024,TXT,data/KUKY/TXT,KUKY,SourceDB,,,,high,True,Original,,individual,quasiobjective,True,authority,combined,bulk,Anonymized by source,,good,1.0,,1.0,617,1.4700162074554295,0.5694769901514595,0.9986879678938025,0.014571819226601918,,10.0,3.0,0.2721655269759087,,,,,1.0,,,,3.0,,18.0,2.1666666666666665,1.1659993450584116,19.0,108,20.11111111111111,1.0251453751487285,43.0,2.8372093023255816,0.717107720593423,2.0,159,3.69811320754717,0.8977474298832128,104.0,2.105769230769231,0.9701128945346538,150,3.2066666666666666,1.502025108121499,,1.0,,69,0.15112748501474121,0.41271292605341997,17.0,46.0,1.2826086956521738,0.48378211407770855,0.09188184994063982,0.5237873977329731,236,3.75,0.7826487124452445,0.3604791930003372,0.43263327938157203,195,2.0,,,0.3776,17.0322866498541,5.321903428971309,15210.0,11.052204338698393,8.42987591198096,17.45282592392094,26.87693548727833,19.46230244134307,20.0,6.0046785371968845,0.023489897904529943,0.07987676694454504,0.7299093874592244,0.07231899630882739,351.0,106.0,16.945275712575267,6204.0,0.25927221833449965,14.663829787234043,2858.0
corpora_selected_txt/KUK_1.0/data/KUKY/TXT/7-Co-1752-2016-Vyber-judikatury.txt,67843083c6537d54ff06516b,7-Co-1752-2016-Vyber-judikatury,TXT,data/KUKY/TXT,KUKY,SourceDB,,,,medium,True,Original,,individual,quasiobjective,True,authority,combined,bulk,Anonymized by source,,bad,1.0,,5.0,314,1.3471337579617835,0.4985131973087663,0.9984076433121019,0.01626464848239859,,10.0,3.2,0.7482618748361654,,,,,1.0,,,,,,12.0,1.9166666666666667,0.6841941759399165,7.0,70,14.028571428571428,0.5890633655602099,27.0,1.5925925925925926,0.5299217618461046,1.0,88,3.102272727272727,0.8236922406721343,58.0,2.1206896551724137,0.8702818709857969,69,2.5217391304347827,1.2158211033886517,,1.0,1.0,67,0.17195190234113628,0.47516604887290503,4.0,23.0,1.1304347826086956,0.4048854425939878,0.09813399161225247,0.6194996695003235,112,3.75,0.6824556730995396,0.3570881285519506,0.3771539633869373,64,1.0,,,0.420863309352518,11.864744420485174,5.295094339622642,7016.0,10.476,7.681418752555761,13.246065444743934,40.508345552560655,15.96388140161725,15.0,5.875708842909347,0.03371559377804079,0.10904567699836865,0.685652528548124,0.09791686770493083,207.0,70.0,14.513714090956267,2872.0,0.2958490566037736,13.35344827586207,1325.0
corpora_selected_txt/KUK_1.0/data/KUKY/TXT/35-C-296-2023-68-www-justice-cz.txt,67843083c6537d54ff06516c,35-C-296-2023-68-www-justice-cz,TXT,data/KUKY/TXT,KUKY,SourceDB,,,,medium,False,Original,,individual,quasiobjective,True,authority,combined,bulk,Anonymized by source,,bad,,,,334,1.31437125748503,0.45288121167074025,0.999500998003992,0.009124147220417917,,5.0,5.4,0.7812971522121845,,,,2.0,2.0,,,,,,7.0,1.8571428571428572,0.5756395979652218,12.0,75,16.30666666666667,1.1996369285627402,28.0,1.5714285714285714,0.7634118637450983,,96,3.4895833333333335,0.890806751535752,46.0,1.9565217391304348,0.6725338528763783,109,2.7155963302752295,1.9614637802179908,,,,49,0.17344248628403386,0.4480156366914664,6.0,20.0,1.5,0.5514467945790075,0.1367076080524223,0.6118575759128454,132,3.340909090909091,0.8928643263632371,0.3266814774875933,0.4128725544243555,59,4.0,,,0.3712374581939799,11.048494621993129,4.768685567010309,7401.0,8.130734536082477,8.000898378362772,11.621370962199308,54.86682914089347,14.64331271477663,16.0,5.90168532822953,0.036675996333331524,0.08293874741913276,0.6924845147969718,0.11561633622477832,232.0,75.0,13.49633112504009,2932.0,0.3073453608247423,17.254545454545454,1552.0
corpora_selected_txt/KUK_1.0/data/KUKY/TXT/25-C-205-2023-79-www-justice-cz.txt,67843083c6537d54ff06516d,25-C-205-2023-79-www-justice-cz,TXT,data/KUKY/TXT,KUKY,SourceDB,,,,medium,False,Original,,individual,quasiobjective,True,authority,combined,bulk,Anonymized by source,,bad,,,,509,1.3477406679764243,0.515754756378074,0.9993918982131164,0.009726187087134297,,11.0,24.636363636363637,1.9000709113105052,,,,2.0,2.0,,,,,,8.0,2.875,0.8405083142378769,5.0,112,18.625,1.309147850848956,36.0,1.5,0.721550359042888,2.0,108,3.9537037037037037,0.7641873045831316,80.0,1.975,0.9290077814999688,147,2.0136054421768708,0.9881045337457235,,2.0,,78,0.13129201285612857,0.55998208573352,2.0,15.0,1.2666666666666666,0.4686448734510503,0.11546164258857756,0.7060020120435184,176,4.306818181818182,0.9859476088637288,0.33922007990590625,0.40836166399427365,105,3.0,,,0.3247311827956989,11.548164482306685,4.446483180428134,11632.0,6.774006116207952,8.11907241034233,10.908048001310615,64.7001369593709,15.092092616863262,22.0,5.806927861933099,0.03410472065767818,0.05526023043305517,0.6563925307906238,0.1070193187191043,298.0,112.0,13.596283718651353,4341.0,0.23700305810397554,21.826666666666668,2616.0
corpora_selected_txt/KUK_1.0/data/KUKY/TXT/8-A-149-2019-99-www-nssoud-cz.txt,67843084c6537d54ff06516e,8-A-149-2019-99-www-nssoud-cz,TXT,data/KUKY/TXT,KUKY,SourceDB,,,,medium,False,Original,,individual,quasiobjective,True,authority,combined,bulk,Anonymized by source,,bad,14.0,,,1198,1.4616026711185308,0.5283134962486683,0.9995180459495985,0.0083781652704943,1.0,6.0,3.6666666666666665,0.3726163914894399,,,,,4.0,2.0,,,3.0,1.0,37.0,2.8378378378378377,0.9230673940499555,17.0,215,19.12558139534884,0.8233820830603609,82.0,3.0609756097560976,0.9744810827422008,1.0,319,4.137931034482759,0.9919773397752255,172.0,2.7325581395348837,1.047007166414358,299,2.849498327759197,1.118340989201383,1.0,4.0,1.0,174,0.13887365903144344,0.4762378646384864,9.0,81.0,1.4074074074074074,0.5242723489226524,0.09221440218315576,0.5172137865451406,429,3.8414918414918415,0.7770057160648485,0.3182493660836659,0.3683014982373645,234,4.0,,,0.358974358974359,15.15525249651796,5.0395644283121594,27768.0,9.669981851179672,8.580059631367055,15.206141754948717,39.67999978896721,16.944447727176804,31.0,6.047027415310622,0.025965531518621646,0.07549066715948982,0.7451931251155055,0.0776665602603709,549.0,215.0,14.959274926462317,11024.0,0.20018148820326678,16.496296296296297,5510.0
corpora_selected_txt/KUK_1.0/data/KUKY/TXT/36-C-315-2022-28-www-justice-cz.txt,67843084c6537d54ff06516f,36-C-315-2022-28-www-justice-cz,TXT,data/KUKY/TXT,KUKY,SourceDB,,,,medium,True,Original,,individual,quasiobjective,True,authority,combined,bulk,Anonymized by source,,bad,,,,134,1.328358208955224,0.4405689020816665,1.0,-1.0,,,,,,,,1.0,,,2.0,,,,3.0,2.3333333333333335,0.9897433186107871,1.0,37,13.72972972972973,0.962999109703704,6.0,2.5,1.1242775458044156,,44,3.2045454545454546,0.6510356932341304,21.0,1.7619047619047619,0.5046171045515498,45,2.688888888888889,1.2456841314811944,,,,25,0.1701947423415689,0.5037045489391005,2.0,10.0,1.6,0.32274861218395134,0.24721434997750785,1.1683626520407302,65,2.923076923076923,0.840832199721587,0.3640472788875657,0.4380382478707543,24,1.0,,,0.5,10.211511196911196,5.171428571428572,3258.0,9.72603174603175,7.590398852489075,11.30692706992707,50.15787430287429,12.207636207636208,9.0,5.9692199346653,0.019983115209443958,0.09467043314500945,0.71969868173258,0.051395585675371364,157.0,37.0,11.78781682335362,1300.0,0.44761904761904764,12.3,630.0
corpora_selected_txt/KUK_1.0/data/KUKY/TXT/Justice.cz___50_C_6_2020-37.txt,67843084c6537d54ff065171,Justice.cz___50_C_6_2020-37,TXT,data/KUKY/TXT,KUKY,SourceDB,,,,medium,False,Original,,individual,quasiobjective,True,authority,combined,bulk,Anonymized by source,,bad,1.0,,1.0,339,1.40117994100295,0.6106358217496858,0.9992401895056763,0.010306123174622954,,6.0,6.0,1.0055402085998904,,,,,1.0,,6.0,,1.0,,13.0,2.230769230769231,0.8417137078090121,10.0,56,18.642857142857142,0.8174933146056467,19.0,2.0,0.4714045207910317,2.0,83,3.4096385542168677,0.7760112591927278,57.0,2.0701754385964914,0.6114229961249587,88,1.875,0.7224196606046219,,1.0,,54,0.1605089739057899,0.4597735528087932,2.0,13.0,1.0769230769230769,0.25753937681885636,0.08143657498861118,0.4050651857545819,110,4.036363636363636,0.6463322807391964,0.346947085938282,0.3603183224739331,74,,,,0.3474025974025974,14.852774747623243,5.043994413407821,7223.0,9.668365921787709,7.872277507553005,15.140949034597668,39.18016945996274,17.28375967852592,16.0,5.844084986062804,0.029883588632988844,0.09564891222805705,0.668867216804201,0.0986011175491104,239.0,57.0,15.306579019204175,2896.0,0.31424581005586594,15.481132075471699,1432.0
corpora_selected_txt/KUK_1.0/data/KUKY/TXT/Justice.cz___11_C_339_2024-31.txt,67843084c6537d54ff065170,Justice.cz___11_C_339_2024-31,TXT,data/KUKY/TXT,KUKY,SourceDB,,,,medium,False,Original,,individual,quasiobjective,True,authority,combined,bulk,Anonymized by source,,bad,1.0,,1.0,165,1.3636363636363635,0.45155557689435116,1.0,-1.0,,2.0,6.0,-1.0,,,,,,,3.0,,,,5.0,2.8,1.083267920578793,4.0,27,20.51851851851852,0.9050751312381795,6.0,2.1666666666666665,0.5395593205153902,1.0,41,3.292682926829268,0.7065400927097557,22.0,2.3181818181818183,0.6156392900173928,35,1.8285714285714285,0.7202270628481157,,1.0,,22,0.15104287555397056,0.5604168215614215,1.0,6.0,1.0,-1.0,0.08408374033374033,0.36796694018626586,53,4.339622641509434,0.7943297305329142,0.34377646333952194,0.40217203681034236,43,,,,0.3669064748201439,15.165747438816169,4.824701195219124,3633.0,8.712616201859232,7.689087658777386,14.862722633276416,44.38140447732877,17.13164484917473,10.0,5.9631319781837,0.022703347038662537,0.07136085626911315,0.7130428134556575,0.07430436756299671,186.0,28.0,14.955608360458719,1424.0,0.4249667994687915,17.52,753.0
corpora_selected_txt/KUK_1.0/data/KUKY/TXT/32-A-6-2021-28-www-nssoud-cz.txt,678430cbc6537d54ff065173,32-A-6-2021-28-www-nssoud-cz,TXT,data/KUKY/TXT,KUKY,SourceDB,,,,medium,False,Original,,individual,quasiobjective,True,authority,combined,bulk,Anonymized by source,,bad,6.0,,3.0,1007,1.3704071499503476,0.4651864885063282,0.9993616115761101,0.010141305869341075,1.0,10.0,4.9,0.8788420603928522,,1.0,,,1.0,1.0,2.0,2.0,2.0,,15.0,2.066666666666667,1.1044055459522704,25.0,184,17.092391304347824,0.9244820967758728,80.0,3.0625,1.546772521259808,2.0,224,4.017857142857143,0.9445740642023053,148.0,2.2364864864864864,1.0131385464235405,229,3.1921397379912664,1.345432356944233,,9.0,,140,0.14437790499332248,0.4807345728160012,7.0,56.0,1.3214285714285714,0.5021237849091981,0.10250725903783178,0.5421936231930269,332,4.168674698795181,0.8412300317102598,0.3494355364079505,0.36425869161999,277,1.0,,1.0,0.3381818181818182,13.119737681159421,5.022705314009662,20794.0,9.435603864734299,8.31171921748015,13.809046135265703,43.34793236714975,15.560386473429952,27.75,5.889939432193497,0.03130099139349853,0.08061618411284344,0.6865602573620391,0.09715225289648798,378.0,184.0,14.10325048955459,8387.0,0.20217391304347826,17.70863309352518,4140.0
corpora_selected_txt/KUK_1.0/data/KUKY/TXT/Krajsky urad_rozhodnuti zmocneni.txt,67855b52c6537d54ff065188,Krajsky urad_rozhodnuti zmocneni,TXT,data/KUKY/TXT,KUKY,SourceDB,,,,medium,False,Original,,individual,quasiobjective,True,authority,combined,public,On-site anonymization,,bad,,,2.0,162,1.4135802469135803,0.47074018923544286,1.0,-1.0,,3.0,19.0,0.9517442800013223,,25.0,,,,,,,1.0,,1.0,2.0,,2.0,25,27.36,0.9542017354101969,15.0,1.6666666666666667,0.5398412465054623,,38,5.447368421052632,1.1077960503702249,23.0,3.6956521739130435,0.9388875911291751,74,14.175675675675675,0.9371271528420753,,,,23,0.11428289727350618,0.5876877902078324,,11.0,1.0909090909090908,0.27638539919628335,0.07610978593598915,0.262666672960437,51,3.8823529411764706,0.7704005374235163,0.3016280781471716,0.4117651807619248,33,,,,0.27972027972027974,22.552764179104486,4.549253731343284,4572.0,7.770049751243784,7.347423209982386,20.377883582089552,31.694450746268657,21.65213930348259,12.0,5.360623219120041,0.27755561853973176,0.0765452538631346,0.6327262693156733,0.33542785580650436,208.0,25.0,16.647925096878797,1746.0,0.34427860696517415,22.205128205128204,1005.0
corpora_selected_txt/KUK_1.0/data/KUKY/TXT/Krajsky urad_usneseni necinnost.txt,67855b52c6537d54ff065189,Krajsky urad_usneseni necinnost,TXT,data/KUKY/TXT,KUKY,SourceDB,,,,medium,False,Original,,individual,quasiobjective,True,authority,combined,public,On-site anonymization,,bad,,,,153,1.5751633986928104,0.641886154505688,0.9968876439464674,0.02220529879547442,,,,,,,1.0,,,,,,,,5.0,1.4,0.6388765649999399,4.0,28,28.214285714285715,1.3421414984051323,9.0,2.5555555555555554,0.6521739130434784,,35,6.142857142857143,1.5921517981424353,24.0,6.458333333333333,2.453734964079192,38,4.421052631578948,1.606853255760716,,2.0,,22,0.13520163791061623,0.5469989965753685,1.0,10.0,1.0,-1.0,0.09771936396936397,0.5782558655542559,47,5.085106382978723,1.2972275105692466,0.2957715277752728,0.3521693625960986,52,,,,0.2967032967032967,20.808027626681934,4.857715430861724,4848.0,9.128857715430867,7.811239901554346,19.153557257371887,31.51587432006872,20.269166905239054,12.0,5.934344170630389,0.035473300158678056,0.04976640711902114,0.704015572858732,0.11210711589765285,181.0,28.0,16.351538315227643,1859.0,0.35671342685370744,17.264150943396228,998.0
corpora_selected_txt/KUK_1.0/data/KUKY/TXT/Obecni urad_rozhodnuti zadost dle 106pdf.txt,67855b52c6537d54ff06518a,Obecni urad_rozhodnuti zadost dle 106pdf,TXT,data/KUKY/TXT,KUKY,SourceDB,,,,high,True,Original,,individual,quasiobjective,True,authority,combined,public,On-site anonymization,,good,,,3.0,118,1.4491525423728813,0.5306767453320271,0.9987893462469734,0.013167006656000265,,3.0,3.6666666666666665,0.3149183286488868,,,,,,,,,,,3.0,1.0,-1.0,3.0,30,17.3,0.6930018310473248,13.0,2.923076923076923,0.866158669216294,,37,3.4594594594594597,1.264764689597272,14.0,1.5,0.43362909039199393,30,4.1,1.2990859715682272,,1.0,,25,0.1372544540474294,0.5121706415083637,1.0,2.0,1.5,0.47140452079103173,0.09583333333333333,0.43041282333094205,40,3.875,1.0440803568004473,0.2499744018165071,0.33862618822204527,29,,,,0.2671232876712329,15.203446891070591,5.373071528751753,3831.0,11.150070126227208,7.58651776054152,15.96091631603553,31.06392155212717,17.02419822346891,8.0,6.057339259930692,0.018696591216698102,0.0682736156351792,0.7482736156351791,0.063906894845833,111.0,30.0,15.202697889610203,1561.0,0.38288920056100983,20.44736842105263,713.0
corpora_selected_txt/KUK_1.0/data/KUKY/TXT/Odbor zivotniho prostredi_rozhodnuti.txt,67855b52c6537d54ff06518b,Odbor zivotniho prostredi_rozhodnuti,TXT,data/KUKY/TXT,KUKY,SourceDB,,,,medium,True,Original,,individual,quasiobjective,True,authority,combined,public,On-site anonymization,,bad,1.0,,1.0,153,1.4248366013071896,0.5198268726183122,0.9989106753812637,0.013488895176502704,,3.0,18.0,1.3017082793177757,,,1.0,,,,,,,,3.0,2.6666666666666665,0.5728219618694801,2.0,25,28.4,1.7960047721463437,4.0,8.5,1.5324253868690134,,25,5.28,1.204700294984034,24.0,27.25,1.1697282901939121,25,2.24,0.8179110764084104,,,,20,0.11247052897532077,0.5420397416072295,2.0,4.0,1.0,-1.0,0.08445894383394384,0.4728494611606399,39,5.076923076923077,0.8731740616044311,0.3665612624707685,0.33223894934366927,26,1.0,,,0.22794117647058823,20.068434324631106,4.725312145289444,4163.0,8.49738933030647,7.872005377135612,18.435473098751416,35.6521308967083,19.31733938706016,10.0,5.993287515547078,0.04404592248404383,0.053580562659846565,0.730613810741688,0.12839196044077467,235.0,25.0,15.381575749822971,1592.0,0.4245175936435868,23.5,881.0
corpora_selected_txt/KUK_1.0/data/KUKY/TXT/Pravni rada_kanalizace.txt,67855b52c6537d54ff06518c,Pravni rada_kanalizace,TXT,data/KUKY/TXT,KUKY,SourceDB,,,,high,True,Original,,individual,quasiobjective,False,individual,natural person,individual,On-site anonymization,,good,,,,104,1.4903846153846154,0.5530981665192689,0.9986263736263736,0.014027563998879729,,,,,,,,1.0,,,,,1.0,,10.0,2.0,0.6236095644623235,4.0,22,16.045454545454547,0.6089625618278771,13.0,2.5384615384615383,0.7122823802147368,,39,3.4871794871794872,0.8000029166992906,24.0,2.5,1.000869187473959,28,1.9285714285714286,0.629992633193732,,,,21,0.17264557115286883,0.3280580253238325,3.0,8.0,1.75,0.40406101782088427,0.1092948717948718,0.5015426256115156,45,3.111111111111111,0.6791692513542981,0.32150059816726484,0.36204953441067156,14,6.0,,,0.4642857142857143,13.356195532915358,5.329741379310345,2473.0,10.793750000000005,7.2686578829397215,14.611759796238246,35.25022413793101,15.160501567398121,7.0,5.952136282296804,0.0248570365217752,0.13863013698630144,0.717972602739726,0.07822241906799934,148.0,22.0,13.88584557914918,1018.0,0.4956896551724138,10.03921568627451,464.0
corpora_selected_txt/KUK_1.0/data/KUKY/TXT/Pravni rada_oddluzeni.txt,67855b52c6537d54ff06518d,Pravni rada_oddluzeni,TXT,data/KUKY/TXT,KUKY,SourceDB,,,,medium,True,Original,,individual,quasiobjective,False,individual,natural person,individual,On-site anonymization,,bad,2.0,,1.0,138,1.4202898550724639,0.5019259913813688,0.9987922705314011,0.014204764358489393,,1.0,2.0,,,,,,,1.0,,1.0,,,5.0,1.6,0.5590169943749473,11.0,23,17.08695652173913,0.6776760716702249,19.0,2.0526315789473686,0.967210242627926,,48,3.5,1.4675532524747872,19.0,2.1052631578947367,0.6697843765803373,38,2.026315789473684,0.7822976575298166,,,,21,0.20353200428510987,0.37574661177613555,1.0,8.0,1.0,-1.0,0.06785793862999745,0.2495877411555237,60,2.5,0.7671209658660012,0.29689274834785667,0.3630846360134043,26,1.0,,,0.38666666666666666,15.60763531340254,5.405745062836624,3011.0,11.326032315978454,7.314252504049312,17.073129654203413,24.33375513230817,16.94009835297791,9.0,5.821579248004457,0.0295728620768259,0.13323144104803497,0.6647598253275109,0.09363015183374071,152.0,23.0,15.100410759659855,1273.0,0.44344703770197486,11.228070175438596,557.0
corpora_selected_txt/KUK_1.0/data/KUKY/TXT/Pravni rada_kompenzacni bonus.txt,67855b52c6537d54ff06518f,Pravni rada_kompenzacni bonus,TXT,data/KUKY/TXT,KUKY,SourceDB,,,,medium,False,Original,,individual,quasiobjective,False,individual,natural person,individual,On-site anonymization,,bad,6.0,,1.0,108,1.3333333333333333,0.46988763818956175,0.9984567901234568,0.01606229496972683,1.0,4.0,3.5,0.5471012044321932,,,,,,1.0,1.0,,1.0,,6.0,2.0,0.4472135954999579,1.0,23,17.782608695652176,0.7527429686472561,10.0,2.1,0.6127066370037709,,34,2.823529411764706,0.9122511883465707,23.0,1.8695652173913044,0.7085827979791883,25,3.0,0.8713548411865624,,2.0,1.0,21,0.18666243177112743,0.6279673693301242,1.0,8.0,2.0,0.7071067811865475,0.10041502346552655,0.5777615695395534,44,3.0,0.9064796888825414,0.29024481240390326,0.4696412310011034,26,,,,0.38461538461538464,15.165227621483375,5.382352941176471,2928.0,11.187867647058821,7.830876214514216,16.3882260230179,27.940771099744268,18.504987212276216,8.0,6.168671277750844,0.02073752834585469,0.057528089887640466,0.8008089887640449,0.05525436658398256,219.0,23.0,16.340035539396403,1220.0,0.5735294117647058,12.0,544.0
corpora_selected_txt/KUK_1.0/data/KUKY/TXT/Pravni rada_najemne.txt,67855b52c6537d54ff06518e,Pravni rada_najemne,TXT,data/KUKY/TXT,KUKY,SourceDB,,,,high,True,Original,,individual,quasiobjective,False,individual,natural person,individual,On-site anonymization,,good,,,,118,1.3559322033898304,0.5827492497071,0.9971751412429379,0.02166643030473958,,3.0,2.0,-1.0,,,,,1.0,,,,,,7.0,2.0,0.5773502691896257,4.0,20,17.3,0.547119746479299,12.0,2.4166666666666665,0.513149962498819,,36,4.027777777777778,0.8569471493917743,22.0,1.7272727272727273,0.6235919371691404,25,2.16,0.6222791714091342,,1.0,,18,0.18742073357992953,0.2694253053481146,4.0,11.0,1.5454545454545454,0.44488636238091855,0.09400420906175383,0.33343725233515875,42,3.119047619047619,0.6341539396928345,0.31087727437517354,0.40666281251985925,21,,,,0.5154639175257731,13.905236244541484,5.168122270742358,2367.0,10.141266375545849,7.073170311532148,15.097109170305671,35.32576331877732,15.797554585152838,7.0,5.879869888680408,0.026282932731425363,0.09746518105849589,0.6877158774373259,0.07817399928426043,128.0,20.0,14.265292616868656,982.0,0.4497816593886463,10.36734693877551,458.0
corpora_selected_txt/KUK_1.0/data/KUKY/TXT/Pravni rada_myslivecky sbor.txt,67855b52c6537d54ff065190,Pravni rada_myslivecky sbor,TXT,data/KUKY/TXT,KUKY,SourceDB,,,,medium,False,Original,,individual,quasiobjective,False,individual,natural person,individual,On-site anonymization,,bad,1.0,,,191,1.4397905759162304,0.5812242183499585,0.9992520568436799,0.010344517186441061,,1.0,3.0,,,,,,,,,,,,4.0,3.5,0.4948716593053935,3.0,27,18.74074074074074,0.5617100054858661,11.0,3.090909090909091,0.6044815331136532,1.0,52,3.480769230769231,1.132846346445836,28.0,1.7142857142857142,0.8528576992347744,44,2.659090909090909,0.9138023584778798,,,,26,0.1755473392794338,0.37975936919742015,2.0,7.0,1.0,-1.0,0.08870308889105881,0.3749927586782612,59,4.186440677966102,0.789088061835831,0.36822922516984496,0.32121912649676965,28,,,,0.44285714285714284,16.31582686698586,5.476968796433878,3686.0,11.694353640416045,7.320724309793694,16.490092179847004,29.62699449672556,16.567695778988497,10.0,5.997378509358651,0.021374551521210317,0.11010452961672468,0.7286236933797909,0.059141564504729786,151.0,27.0,14.712192995108577,1468.0,0.39078751857355126,12.852459016393443,673.0
corpora_selected_txt/KUK_1.0/data/KUKY/TXT/Urad mestske casti_rozhodnuti trvaly pobyt.txt,67855b52c6537d54ff065192,Urad mestske casti_rozhodnuti trvaly pobyt,TXT,data/KUKY/TXT,KUKY,SourceDB,,,,medium,True,Original,,individual,quasiobjective,True,authority,combined,public,Anonymized by source,,bad,,,,172,1.3662790697674418,0.5127512173157861,0.9982004429678849,0.016719359004495046,,9.0,4.444444444444445,0.5408326913195983,,,,,,,,,,,1.0,1.0,,3.0,31,21.677419354838708,0.7640105680248578,12.0,3.1666666666666665,1.352129745122645,,28,4.178571428571429,1.0683773345988061,21.0,4.857142857142857,0.5138227718099403,75,4.786666666666667,0.9075799660475272,,,,25,0.10749753385605194,0.7712479004591364,4.0,8.0,1.25,0.37032803990902063,0.10022702991452992,0.36764311397388055,39,5.435897435897436,0.7710663946667335,0.33345789621424604,0.367143576975673,45,,,,0.1875,16.594950146627568,4.590909090909091,4343.0,7.740063424947147,7.309068647661724,15.395383925526836,47.52427327286368,17.618713769351427,13.0,5.733278797451953,0.14947650481278718,0.0677095631641087,0.6825383707201889,0.16583767739082747,154.0,31.0,14.73741203866853,1649.0,0.3107822410147992,58.80769230769231,946.0
corpora_selected_txt/KUK_1.0/data/KUKY/TXT/Urad mestske casti_enviro stanovisko.txt,67855b52c6537d54ff065191,Urad mestske casti_enviro stanovisko,TXT,data/KUKY/TXT,KUKY,SourceDB,,,,medium,False,Original,,individual,quasiobjective,True,authority,combined,public,On-site anonymization,,bad,6.0,,2.0,302,1.5463576158940397,0.5614061389083305,0.998561179438663,0.014509472024757445,,8.0,7.5,0.7440771422714137,,,,1.0,,1.0,1.0,,1.0,,3.0,3.0,1.1547005383792515,1.0,55,18.418181818181818,0.8641509268448697,24.0,2.0,0.9999999999999998,,63,5.238095238095238,2.2294543149065427,21.0,6.523809523809524,2.6706831244092437,69,3.0144927536231885,2.397208170906811,,1.0,,48,0.13580295324447453,0.4929453113434272,4.0,10.0,1.3,0.37157376272280607,0.10258785332314743,0.401260233626078,86,4.662790697674419,0.9526639964475422,0.34044288725349087,0.3172949806552708,57,,,,0.18322981366459629,16.573047072419108,5.406073446327683,7655.0,11.397669491525422,8.19004254562038,15.892722521828446,35.225181920903964,16.936599897277866,14.0,6.069726462453241,0.029035890902164522,0.08805618830675788,0.75459377372817,0.09025915719995994,269.0,55.0,14.93767581282657,2930.0,0.3594632768361582,26.913793103448278,1416.0
corpora_selected_txt/KUK_1.0/data/KUKY/TXT/Pravni rada_uver SVJ.txt,67855b52c6537d54ff065194,Pravni rada_uver SVJ,TXT,data/KUKY/TXT,KUKY,SourceDB,,,,medium,True,Original,,individual,quasiobjective,False,individual,natural person,individual,On-site anonymization,,bad,,,2.0,165,1.2787878787878788,0.5078746392995312,1.0,-1.0,,1.0,8.0,,,,,,,2.0,,1.0,2.0,,13.0,1.6923076923076923,0.5051388811566561,5.0,32,17.5625,0.45088624121705295,29.0,2.3793103448275863,0.7228653273698272,1.0,61,3.0163934426229506,0.8154172460336946,35.0,1.8,0.5355889122581929,44,2.75,0.8807419163835871,,1.0,,31,0.1891762123527168,0.3517319723101534,6.0,11.0,1.3636363636363635,0.4944132324730443,0.08933877377586918,0.45791676620475336,68,3.0294117647058822,0.7007538014951996,0.2990002166205271,0.3916865939986756,23,,,,0.515527950310559,13.998967486522908,5.144204851752021,3817.0,10.044339622641504,7.386644255540174,15.087510781671156,35.92824932614556,15.043194070080862,11.0,5.916346157698261,0.021155256431618277,0.11334370139968886,0.7017573872472784,0.06508587112357653,160.0,32.0,13.575384162921281,1578.0,0.37601078167115903,10.109756097560975,742.0
corpora_selected_txt/KUK_1.0/data/KUKY/TXT/Pravni rada_zadost nemocnici.txt,67855b52c6537d54ff065193,Pravni rada_zadost nemocnici,TXT,data/KUKY/TXT,KUKY,SourceDB,,,,high,True,Original,,individual,quasiobjective,False,individual,natural person,individual,On-site anonymization,,good,2.0,,1.0,125,1.472,0.40993957209753545,1.0,-1.0,,1.0,7.0,,,,,,,,,,,,,,,1.0,20,19.25,1.2371325087619907,3.0,1.3333333333333333,0.4330127018922194,,27,2.7777777777777777,0.6869329829589806,14.0,2.357142857142857,1.3375119941117837,28,2.2857142857142856,0.9515156038891031,,,,18,0.19018898863427267,0.3961539855173227,1.0,4.0,1.25,0.4,0.07256652661064425,0.48717287637525697,41,3.4878048780487805,0.7669833666820821,0.3950202979655599,0.39054183091512745,17,,,,0.2857142857142857,16.931113551401864,5.330841121495327,2852.0,11.085794392523363,7.278972821656127,16.960900934579442,29.829523364485965,20.344859813084113,7.666666666666667,5.90289274079303,0.030152669223381938,0.09018348623853212,0.7036238532110092,0.09089422102594678,127.0,20.0,17.637676136203027,1139.0,0.43177570093457945,15.161290322580646,535.0
corpora_selected_txt/KUK_1.0/data/KUKY/TXT/33 Cdo 3794_2023.txt,678563ecc6537d54ff0651bc,33 Cdo 3794_2023,TXT,data/KUKY/TXT,KUKY,SourceDB,,,,medium,False,Original,,individual,quasiobjective,True,authority,combined,bulk,Anonymized by source,,bad,3.0,,1.0,655,1.4442748091603053,0.493110805520063,0.9997455470737914,0.006513863014543,,8.0,8.0,1.0773645092141684,,,,1.0,,,1.0,,1.0,,15.0,2.2666666666666666,0.6968965878643436,14.0,104,22.778846153846153,1.4415324432495937,43.0,3.604651162790698,1.9345041042933384,,187,4.406417112299465,2.4466781946304903,121.0,3.6611570247933884,3.3419960362429055,165,4.0606060606060606,2.2103524983853906,,1.0,1.0,72,0.16875468889510478,0.42598083092267147,6.0,45.0,1.4,0.4911083221088062,0.08713009330465696,0.5412722835123419,257,3.2762645914396886,1.0960974063821511,0.32953050817060037,0.3901891277147228,161,8.0,,,0.35201149425287354,16.6911696913293,4.837133550488599,14850.0,8.856351791530946,8.362231966441637,16.532399426089654,37.39539987591128,18.170808127811387,21.0,5.898619019756807,0.045116439800024645,0.071305957590037,0.6958667115449344,0.12452438590161606,349.0,105.0,15.557879425188943,5957.0,0.24462540716612377,15.045081967213115,3070.0
corpora_selected_txt/KUK_1.0/data/KUKY/TXT/33 Cdo 1756_2023.txt,678563ecc6537d54ff0651bd,33 Cdo 1756_2023,TXT,data/KUKY/TXT,KUKY,SourceDB,,,,low,False,Original,,individual,quasiobjective,True,authority,combined,bulk,Anonymized by source,,bad,5.0,,,718,1.3983286908077994,0.5109965468734516,0.9995357474466109,0.008794276736441996,1.0,12.0,3.6666666666666665,0.8728305723989049,,,,1.0,,,3.0,,,,4.0,1.0,-1.0,12.0,101,27.99009900990099,1.1709875271724375,62.0,3.7419354838709675,1.5271067188324157,2.0,181,5.596685082872928,2.4689929540374855,69.0,6.6231884057971016,3.0392915340200233,157,3.0955414012738856,1.2972360763318478,,1.0,,71,0.12152820872242907,0.5050253231197877,13.0,40.0,1.325,0.4949747929347949,0.102874154998768,0.5704925383902469,234,4.538461538461538,0.8673137568797118,0.3373305103730908,0.4047046865895586,140,4.0,,,0.2361111111111111,21.763229543147204,5.149746192893401,18261.0,10.497264523406654,8.245847570252105,20.97927473209249,18.744249994359848,21.9674179357022,25.666666666666668,5.955858550542917,0.02754011005283078,0.07414273281114014,0.7072787931534668,0.0903460551012148,327.0,100.0,18.1352568364455,7351.0,0.20783981951494643,25.301775147928993,3546.0
corpora_selected_txt/KUK_1.0/data/KUKY/TXT/33 cdo 1141_2017.txt,678563edc6537d54ff0651be,33 cdo 1141_2017,TXT,data/KUKY/TXT,KUKY,SourceDB,,,,medium,False,Original,,individual,quasiobjective,True,authority,combined,bulk,Anonymized by source,,bad,5.0,,2.0,505,1.4079207920792078,0.5694528605967523,0.9981966053748232,0.016585029083602175,2.0,9.0,4.222222222222222,0.5651771472345929,,,,,,,1.0,1.0,1.0,1.0,13.0,1.9230769230769231,0.5396295025292817,19.0,71,27.12676056338028,0.7333171237026529,32.0,1.78125,0.964341035824996,1.0,132,4.287878787878788,1.3818357317155687,91.0,2.2637362637362637,1.1307264601984706,115,3.652173913043478,1.5344152705123053,,3.0,,67,0.1412460314641236,0.5620056934092784,3.0,34.0,1.3235294117647058,0.44488193955493666,0.09490103019059493,0.4306673108453336,175,3.9657142857142857,0.8114402694907311,0.3139263052712372,0.3449196634693331,74,2.0,,,0.2608695652173913,21.242480076765446,4.812933025404157,12504.0,8.939183987682833,8.463853685314543,19.536631807782797,30.68024212557873,20.256327185592387,20.0,6.01329874860768,0.031186980675648453,0.06937174869947982,0.7343457382953181,0.08875686068143726,389.0,71.0,16.081856273103515,4808.0,0.28560431100846806,21.93959731543624,2598.0
corpora_selected_txt/KUK_1.0/data/KUKY/TXT/27 cdo 935_2022.txt,678563edc6537d54ff0651bf,27 cdo 935_2022,TXT,data/KUKY/TXT,KUKY,SourceDB,,,,medium,False,Original,,individual,quasiobjective,True,authority,combined,bulk,Anonymized by source,,bad,12.0,,,1055,1.5175355450236967,0.5352616849260227,0.9990747009704357,0.012270176221333837,2.0,8.0,9.625,1.0895830796120212,,,2.0,1.0,,1.0,2.0,1.0,3.0,,23.0,1.9130434782608696,0.703311369198292,38.0,187,17.90909090909091,0.9830830021937697,75.0,2.533333333333333,0.7850158637990136,3.0,275,4.378181818181818,1.4241644600155192,138.0,3.0217391304347827,2.315500022326024,256,2.79296875,1.1990821168315728,1.0,5.0,1.0,133,0.13875356101447914,0.434241706434749,5.0,58.0,1.396551724137931,0.5007795205374332,0.1031730843590297,0.5782197977106442,344,3.953488372093023,0.7724972785427514,0.3450721589134045,0.39050489449101616,202,3.0,,,0.2933723196881092,14.33110551854515,5.091273374888691,22870.0,9.838379341050755,8.54037186945728,14.378355185213401,42.31433858886385,16.33161937324108,29.0,5.9073731985021505,0.029110311038438343,0.08841110858183476,0.6926906442066925,0.0913348321878707,466.0,187.0,14.607929583612854,8991.0,0.21571682991985752,18.6,4492.0
corpora_selected_txt/KUK_1.0/data/KUKY/TXT/29 nd 243_2018.txt,678563edc6537d54ff0651c0,29 nd 243_2018,TXT,data/KUKY/TXT,KUKY,SourceDB,,,,medium,True,Original,,individual,quasiobjective,True,authority,combined,bulk,Anonymized by source,,bad,1.0,,,149,1.389261744966443,0.5404151249126845,0.9991610738255033,0.010248997158466581,,3.0,4.666666666666667,0.49487165930539345,,,,,,,,,1.0,,3.0,1.6666666666666667,0.3464101615137755,3.0,38,17.026315789473685,0.832565042228692,13.0,2.5384615384615383,0.959782012798012,1.0,34,4.735294117647059,1.0847004092454349,17.0,3.7058823529411766,0.9287240411829564,36,3.4166666666666665,1.2483829942291131,,1.0,,22,0.12063902527063078,0.5840701026579843,,7.0,1.2857142857142858,0.3795166950355407,0.1139476125378381,0.6762452633297311,49,4.0,0.8307250848907035,0.3441265065046498,0.4452532351519831,36,,,,0.22839506172839505,12.2871121691512,4.75028901734104,4109.0,8.16994219653179,7.627386410273204,12.337252509887435,53.8599710982659,15.671737146334046,11.0,5.88693107583745,0.03039227219868451,0.05830287206266327,0.6906005221932114,0.08963430885584259,208.0,38.0,14.172360316638951,1600.0,0.3976878612716763,29.694444444444443,865.0
corpora_selected_txt/KUK_1.0/data/KUKY/TXT/29 icdo 118_2020.txt,678563edc6537d54ff0651c2,29 icdo 118_2020,TXT,data/KUKY/TXT,KUKY,SourceDB,,,,medium,False,Original,,individual,quasiobjective,True,authority,combined,bulk,Anonymized by source,,bad,9.0,,2.0,879,1.5301478953356087,0.5522505543271709,0.9991332141502789,0.011510181727865354,,19.0,4.368421052631579,0.48984461084954517,,,,,3.0,1.0,,1.0,,1.0,10.0,1.7,0.28414464208214585,14.0,151,17.774834437086092,0.9275151159627114,42.0,2.3095238095238093,1.6769293994153291,1.0,210,4.385714285714286,1.2126760874318367,100.0,2.27,1.0151487042263556,187,3.192513368983957,1.460381785960746,,2.0,,98,0.13884156055433144,0.4020213440663411,1.0,53.0,1.3962264150943395,0.4516581177687463,0.1184656694857349,1.2729693696579771,282,3.6702127659574466,0.6733734183760408,0.33812563746597046,0.37698076019412446,155,2.0,,,0.2608695652173913,15.010423813035196,5.1012959534514675,19288.0,9.933906373975136,8.393269174190001,15.028930170195697,39.787621364052754,16.55384696224237,25.0,5.932748169602918,0.03522128297937444,0.08474741988049972,0.7046089082020641,0.09877136958390893,412.0,151.0,14.686248660701864,7618.0,0.2224279291192806,19.803347280334727,3781.0
corpora_selected_txt/KUK_1.0/data/KUKY/TXT/30 cdo 1339_2022.txt,678563edc6537d54ff0651c1,30 cdo 1339_2022,TXT,data/KUKY/TXT,KUKY,SourceDB,,,,medium,False,Original,,individual,quasiobjective,True,authority,combined,bulk,Anonymized by source,,bad,2.0,,,970,1.52680412371134,0.5753715922468108,0.9987448118891418,0.01390664090060618,,17.0,7.705882352941177,1.1236293763297072,,,1.0,1.0,1.0,1.0,1.0,1.0,3.0,,13.0,3.8461538461538463,1.2187972213074112,35.0,147,25.857142857142858,1.184504568093729,85.0,2.8705882352941177,0.9430407552500741,5.0,217,5.686635944700461,1.597634500941392,121.0,5.56198347107438,1.9752438562405352,228,4.030701754385965,1.9017986933757083,,1.0,,98,0.11641642043658922,0.39521556443351835,11.0,69.0,1.3768115942028984,0.4677544218070966,0.10018972336476595,0.5179616228021292,351,4.1082621082621085,1.0587628275908605,0.3279075224010731,0.40775342651067875,201,4.0,,,0.23593466424682397,21.01004019789734,4.994197292069632,25820.0,9.75953578336557,8.537215697627543,19.843458584981377,25.935520533164933,20.915222568718008,32.0,6.0104022653158,0.034201384866500775,0.06849536580556104,0.7332340761191086,0.10177925845600758,456.0,147.0,17.14619135305895,10160.0,0.1899419729206963,24.28957528957529,5170.0
corpora_selected_txt/KUK_1.0/data/KUKY/TXT/22 cdo 2827_2018.txt,678563edc6537d54ff0651c4,22 cdo 2827_2018,TXT,data/KUKY/TXT,KUKY,SourceDB,,,,medium,False,Original,,individual,quasiobjective,True,authority,combined,bulk,Anonymized by source,,bad,,,,349,1.3810888252148996,0.546596382142996,0.998686723973257,0.014259941245153477,,3.0,6.666666666666667,0.6244997998398397,,,,,,,,,1.0,,5.0,1.4,0.6388765649999399,8.0,56,22.428571428571427,0.7267208635746404,25.0,3.44,0.9347636738845073,1.0,83,4.831325301204819,1.3117913488033968,42.0,1.9523809523809523,1.0178254849468766,90,3.3222222222222224,1.4964205296979562,,3.0,,51,0.1263633715694142,0.5052184795601127,3.0,19.0,1.6842105263157894,0.5954835803315189,0.14778872432041731,0.49048576669161065,120,4.275,0.8243594067249369,0.3361753420922575,0.3531873051909325,103,,,,0.3240418118466899,16.412394249819364,4.728760226557584,7514.0,8.353241032095658,7.622059730665524,15.846776635666501,42.41423511176376,18.03846351071021,17.0,5.893930792105804,0.029905848341201274,0.08062416107382553,0.6829060402684564,0.10198633655157599,169.0,54.0,15.396364500830384,2947.0,0.2422907488986784,21.815217391304348,1589.0
corpora_selected_txt/KUK_1.0/data/KUKY/TXT/26 cdo 1984_2018.txt,678563edc6537d54ff0651c5,26 cdo 1984_2018,TXT,data/KUKY/TXT,KUKY,SourceDB,,,,medium,False,Original,,individual,quasiobjective,True,authority,combined,bulk,Anonymized by source,,bad,3.0,,1.0,518,1.4247104247104247,0.5298070638425987,0.9990807133664277,0.012097685490175945,,6.0,8.0,0.8215838362577492,,,,1.0,,2.0,,,1.0,,12.0,2.6666666666666665,0.8950622121597827,15.0,67,30.059701492537314,0.7592895599372176,29.0,2.1379310344827585,0.7041046383578923,2.0,144,4.8125,1.564068188644474,85.0,2.4,2.061592914208657,129,3.0852713178294575,1.5986937678921294,,,,58,0.14560007048262574,0.48448690906231584,15.0,45.0,1.2,0.42043748259126074,0.08709120107278226,0.5804207770613822,193,4.1139896373057,0.7757365231445787,0.35410900681757845,0.37804391809170834,81,,,,0.3619047619047619,22.633690261563473,4.744478293983245,12459.0,8.669345011424221,8.308629039443975,21.074882955746773,25.06962702481502,22.395052915165223,20.0,5.951845244864448,0.029171515141680496,0.057146814404432145,0.7115829046299961,0.0866001175866364,373.0,67.0,17.78548380090406,4913.0,0.2684691546077685,17.206349206349206,2626.0
corpora_selected_txt/KUK_1.0/data/KUKY/TXT/27 cdo 2805_2021.txt,678563edc6537d54ff0651c3,27 cdo 2805_2021,TXT,data/KUKY/TXT,KUKY,SourceDB,,,,medium,False,Original,,individual,quasiobjective,True,authority,combined,bulk,Anonymized by source,,bad,1.0,,,786,1.5814249363867685,0.6078159267053185,0.9988514277636414,0.0132762198618029,,10.0,5.6,0.9035079029052513,,,,,1.0,,,2.0,,,25.0,2.68,1.6111166589328265,20.0,144,21.3125,1.0199619822977335,86.0,2.7674418604651163,1.1582595894831533,3.0,207,5.1352657004830915,1.9651138273200588,118.0,2.516949152542373,1.1853734523016288,169,3.0828402366863905,1.1415993399533657,,5.0,,103,0.13084703360347183,0.49041028855518354,13.0,72.0,1.2222222222222223,0.3690379858993736,0.1089198016575804,0.7405545192725645,274,4.251824817518248,0.7569272670290419,0.3386791346811659,0.3510163430601476,134,2.0,,,0.3016627078384798,16.606859343434337,4.9818181818181815,20276.0,9.502653562653558,8.288189187076807,16.045130821730822,38.89274583674583,18.765015015015017,28.0,5.959057037315689,0.03262002384692851,0.06338201964240753,0.7113774867791488,0.0951536250868309,412.0,144.0,16.24459172257754,7906.0,0.20147420147420148,20.66403162055336,4070.0
corpora_selected_txt/KUK_1.0/data/KUKY/TXT/27 cdo 544_2023.txt,678563edc6537d54ff0651c6,27 cdo 544_2023,TXT,data/KUKY/TXT,KUKY,SourceDB,,,,medium,False,Original,,individual,quasiobjective,True,authority,combined,bulk,Anonymized by source,,bad,5.0,,1.0,899,1.4505005561735262,0.5903878488775153,0.9984043116690502,0.01596622748339616,,9.0,5.0,0.8306623862918074,,,,1.0,3.0,1.0,,3.0,3.0,,23.0,1.434782608695652,0.6243119595388783,30.0,179,18.687150837988828,1.1817564593212406,69.0,2.652173913043478,1.4614874029441318,1.0,214,3.9345794392523366,0.9584457736460452,122.0,2.762295081967213,2.6423234851179873,212,2.6179245283018866,1.2726234055953134,,1.0,,108,0.14596950829361474,0.499887096242891,2.0,54.0,1.3148148148148149,0.48608011168929954,0.10718373688574927,0.7445196743919575,303,4.075907590759076,0.9096238932671806,0.35153969067313195,0.36866416376289546,215,7.0,,,0.31905298759864714,13.424275860484528,4.769705277587389,20877.0,8.348000913867944,8.632003796297827,13.027538699627172,52.31654240998209,15.026607597101659,25.0,5.901568437695932,0.0436979832041325,0.07324216923796167,0.6962879850397382,0.12112116255915553,512.0,179.0,13.35907015018827,8006.0,0.2289239204934887,20.00354609929078,4377.0
corpora_selected_txt/KUK_1.0/data/KUKY/TXT/8 tz 60_2022.txt,678563edc6537d54ff0651c8,8 tz 60_2022,TXT,data/KUKY/TXT,KUKY,SourceDB,,,,medium,False,Original,,individual,quasiobjective,True,authority,combined,bulk,Anonymized by source,,bad,4.0,,,822,1.4038929440389294,0.4958901888935021,0.9991889699918898,0.011614493587859603,1.0,19.0,6.631578947368421,0.4090018959374571,,,,,,2.0,,,,,31.0,2.032258064516129,1.051404097049201,29.0,121,25.8099173553719,1.0154083325892767,74.0,4.418918918918919,1.2696932948740955,1.0,214,4.757009345794392,1.234140449995803,131.0,2.3282442748091605,1.5398312344887712,166,3.1927710843373496,1.311223503351505,1.0,1.0,1.0,92,0.13653991022709555,0.5098508856284545,12.0,42.0,1.2857142857142858,0.39493938183816113,0.09130276768213522,0.4242924652406391,299,4.070234113712375,0.9203220580564467,0.315009150797675,0.4026917883549066,204,1.0,,,0.2946808510638298,20.234644628099176,4.8076923076923075,20375.0,8.879589428975931,8.061681891474912,19.1700065308367,30.24915187266724,20.89995982823646,28.0,5.917245452203407,0.036515730369446636,0.06708142063300315,0.6962575501328824,0.10814386637697251,328.0,121.0,17.16090952380685,8051.0,0.1724870221802737,19.02536231884058,4238.0
corpora_selected_txt/KUK_1.0/data/KUKY/TXT/7 Tdo 607_2023.txt,678563edc6537d54ff0651c7,7 Tdo 607_2023,TXT,data/KUKY/TXT,KUKY,SourceDB,,,,medium,False,Original,,individual,quasiobjective,True,authority,combined,bulk,Anonymized by source,,bad,5.0,,2.0,836,1.4282296650717703,0.5443430583980855,0.9982911825017088,0.016459803109576083,,13.0,6.6923076923076925,0.9117485983931927,,,,1.0,,,,,1.0,2.0,16.0,4.0625,1.3345950637631279,11.0,173,18.560693641618496,0.9651391201238004,63.0,1.9047619047619047,0.9030191295798209,4.0,215,3.827906976744186,0.9068312315274788,94.0,2.234042553191489,1.0953088870462853,203,2.6354679802955663,1.2013836747186617,,4.0,,111,0.12888718301209126,0.44389585326418884,5.0,53.0,1.2830188679245282,0.4424190645678666,0.0900706461662125,0.6663770143023842,309,3.825242718446602,0.815412488733164,0.3170965427240677,0.4191790608158309,187,3.0,,,0.2824919441460795,14.557498174379404,5.014435389988359,21537.0,9.51585564610012,8.596780563582284,14.791332293902709,41.00703299979138,16.701299400432013,28.0,6.010112582724842,0.029878064047684248,0.06692087702573879,0.7356339370829361,0.08808789246973907,568.0,173.0,14.839968103351861,8594.0,0.2421420256111758,20.259541984732824,4295.0
corpora_selected_txt/KUK_1.0/data/KUKY/TXT/23 cdo 2938_2020.txt,678563edc6537d54ff0651c9,23 cdo 2938_2020,TXT,data/KUKY/TXT,KUKY,SourceDB,,,,medium,False,Original,,individual,quasiobjective,True,authority,combined,bulk,Anonymized by source,,bad,10.0,,2.0,1266,1.3665086887835702,0.5031194788647175,0.999416986383811,0.009287132338952253,1.0,12.0,2.75,0.4138837694396335,,,1.0,,,1.0,3.0,,,,48.0,1.7916666666666667,0.7186361162002997,43.0,226,19.11061946902655,0.9347791228113759,93.0,1.8602150537634408,0.661204361447435,4.0,356,3.466292134831461,0.8042011205530744,223.0,2.008968609865471,0.8304974372821987,320,2.546875,1.0191667152040886,3.0,,3.0,166,0.16105572613775604,0.419096365903429,14.0,87.0,1.367816091954023,0.4874438122867274,0.09781129405608961,0.513545455744879,479,3.471816283924843,0.7690222988944436,0.32854783672576743,0.3484567769332192,280,12.0,,,0.40620031796502387,14.572514986420856,4.990968655923499,28184.0,9.41294492650965,8.771026151590261,15.27527903452534,38.01137212961383,17.12768123414265,30.0,6.0351720113235725,0.02707723658992835,0.0687671232876712,0.7443204758471521,0.07803240273616514,560.0,226.0,15.187937740631028,11547.0,0.20789799893748892,13.558823529411764,5647.0
corpora_selected_txt/KUK_1.0/data/KUKY/TXT/VTK_1As153-2023.txt,67895a5bc6537d54ff065612,VTK_1As153-2023,TXT,data/KUKY/TXT,KUKY,SourceDB,,,,medium,False,Original,,individual,quasiobjective,True,authority,combined,bulk,Anonymized by source,,bad,6.0,,1.0,604,1.4718543046357615,0.48440320627235495,0.999448123620309,0.009587924614692734,2.0,14.0,3.5714285714285716,0.8766369303721511,,,,1.0,1.0,1.0,,2.0,1.0,1.0,22.0,1.7727272727272727,0.85163062725264,4.0,105,18.523809523809526,0.7392557661440534,21.0,1.7619047619047619,0.7594546503646912,,171,3.017543859649123,0.6444803191813606,110.0,2.109090909090909,1.024279402510395,161,3.9130434782608696,2.5421663139734267,,4.0,1.0,96,0.17569339991402008,0.4063175888166197,3.0,61.0,1.4426229508196722,0.46542380491528174,0.11864611815240057,0.7061930861037654,235,3.127659574468085,0.7920918630675353,0.3169801859448935,0.3940214770568052,93,2.0,,,0.38368580060422963,15.82043328456789,5.359939186621057,14102.0,11.139452679589512,8.390110007656423,16.3175799860875,30.605013582610837,17.40834749682666,21.0,6.0232243612977605,0.028542513439943608,0.0856872037914691,0.7355173775671406,0.0849660485309416,372.0,106.0,15.436733480356509,5705.0,0.2725199543899658,12.596837944664031,2631.0
corpora_selected_txt/KUK_1.0/data/KUKY/TXT/VTK_10As1-2020.txt,67895a5bc6537d54ff065613,VTK_10As1-2020,TXT,data/KUKY/TXT,KUKY,SourceDB,,,,medium,True,Original,,individual,quasiobjective,True,authority,combined,bulk,Anonymized by source,,bad,,,,51,1.2941176470588236,0.41739055575450895,1.0,-1.0,,1.0,8.0,,,,,,,,,,,,,,,,13,12.461538461538462,0.6654653098746378,1.0,2.0,,,9,3.3333333333333335,0.5196152422706631,7.0,2.4285714285714284,0.8849634585409222,11,2.1818181818181817,0.9124904870128175,,,,10,0.10520382842963487,0.5135511630957523,,3.0,1.3333333333333333,0.4330127018922193,0.18333333333333335,1.0325287901455042,13,3.8461538461538463,0.7418445479568703,0.3668629615998037,0.6248023187856402,10,,,,0.24390243902439024,8.081187835420394,4.674418604651163,1005.0,7.340465116279072,6.686662561963562,8.221609302325579,70.25078533094813,10.70840787119857,5.0,5.964627758623862,0.011696895325304789,0.06862068965517243,0.7106034482758621,0.036710260960772616,91.0,13.0,10.560738912317856,377.0,0.6,25.0,215.0
corpora_selected_txt/KUK_1.0/data/KUKY/TXT/VTK_1As278-2024.txt,67895a5bc6537d54ff065614,VTK_1As278-2024,TXT,data/KUKY/TXT,KUKY,SourceDB,,,,medium,True,Original,,individual,quasiobjective,True,authority,combined,bulk,Anonymized by source,,bad,8.0,,1.0,602,1.4833887043189369,0.4797146182699952,0.9997231450719823,0.006794707364378454,,7.0,4.857142857142857,0.8849634585409222,,,,,1.0,1.0,4.0,,1.0,2.0,21.0,1.5238095238095237,0.6092547958366844,2.0,112,15.982142857142858,0.944671082927931,49.0,2.673469387755102,0.9456153408553312,,156,3.301282051282051,0.7518250017489333,77.0,1.4155844155844155,0.6313299935939837,156,2.4358974358974357,1.0717189644381988,,2.0,,104,0.17992300972094452,0.4750699294957313,2.0,59.0,1.4576271186440677,0.44719378692099604,0.14896993752138843,0.584680321706987,213,3.516431924882629,0.8149918161162071,0.3309820084835843,0.3307998892782685,96,6.0,,,0.3200663349917081,13.311523627548418,5.272275176129299,12722.0,10.540364691255695,8.338874809269841,13.983858198034973,40.01665340394399,15.354688651808601,20.0,6.017029924100326,0.02199160185312537,0.0874416594641313,0.7362878133102853,0.06583257828347822,385.0,113.0,14.024084707190347,5092.0,0.29341069208454207,15.296875,2413.0
corpora_selected_txt/KUK_1.0/data/KUKY/TXT/VTK_10Azs459-2021.txt,67895a5bc6537d54ff065615,VTK_10Azs459-2021,TXT,data/KUKY/TXT,KUKY,SourceDB,,,,medium,False,Original,,individual,quasiobjective,True,authority,combined,bulk,Anonymized by source,,bad,3.0,,,209,1.368421052631579,0.4318285263791765,1.0,-1.0,,7.0,7.285714285714286,1.1170735829487248,,,,,1.0,,,1.0,,,5.0,2.0,0.6123724356957945,4.0,47,16.404255319148938,0.8244194815355013,7.0,3.7142857142857144,0.5320126646473443,,51,3.7254901960784315,0.6510600773943457,31.0,2.064516129032258,1.2121348247341686,51,2.392156862745098,0.8152322375755745,,3.0,,40,0.15397277528954456,0.49401118327315235,2.0,20.0,1.25,0.44009568337614463,0.13611424609102626,0.7683274400118598,70,4.057142857142857,0.8969617881904088,0.3209268016140405,0.32902312223248004,54,,,,0.3791208791208791,12.123489361702127,4.910256410256411,4979.0,8.8525641025641,7.893576143474582,12.209046875655709,52.51199626505519,15.059767510176677,12.0,6.067594948721822,0.014693675930038893,0.06972677595628418,0.7491366120218579,0.045058673636777145,223.0,47.0,13.767830537371857,1930.0,0.3806706114398422,18.0,1014.0
corpora_selected_txt/KUK_1.0/data/KUKY/TXT/VTK_10Azs108-201521.txt,67895a5bc6537d54ff065616,VTK_10Azs108-201521,TXT,data/KUKY/TXT,KUKY,SourceDB,,,,high,True,Original,,individual,quasiobjective,True,authority,combined,bulk,Anonymized by source,,good,5.0,,,204,1.3284313725490196,0.3988702176129693,1.0,-1.0,1.0,2.0,5.5,0.6428243465332251,,,,,,,1.0,,,,8.0,2.125,0.9883153228900272,6.0,34,22.08823529411765,1.0207275762742969,13.0,4.6923076923076925,1.1222625628062166,,44,4.454545454545454,0.9318474886813273,34.0,3.2058823529411766,1.4008404439450186,58,4.620689655172414,1.1649719337922049,,1.0,,29,0.14802987789945987,0.42186276390188926,1.0,22.0,1.5454545454545454,0.43416463350134593,0.15701672983019732,1.2360511304793407,74,3.581081081081081,0.6387983398378559,0.32621744720717144,0.3526120838453174,47,,,,0.3769633507853403,16.709383549757646,4.898270600203459,4815.0,9.13265513733469,7.857193730410433,16.182423852552205,39.168445993656874,17.424319310633717,12.0,6.022674025461418,0.02307251917237049,0.07893665158371044,0.7346266968325792,0.06710350653307984,227.0,34.0,14.885834840832597,1888.0,0.392675483214649,15.95774647887324,983.0
corpora_selected_txt/KUK_1.0/data/KUKY/TXT/Mestsky_urad__Vyzva_k_odstraneni_trabanta.txt,66cf51f7c6537d54ff061fbf,Mestsky_urad__Vyzva_k_odstraneni_trabanta,TXT,data/KUKY/TXT,KUKY,SourceDB,,,,high,False,Original,,individual,quasiobjective,True,authority,natural person,individual,On-site anonymization,,good,,,1.0,54,1.7962962962962963,0.6522712328749682,0.9945987654320988,0.028245201416605525,,3.0,9.333333333333334,0.8660254037844386,,,,,,,,,,,1.0,3.0,,2.0,7,34.0,0.6169463812765598,4.0,4.5,1.1258284558200493,1.0,9,7.555555555555555,1.5870093307592603,10.0,1.7,1.1109188607227682,8,8.375,1.4953491636886143,,,,6,0.12457924569278865,0.7233199133522135,1.0,3.0,1.0,-1.0,0.07380952380952381,0.3398597984791207,15,4.733333333333333,0.9892155176604893,0.313730255124992,0.6478908226455875,16,1.0,,,0.17647058823529413,33.50600738916256,5.899425287356322,2053.0,14.252011494252875,6.774181236930893,30.50631937602627,-19.48717077175698,28.736288998357963,7.0,5.8850291910836,0.03556343225227172,0.09702811244979925,0.6993975903614458,0.09853433272807477,69.0,7.0,22.076135915942103,802.0,0.4339080459770115,44.214285714285715,348.0
corpora_selected_txt/KUK_1.0/data/KUKY/TXT/Mestsky_urad_Vyhlaseni_zameru_vypujcky_casti_pozemku_anonym_rev.txt,66cf51f7c6537d54ff061fc0,Mestsky_urad_Vyhlaseni_zameru_vypujcky_casti_pozemku_anonym_rev,TXT,data/KUKY/TXT,KUKY,SourceDB,,,,high,True,Redesign,,individual,quasiobjective,True,authority,combined,bulk,On-site anonymization,,good,,,,170,1.488235294117647,0.5333494743411636,0.9991596638655462,0.010965857704293775,,5.0,2.8,0.3912303982179758,,,,,,,,2.0,,,10.0,2.2,0.8782652573448144,3.0,38,16.42105263157895,0.5945892814645816,11.0,2.1818181818181817,0.6086757027441715,,51,3.823529411764706,0.9497928768293326,33.0,2.212121212121212,1.1785848322428978,41,3.317073170731707,1.1248510089729857,,,,36,0.14327420513997768,0.6238959507361462,4.0,7.0,1.1428571428571428,0.33071891388307384,0.11494133885438233,1.1176603527297568,63,3.7936507936507935,0.6389793109059829,0.33591453706318875,0.3683994833110184,22,,,,0.3575757575757576,14.278757920600029,5.524570024570025,4497.0,11.73034398034398,7.697244725232136,14.77347193844562,34.766051597051586,16.381688865899395,11.0,5.941097937890355,0.018929978024832927,0.0974405594405594,0.7015804195804196,0.0639735287980574,211.0,38.0,14.814718387798873,1785.0,0.4176904176904177,15.758620689655173,814.0
corpora_selected_txt/KUK_1.0/data/KUKY/TXT/Mestsky_urad_Rozhodnuti_o_odneti_trvaleho_pobytu_PRED.txt,66cf51f7c6537d54ff061fc2,Mestsky_urad_Rozhodnuti_o_odneti_trvaleho_pobytu_PRED,TXT,data/KUKY/TXT,KUKY,SourceDB,,,,high,False,Original,,individual,quasiobjective,True,authority,natural person,individual,On-site anonymization,,good,,,4.0,220,1.5136363636363637,0.764117030978962,0.9963774104683196,0.024338023227888386,,5.0,3.6,0.15214515486254615,,,,,,,,,,,,,,2.0,29,23.310344827586206,0.6160535390828471,25.0,2.12,1.3224382800826588,3.0,39,5.0256410256410255,0.9032136811723711,11.0,4.090909090909091,1.8885751373410369,37,3.027027027027027,0.9615306394675731,,,,27,0.0914245589570167,0.41223804337586184,2.0,3.0,1.0,-1.0,0.06608220211161388,0.14477031224671438,50,5.88,0.681693641774836,0.3546621303299228,0.3692086944122058,67,,,,0.13872832369942195,18.405697861767806,4.900655021834061,4489.0,9.227620087336243,7.476312214175953,17.66968457310645,34.03943412136728,18.879024243336847,11.0,5.926276022008659,0.017380797238029877,0.07984088127294986,0.7040881272949816,0.05327535996966638,129.0,29.0,15.814785946413558,1769.0,0.31768558951965065,45.91304347826087,916.0
corpora_selected_txt/KUK_1.0/data/KUKY/TXT/Mestsky_urad_kontrola_po.txt,66cf51f7c6537d54ff061fc1,Mestsky_urad_kontrola_po,TXT,data/KUKY/TXT,KUKY,SourceDB,,,,high,True,Redesign,,individual,quasiobjective,True,authority,legal person,individual,On-site anonymization,,good,5.0,,,75,1.4266666666666667,0.5665586753729972,0.9980952380952381,0.016527202362298446,,2.0,23.5,1.233675660793551,,,,,,,,,,,5.0,1.4,0.3912303982179759,,12,23.666666666666668,0.6544234135082624,2.0,1.0,-1.0,,22,2.8636363636363638,0.8228199790045476,18.0,2.8333333333333335,2.0871506515962817,9,3.888888888888889,1.0714285714285716,,,,11,0.14669653763042587,0.5039263941790771,,2.0,1.0,-1.0,0.05131578947368421,0.036261886214694665,28,3.892857142857143,0.9645591534773827,0.3136348048369772,0.35134011722085523,13,2.0,,,0.410958904109589,20.220336614173227,5.36745406824147,2045.0,11.426246719160106,7.067856956519924,19.60552755905512,21.16569291338581,20.469028871391078,7.0,5.869305833794289,0.03443939112148018,0.08113475177304963,0.6845035460992908,0.10944207000516586,117.0,12.0,17.315433740611066,813.0,0.49606299212598426,14.03448275862069,381.0
corpora_selected_txt/KUK_1.0/data/KUKY/TXT/Mestsky_urad_kontrola_pred.txt,66cf51f7c6537d54ff061fc3,Mestsky_urad_kontrola_pred,TXT,data/KUKY/TXT,KUKY,SourceDB,,,,high,False,Original,,individual,quasiobjective,True,authority,legal person,individual,On-site anonymization,,good,2.0,,1.0,74,1.3108108108108107,0.4173858343739654,1.0,-1.0,,1.0,3.0,,,,,,,,,,,,,,,2.0,9,30.11111111111111,0.7684164064108903,9.0,4.555555555555555,1.8597461015325123,1.0,14,2.5,0.5602197371087115,6.0,1.6666666666666667,0.6196773353931866,14,7.071428571428571,1.7631799835122335,,,,8,0.09583578666187645,0.4346543442966544,,1.0,1.0,,0.08333333333333333,,17,6.235294117647059,0.7618545158432722,0.3161269131072784,0.32956678580063314,22,,,,0.13636363636363635,27.14270739742438,5.62533692722372,2087.0,12.845283018867923,6.896410679785723,25.770280622941,-3.1086633722671024,25.006409104522312,7.0,5.835168830450609,0.03989816451531466,0.09415441176470585,0.6797058823529412,0.1114510500412386,116.0,9.0,20.054433182343363,842.0,0.4797843665768194,45.875,371.0
corpora_selected_txt/KUK_1.0/data/KUKY/TXT/Mestsky_urad_Rozhodnuti_o_odneti_trvaleho_pobytu_PO.txt,66cf51f7c6537d54ff061fc4,Mestsky_urad_Rozhodnuti_o_odneti_trvaleho_pobytu_PO,TXT,data/KUKY/TXT,KUKY,SourceDB,,,,high,True,Redesign,,individual,quasiobjective,True,authority,natural person,individual,On-site anonymization,,good,,,,124,1.5080645161290323,0.7633269245494964,0.9938172043010752,0.030950185517525586,,1.0,4.0,,,,,,,,,,,,2.0,2.0,0.7071067811865476,1.0,16,22.8125,0.5270537931577446,5.0,2.2,0.4979295977319691,,26,3.4615384615384617,0.7804525436178077,12.0,2.4166666666666665,0.9737668169833891,27,2.1481481481481484,0.8337798736535239,,,,15,0.11064122963346727,0.48281789320263124,4.0,7.0,1.4285714285714286,0.5507570547286103,0.11913265306122449,0.6276733895272675,33,5.333333333333333,0.8510964894622702,0.36415928730843683,0.35478221569034507,38,,,,0.27472527472527475,16.967436354869818,5.004098360655738,2442.0,9.622950819672132,7.074928589416666,16.669052675988425,35.470690935390564,17.05612343297975,8.0,5.860750562707623,0.018862725591055875,0.07534704370179957,0.6777634961439588,0.06577738268859021,114.0,17.0,14.554592549557764,969.0,0.4057377049180328,25.083333333333332,488.0
corpora_selected_txt/KUK_1.0/data/KUKY/TXT/Mestsky_urad_Vyhlaseni_zameru_vypujcky_casti_pozemku_anonym.txt,66cf51f7c6537d54ff061fc5,Mestsky_urad_Vyhlaseni_zameru_vypujcky_casti_pozemku_anonym,TXT,data/KUKY/TXT,KUKY,SourceDB,,,,high,True,Redesign,,individual,quasiobjective,True,authority,combined,bulk,On-site anonymization,,good,,,3.0,232,1.5775862068965518,0.5573728746185723,0.9992816091954023,0.010950069167309716,,11.0,5.0,0.938083151964686,,,,,,,,1.0,2.0,,,,,7.0,35,23.685714285714287,0.7892425202320026,15.0,2.4,0.9935306611288724,1.0,58,4.241379310344827,0.9799184558244997,23.0,4.130434782608695,1.2045786903327351,46,2.760869565217391,1.3426781053021897,,,,30,0.1053734104898599,0.5506940478784432,14.0,13.0,1.0,-1.0,0.07570056780699584,0.3017126401606112,65,5.276923076923077,0.7902778930408306,0.37745243153043295,0.4287562165723988,65,1.0,,,0.1724137931034483,22.265333151297014,5.729800173761946,6595.0,13.160382276281494,8.064138303218833,21.56032903065657,9.978721683008558,21.703373464068513,13.0,6.063742376721344,0.030001129906949767,0.06890684410646386,0.7542110266159696,0.08975529050119203,274.0,35.0,18.274420465411087,2628.0,0.40747176368375326,30.82051282051282,1151.0
corpora_selected_txt/KUK_1.0/data/KUKY/TXT/Mestsky_urad_vyzva_prestupek_po.txt,66cf51f7c6537d54ff061fc6,Mestsky_urad_vyzva_prestupek_po,TXT,data/KUKY/TXT,KUKY,SourceDB,,,,high,True,Redesign,,individual,quasiobjective,True,authority,natural person,individual,On-site anonymization,,good,,,,67,1.4477611940298507,0.4700658222508965,1.0,-1.0,,,,,,,3.0,,,,,,,,4.0,1.25,0.4,,14,16.571428571428573,0.956983172890158,6.0,2.3333333333333335,0.7979565739296538,,21,2.7142857142857144,0.7100388191174758,15.0,1.6,0.6597483286396845,12,1.9166666666666667,0.41371902318196124,,,,12,0.20040391414171507,0.6422959687928032,,6.0,1.0,-1.0,0.0746031746031746,0.16968001733937774,24,3.4166666666666665,0.6845912152798799,0.2963395214594064,0.4072152347410807,19,,,,0.4189189189189189,11.567059144676975,4.611464968152866,1448.0,7.498726114649683,6.789512789520032,11.558010009099178,58.54016105550501,13.175250227479527,6.0,5.99007955355829,0.022591633343273628,0.10539534883720925,0.7137674418604651,0.07304098778604907,68.0,14.0,11.899873341045815,560.0,0.45222929936305734,12.066666666666666,314.0
corpora_selected_txt/KUK_1.0/data/KUKY/TXT/Mestsky_urad_komunalni_poplatek_platebni_vymer_po.txt,66cf51f7c6537d54ff061fc7,Mestsky_urad_komunalni_poplatek_platebni_vymer_po,TXT,data/KUKY/TXT,KUKY,SourceDB,,,,high,True,Redesign,66cf51f7c6537d54ff061fcb,individual,quasiobjective,True,authority,natural person,individual,On-site anonymization,,good,,,,74,1.364864864864865,0.5226613982180001,1.0,-1.0,,1.0,15.0,,,,,,,,,,,,1.0,2.0,,1.0,13,23.076923076923077,1.2455929719823613,4.0,2.0,0.408248290463863,,16,4.5625,1.7014558908830857,14.0,2.0714285714285716,0.7683247202175847,19,4.315789473684211,1.8456806641864212,,,,12,0.12485570532385941,0.5966754457025712,,4.0,1.25,0.4,0.0924520944741533,0.645344867534663,20,6.3,1.3039487920014925,0.3557225945981326,0.3248069357151983,18,,,,0.25,18.698187903699356,5.213740458015267,2049.0,10.65852417302799,6.960235206931132,17.848631043256994,30.28874672147191,18.199177921315325,7.0,5.9060203391746455,0.027164575644585,0.0797959183673469,0.6908843537414966,0.08897500078387396,108.0,13.0,15.402047736947555,797.0,0.45038167938931295,25.88235294117647,393.0
corpora_selected_txt/KUK_1.0/data/KUKY/TXT/Mestsky_urad_vyzva_prestupek_pred.txt,66cf51f7c6537d54ff061fc8,Mestsky_urad_vyzva_prestupek_pred,TXT,data/KUKY/TXT,KUKY,SourceDB,,,,high,False,Original,,individual,quasiobjective,True,authority,natural person,individual,On-site anonymization,,good,,,,81,1.4691358024691359,0.47018665338260834,1.0,-1.0,,,,,,,5.0,,,,,,,,3.0,2.3333333333333335,0.9897433186107871,1.0,10,27.7,0.755740914916701,9.0,4.111111111111111,0.8638084764592913,,18,6.0,0.8593963529729853,8.0,1.25,0.3703280399090206,20,4.75,1.6964582369285737,,,,9,0.12315557859216786,0.49646818348857646,,7.0,1.2857142857142858,0.37951669503554064,0.0924984329396094,0.43026265886113535,27,4.185185185185185,0.9325816257613203,0.30714403304272586,0.4802600033501722,23,,,,0.25925925925925924,20.82451739130434,4.663043478260869,1716.0,8.239130434782608,6.808132497880916,19.0235652173913,34.56279130434784,19.61130434782609,7.0,6.009574176962028,0.015890367827180646,0.074907063197026,0.7216728624535316,0.054273884140055954,80.0,10.0,15.247664890283005,656.0,0.42391304347826086,20.7,368.0
corpora_selected_txt/KUK_1.0/data/KUKY/TXT/MV_KUVK_stiznost.txt,66cf51f7c6537d54ff061fc9,MV_KUVK_stiznost,TXT,data/KUKY/TXT,KUKY,SourceDB,,,,high,False,Original,,individual,quasiobjective,True,authority,natural person,individual,On-site anonymization,,good,6.0,,2.0,121,1.396694214876033,0.5505677892730955,1.0,-1.0,,6.0,2.6666666666666665,0.19364916731037082,,,,,,,,1.0,1.0,,7.0,1.7142857142857142,0.8726821151336117,1.0,20,22.1,0.6402355169529047,4.0,7.25,1.6334785217002774,,26,6.653846153846154,0.8814086939153212,21.0,2.2857142857142856,0.8765611073963981,23,2.5217391304347827,1.0482882361916093,,,,17,0.11816524630010784,0.5868597276772503,9.0,4.0,1.0,-1.0,0.07149122807017544,0.37901703157506406,39,4.743589743589744,0.8834985902355122,0.3416334887816193,0.38845309756758256,31,,,,0.3063063063063063,19.281448837209304,5.395348837209302,3248.0,11.507973421926911,7.30368320814053,18.283554817275743,27.083348172757468,18.684518272425247,9.0,5.9958808407881605,0.017583935558961955,0.10560636182902583,0.7199005964214712,0.060710127066197016,124.0,20.0,15.903189008614273,1254.0,0.3903654485049834,19.151515151515152,602.0
corpora_selected_txt/KUK_1.0/data/KUKY/TXT/Mestsky_urad_Zruseni_TP_2_puvodni.txt,66cf51f7c6537d54ff061fca,Mestsky_urad_Zruseni_TP_2_puvodni,TXT,data/KUKY/TXT,KUKY,SourceDB,,,,high,False,Original,,individual,quasiobjective,True,authority,natural person,individual,On-site anonymization,,good,,,2.0,180,1.3777777777777778,0.5212202713576127,0.9981481481481481,0.01755157019067664,,4.0,4.0,-1.0,,,,,,,,,,,,,,2.0,23,30.52173913043478,0.8828413725553979,9.0,3.2222222222222223,0.9018411607325532,,25,3.8,0.6920935893885746,9.0,4.0,1.4684175155588413,34,5.176470588235294,1.49824590651658,,,,19,0.10487594293650644,0.8521299116193929,11.0,3.0,1.0,-1.0,0.05937392500859993,0.11846468522949764,39,6.256410256410256,0.855036816398482,0.35639060178835635,0.37561374800198444,39,,,,0.2077922077922078,24.644225974995337,5.064377682403434,4720.0,10.196781115879828,7.525099243827169,23.1010940473969,13.755184362754264,22.732300802388508,12.0,5.844603256291703,0.03953645535531145,0.08049219687875153,0.6744657863145258,0.10044533540057009,154.0,23.0,17.815075919075046,1880.0,0.3272532188841202,32.903225806451616,932.0
corpora_selected_txt/KUK_1.0/data/KUKY/TXT/Mestsky_urad_komunalni_poplatek_platebni_vymer_pred.txt,66cf51f7c6537d54ff061fcb,Mestsky_urad_komunalni_poplatek_platebni_vymer_pred,TXT,data/KUKY/TXT,KUKY,SourceDB,,,,low,False,Original,,individual,quasiobjective,True,authority,natural person,individual,On-site anonymization,,bad,,,,76,1.5789473684210527,0.6397453196968885,0.9983552631578947,0.014362105250545872,,,,,,,,,,,,,,,2.0,1.5,0.47140452079103173,3.0,14,21.857142857142858,1.097724942456309,6.0,2.0,0.8366600265340756,1.0,16,8.125,1.9650596851177191,9.0,2.2222222222222223,0.7386643351347079,14,3.7857142857142856,2.307886729493854,,,,11,0.13584222435178187,0.6689132494807056,,6.0,1.1666666666666667,0.34992710611188255,0.10956289081289082,0.3563719465724244,20,5.9,1.2930326184922476,0.37031764631996833,0.5174559822598807,29,,,,0.17857142857142858,19.911979110512128,5.535377358490566,2347.0,12.171933962264147,7.181181811309086,19.323238881401615,20.351861185983836,19.284097035040432,7.0,6.070869865476825,0.03106077755986473,0.08661538461538465,0.7562769230769231,0.10094692078663045,113.0,14.0,16.439396014739867,927.0,0.4693396226415094,26.357142857142858,424.0
corpora_selected_txt/KUK_1.0/data/KUKY/TXT/Mestsky_urad_Souhlas_s_prestupkovym_rizenim.txt,66cf51f7c6537d54ff061fcc,Mestsky_urad_Souhlas_s_prestupkovym_rizenim,TXT,data/KUKY/TXT,KUKY,SourceDB,,,,high,False,Original,,individual,quasiobjective,True,authority,natural person,individual,On-site anonymization,,good,1.0,1.0,1.0,172,1.302325581395349,0.41636670190721925,1.0,-1.0,,2.0,2.0,-1.0,,1.0,,,,,,,1.0,,7.0,4.571428571428571,1.0092347038721965,5.0,17,35.88235294117647,0.7966960125511752,4.0,4.75,0.7947194142390263,2.0,36,6.583333333333333,0.7146623860904046,22.0,3.0454545454545454,1.1076329809662786,29,4.0344827586206895,0.9472758512477658,,1.0,,16,0.10782356989136652,0.3277252869885204,8.0,9.0,1.0,-1.0,0.08160018993352328,0.5504343905222324,51,5.666666666666667,1.018445793309607,0.3858956054808454,0.4831146160111632,84,,,,0.37410071942446044,30.221974092163947,5.146811070998797,4277.0,10.704933814681107,7.052860107964818,28.017188150350393,-4.094777872159682,25.08844057478587,13.0,5.73001923117075,0.03130472955440395,0.07296448087431695,0.6331693989071038,0.09335827956652532,132.0,17.0,17.987409321129135,1728.0,0.29482551143200963,19.19607843137255,831.0
corpora_selected_txt/KUK_1.0/data/KUKY/TXT/14_2024_Dopis_protistrane_puv.txt,66f19554c6537d54ff06243f,14_2024_Dopis_protistrane_puv,TXT,data/KUKY/TXT,KUKY,SourceDB,,,,high,True,Original,,individual,persuasive,False,individual,legal person,individual,On-site anonymization,,good,,,2.0,59,1.4067796610169492,0.47810071681967664,1.0,-1.0,,,,,,,,,,,,3.0,,,6.0,1.8333333333333333,0.4106032651140442,,11,22.0,0.8229658117277577,6.0,1.6666666666666667,0.4898979485566356,,25,2.48,0.6061813055795527,16.0,1.375,0.45028304535773833,14,1.5714285714285714,1.0204520145747114,,,,8,0.2340457394805221,0.49400176365279014,,3.0,1.0,-1.0,0.047305764411027566,0.1160358640260611,30,2.7666666666666666,1.0120630303381446,0.28443864106907585,0.41314505509570376,2,,,,0.5555555555555556,16.57891418861513,4.816199376947041,1546.0,8.756074766355143,6.6928869544362035,15.994832058906823,40.95016510903426,17.15559331634098,7.0,5.747868706024015,0.0313748977113217,0.07918918918918916,0.6347297297297297,0.09233666449566941,81.0,11.0,14.554592549557764,605.0,0.4517133956386293,9.051282051282051,321.0
corpora_selected_txt/KUK_1.0/data/KUKY/TXT/Pravni-rada-Knapova.txt,66f19554c6537d54ff062445,Pravni-rada-Knapova,TXT,data/KUKY/TXT,KUKY,SourceDB,,,,high,False,Original,,individual,quasiobjective,False,individual,natural person,individual,On-site anonymization,,good,1.0,,2.0,232,1.4698275862068966,0.6166843085228823,0.9996081504702194,0.005970813881508331,,3.0,31.0,1.6203055941773368,,,,,1.0,1.0,,,,,12.0,2.75,0.6030226891555273,5.0,50,15.76,0.8676009777965173,22.0,1.6818181818181819,0.46371711892587886,,70,2.8,0.9193280984597224,44.0,2.1363636363636362,1.0174967161171629,46,1.934782608695652,0.5908350990481848,,2.0,,40,0.18422530221956038,0.39169101452531047,2.0,8.0,1.125,0.3142696805273545,0.07274958228905597,0.4082692453686844,86,3.395348837209302,0.7957879801662651,0.2995342692802913,0.38027289264893266,69,,,,0.38461538461538464,14.58307699727024,5.511373976342129,6057.0,11.702274795268425,7.927901619333174,15.737512647861692,29.24687858052775,17.38162693357598,12.0,5.909825694996006,0.034706917648812,0.10250000000000004,0.7007099999999999,0.10975046876976104,251.0,50.0,15.540361756968949,2491.0,0.3885350318471338,13.372340425531915,1099.0
corpora_selected_txt/KUK_1.0/data/KUKY/TXT/Skvarkova_doplneni_odvolani.txt,66f19554c6537d54ff062444,Skvarkova_doplneni_odvolani,TXT,data/KUKY/TXT,KUKY,SourceDB,,,,high,True,Original,,individual,persuasive,False,individual,legal person,individual,On-site anonymization,,good,5.0,,,345,1.2956521739130435,0.41995133126902284,1.0,-1.0,,4.0,3.0,-1.0,,,,,,,,1.0,1.0,,38.0,2.0526315789473686,0.6695921737318244,17.0,105,14.59047619047619,0.8170930359106268,47.0,1.8297872340425532,0.6377353116652134,,132,3.0,0.9246414613573569,88.0,1.7386363636363635,0.6554642334792127,125,2.856,1.1158714809102854,,1.0,2.0,96,0.2280289839597358,0.4524590734578681,2.0,44.0,1.6818181818181819,0.5702102434590507,0.15266907497153065,0.6669320935224811,176,2.4318181818181817,0.6931185045109057,0.3055031143099325,0.4480622764051295,83,2.0,,,0.5738498789346247,10.83443886771358,5.200106723585913,9745.0,9.938046958377802,8.011402405424302,12.128468414900645,46.09770838034251,14.310872592366724,16.0,5.911498516408136,0.030976103760360103,0.09130704225352115,0.6972056338028169,0.09375021394838949,234.0,105.0,13.348371206891418,3948.0,0.2705442902881537,8.89406779661017,1874.0
corpora_selected_txt/KUK_1.0/data/KUKY/TXT/AK_JH_Ustavni_stiznost_predbezko_deti.txt,66f19554c6537d54ff062446,AK_JH_Ustavni_stiznost_predbezko_deti,TXT,data/KUKY/TXT,KUKY,SourceDB,,,,high,True,Original,,individual,persuasive,False,individual,legal person,individual,On-site anonymization,,good,1.0,,3.0,450,1.3155555555555556,0.48287651157911876,1.0,-1.0,1.0,7.0,3.2857142857142856,0.5187110193673414,,,,1.0,,,1.0,,,1.0,20.0,1.85,0.6144368009559631,5.0,86,20.13953488372093,0.7681040425796867,41.0,2.2195121951219514,1.0049989771581254,1.0,120,3.408333333333333,0.7771870006948541,77.0,1.8181818181818181,0.6600438581918948,134,2.91044776119403,0.9731535977643455,,,3.0,71,0.16977803868173283,0.47316616506517023,2.0,27.0,1.3703703703703705,0.3591020998873542,0.11456842521084007,0.5747834325623838,177,3.0282485875706215,0.6330774927817976,0.32692761386604535,0.362487773591676,69,,,1.0,0.4235294117647059,15.145279085502096,5.010825439783491,11109.0,9.541452413170953,8.088553902864883,15.58708109639047,37.36887708090758,16.57234058176249,18.0,5.922438567850415,0.022947851236503728,0.08773371104815864,0.7047780925401322,0.07387018328930528,364.0,86.0,14.604304862132395,4509.0,0.29003157419936854,13.363128491620111,2217.0
corpora_selected_txt/KUK_1.0/data/KUKY/TXT/PR_Turek.txt,66f19554c6537d54ff062447,PR_Turek,TXT,data/KUKY/TXT,KUKY,SourceDB,,,,medium,False,Original,,individual,quasiobjective,False,individual,,individual,On-site anonymization,,bad,15.0,,2.0,455,1.3604395604395605,0.5033479712456883,0.9992673992673993,0.011045808375831762,,2.0,6.0,0.47140452079103173,,,,,1.0,,2.0,1.0,1.0,,32.0,1.875,0.6317751063046378,,116,13.344827586206897,0.7096005143218599,61.0,2.081967213114754,0.6976706769592277,1.0,131,2.9236641221374047,0.7501067200366339,71.0,2.211267605633803,0.8812770841314994,92,2.2717391304347827,0.8806324899543752,,,1.0,81,0.18772708170380537,0.4673945853586226,4.0,24.0,1.3333333333333333,0.36115755925730764,0.08944558963425063,0.42866764751932074,169,2.970414201183432,0.6656748259177158,0.3187453210512133,0.4402602583572131,84,,,,0.4396984924623116,10.157953898050973,5.118440779610195,10242.0,9.498700649675163,8.34792078085985,12.089031484257873,45.24967166416792,13.076911544227887,16.0,5.962699842146527,0.029156337290737126,0.1107570977917981,0.7254311251314406,0.0851016224374869,419.0,116.0,12.452947913484707,4275.0,0.34782608695652173,13.816091954022989,2001.0
corpora_selected_txt/KUK_1.0/data/KUKY/TXT/Mestsky_urad_PK-pouceni-dohoda_o_narovnani.txt,66f19554c6537d54ff062449,Mestsky_urad_PK-pouceni-dohoda_o_narovnani,TXT,data/KUKY/TXT,KUKY,SourceDB,,,,high,True,Original,,individual,quasiobjective,True,authority,natural person,individual,On-site anonymization,,good,,,,107,1.3644859813084111,0.4433126751522656,1.0,-1.0,,2.0,5.5,0.899954085146515,,,,,,,1.0,,1.0,,1.0,7.0,,1.0,16,25.5625,0.8844847051071638,10.0,1.3,0.5191911982388868,1.0,28,4.642857142857143,1.7917237350053814,14.0,2.0,0.9405399431259603,31,5.032258064516129,1.9310667356858962,,1.0,,12,0.11214606119898267,0.544368736933396,3.0,4.0,1.0,-1.0,0.05824059696342305,0.2024819565891001,38,4.026315789473684,0.9301735201370681,0.330653629819597,0.3656151389695161,33,1.0,,,0.2736842105263158,20.35648632075472,5.167924528301887,2739.0,10.525849056603773,7.374282018044993,19.666658490566036,23.318415094339628,19.589622641509436,8.0,5.952919745746875,0.030254685594187484,0.0725058004640371,0.7300696055684455,0.07706304900249268,169.0,16.0,16.218646115125612,1093.0,0.4830188679245283,24.2,530.0
corpora_selected_txt/KUK_1.0/data/KUKY/TXT/MatFyz_12_text_sachy.txt,66f19554c6537d54ff06244a,MatFyz_12_text_sachy,TXT,data/KUKY/TXT,KUKY,SourceDB,,,,high,False,Original,,individual,quasiobjective,True,authority,legal person,bulk,On-site anonymization,,good,1.0,,,127,1.2913385826771653,0.4035688161790746,1.0,-1.0,,5.0,3.4,0.3946002313234923,,,,,,,,,,,6.0,1.3333333333333333,0.38729833462074165,2.0,29,16.620689655172413,0.46309764077550464,4.0,1.75,0.5471012044321932,,48,3.9166666666666665,0.7809014505707497,32.0,1.84375,0.7683830226749415,54,2.9814814814814814,0.9109783230018195,1.0,2.0,,29,0.1492199755410797,0.34979788244270726,1.0,12.0,1.3333333333333333,0.48850421045919723,0.1020532708032708,0.46901324147314527,58,2.8275862068965516,0.589323909845895,0.2967491153309718,0.4069060055562916,30,,,,0.5258620689655172,11.94922844827586,5.0625,2997.0,9.492736486486484,7.613080850631588,12.195052481360669,50.43877982292638,15.665517241379312,10.0,6.076453823429117,0.017499622572635768,0.05294117647058827,0.7591480730223124,0.058797336100915774,194.0,29.0,14.305641273022982,1165.0,0.49324324324324326,10.966666666666667,592.0
corpora_selected_txt/KUK_1.0/data/KUKY/TXT/14_2024_Dopis_protistrane_rev.txt,66f19554c6537d54ff06244b,14_2024_Dopis_protistrane_rev,TXT,data/KUKY/TXT,KUKY,SourceDB,,,,high,True,Redesign,,individual,persuasive,False,individual,legal person,individual,On-site anonymization,,good,,,,36,1.4444444444444444,0.45154005278937837,1.0,-1.0,,,,,,,,,,,,3.0,,,3.0,1.6666666666666667,0.692820323027551,,10,17.3,0.8753827999365115,4.0,1.0,-1.0,,15,2.6666666666666665,0.36596252735569995,13.0,1.3076923076923077,0.48208983737820577,6,1.1666666666666667,0.34992710611188255,,,,8,0.24741096866096868,0.40570806708723484,,1.0,1.0,,0.0625,,23,2.260869565217391,0.9355940371011774,0.2602725279835254,0.39122073748785485,1,,,,0.6041666666666666,12.40067668161435,4.860986547085202,1084.0,8.664125560538116,6.470987300201143,12.813717488789237,49.75074529147983,14.30116591928251,6.0,5.724915165221351,0.01747115168366758,0.04330645161290325,0.6312096774193549,0.05437957176202651,66.0,10.0,13.023866798666859,430.0,0.515695067264574,8.071428571428571,223.0
corpora_selected_txt/KUK_1.0/data/KUKY/TXT/PR_Masinova.txt,66f19554c6537d54ff06244c,PR_Masinova,TXT,data/KUKY/TXT,KUKY,SourceDB,,,,medium,False,Original,,individual,quasiobjective,False,individual,,individual,On-site anonymization,,bad,1.0,,4.0,341,1.310850439882698,0.5016949104262588,0.9995112414467252,0.009029919468273556,,5.0,3.8,0.34311591606329733,,,,,,,,,,,19.0,1.9473684210526316,0.8639259167377912,3.0,76,15.328947368421053,0.6487309617404665,59.0,2.3220338983050848,0.7348662486478709,,104,3.0096153846153846,0.9043362127730793,65.0,1.8153846153846154,0.5752030854279033,88,2.090909090909091,0.7592722578330481,,,,65,0.18815891305853388,0.39527096018121616,7.0,19.0,1.1578947368421053,0.4330789675138318,0.07895117099329255,0.46452456273087867,147,2.5510204081632653,0.7788598621905658,0.3111342593764633,0.46152919182564434,54,2.0,,,0.4326923076923077,10.799557850133809,4.922033898305084,7260.0,8.759932203389829,7.795285412962071,12.528564924174844,46.28881016949154,12.725869759143624,15.0,5.89729974809601,0.0221525767374399,0.11082122093023261,0.707281976744186,0.05432065371380307,258.0,76.0,11.99379268770037,3041.0,0.31728813559322033,12.485074626865671,1475.0
corpora_selected_txt/KUK_1.0/data/KUKY/TXT/Mestsky_urad_Vyzva_k_zaplaceni_nakladu_rizeni_sroz.txt,66f19554c6537d54ff062450,Mestsky_urad_Vyzva_k_zaplaceni_nakladu_rizeni_sroz,TXT,data/KUKY/TXT,KUKY,SourceDB,,,,high,False,Redesign,,individual,quasiobjective,True,authority,natural person,individual,On-site anonymization,,good,,,,27,1.3333333333333333,0.5503495392790071,1.0,-1.0,,,,,,,,,,,,,,,4.0,1.75,0.5471012044321932,,9,16.333333333333332,0.9824575430131354,3.0,2.0,-1.0,,9,2.3333333333333335,0.30304576336566325,4.0,1.75,0.8571428571428571,4,1.75,0.5471012044321932,,,,6,0.20034616683552853,0.7786049130586717,,4.0,1.0,-1.0,0.08055555555555555,0.22873274416244144,10,3.3,0.7699328888953335,0.2575426297840091,0.39438695835212983,7,,,,0.46875,9.463799999999999,4.8,864.0,8.07111111111111,6.840739988129465,9.355661111111107,65.26044444444445,12.755555555555556,3.0,6.193173921200116,0.013337427356509373,0.09197530864197534,0.7996296296296296,0.043251072800614104,101.0,10.0,12.161744961471694,323.0,0.7277777777777777,13.214285714285714,180.0
corpora_selected_txt/KUK_1.0/data/KUKY/TXT/Mestsky_urad_usneseni_-_slouceni_po.txt,66f19554c6537d54ff062452,Mestsky_urad_usneseni_-_slouceni_po,TXT,data/KUKY/TXT,KUKY,SourceDB,,,,high,True,Redesign,,individual,quasiobjective,True,authority,natural person,bulk,On-site anonymization,,good,,,,49,1.4081632653061225,0.43289647247074753,1.0,-1.0,,,,,,,,,,,,,,,4.0,1.75,0.8571428571428571,,15,17.733333333333334,1.078710625718399,1.0,4.0,,,16,2.5,0.565685424949238,8.0,2.625,1.254212209686151,15,1.6666666666666667,0.868496237346895,,,,13,0.17886734324668715,0.5516960164666149,,3.0,1.0,-1.0,0.08928571428571429,0.34641016151377546,21,3.4761904761904763,0.8167991296302651,0.27801382250140017,0.3584107849313395,21,,,,0.417910447761194,12.569703571428576,4.8898809523809526,1643.0,8.80565476190476,7.002378811010534,12.70555357142857,50.67398571428572,13.483809523809525,6.0,6.0924701656542775,0.028838018363438543,0.05012658227848099,0.7517721518987341,0.10051132817256478,94.0,15.0,12.221763196225844,642.0,0.4880952380952381,14.666666666666666,336.0
corpora_selected_txt/KUK_1.0/data/KUKY/TXT/Mestsky_urad_Vyzva_k_zaplaceni_nakladu_rizeni_pred.txt,66f19554c6537d54ff06244d,Mestsky_urad_Vyzva_k_zaplaceni_nakladu_rizeni_pred,TXT,data/KUKY/TXT,KUKY,SourceDB,,,,high,False,Original,,individual,quasiobjective,True,authority,natural person,individual,On-site anonymization,,good,,,4.0,61,1.5737704918032787,0.5247353830477055,0.9972677595628415,0.021397944317552476,,1.0,26.0,,,,,,,,,,,,1.0,2.0,,,14,21.428571428571427,1.1833777528679954,3.0,1.6666666666666667,0.692820323027551,,13,4.0,0.8416254115301732,9.0,6.0,1.0639287779003086,9,2.4444444444444446,1.1946419637228567,,,,9,0.10005894661913489,0.33296103362447993,1.0,3.0,1.0,-1.0,0.06540710751237067,0.18644202338220012,15,4.666666666666667,0.5988326837192331,0.3172298647345087,0.2951270144870254,26,,,,0.21333333333333335,16.629515584415586,5.119480519480519,1971.0,10.121558441558443,7.208731024934471,15.532503896103893,40.955675324675326,18.48051948051948,6.0,6.036301201843841,0.02601448203497847,0.08318181818181825,0.747027972027972,0.06444680183399216,140.0,14.0,16.084390811093357,743.0,0.5298701298701298,29.2,385.0
corpora_selected_txt/KUK_1.0/data/KUKY/TXT/AK_JH_Podani_US_podpis.txt,66f19554c6537d54ff06244f,AK_JH_Podani_US_podpis,TXT,data/KUKY/TXT,KUKY,SourceDB,,,,high,True,Original,,individual,persuasive,False,individual,legal person,individual,On-site anonymization,,good,6.0,,2.0,556,1.4946043165467626,0.48612626870078635,1.0,-1.0,5.0,3.0,6.0,0.5773502691896257,,,,,,,,1.0,1.0,,18.0,2.388888888888889,0.43405152384519596,11.0,74,23.824324324324323,0.536690645698396,38.0,1.9210526315789473,0.6560129878467043,2.0,177,3.2768361581920904,0.692177670331221,104.0,1.7307692307692308,0.6842555673208401,162,2.5925925925925926,1.0691955434593705,,,,70,0.1765232098854047,0.4437606466676298,3.0,47.0,1.5957446808510638,0.6488816093827665,0.09921513046965914,0.5458974162737203,237,2.852320675105485,0.6668553884471569,0.318125355342716,0.4001758030520029,69,2.0,1.0,,0.367986798679868,20.911470400221575,5.496884088076444,13231.0,12.044204403822183,8.082563771813682,20.352466445090712,16.72177674560311,20.465085722199145,21.0,5.901465707747952,0.02987316388277858,0.10532062391681107,0.6924870017331023,0.09195600184450295,260.0,75.0,17.261653781960288,5286.0,0.24511840465309515,13.563063063063064,2407.0
corpora_selected_txt/KUK_1.0/data/KUKY/TXT/AK_JH_Hroch_ustavni_stiznost.txt,66f19554c6537d54ff062451,AK_JH_Hroch_ustavni_stiznost,TXT,data/KUKY/TXT,KUKY,SourceDB,,,,high,True,Original,,individual,persuasive,False,individual,legal person,individual,On-site anonymization,,good,4.0,,3.0,985,1.3725888324873097,0.4761249776808863,0.9998307952622674,0.005311340269580384,1.0,21.0,4.904761904761905,1.4458556751058977,,,,1.0,,1.0,,1.0,2.0,,20.0,2.0,0.6488856845230502,19.0,179,22.30167597765363,0.8822777177863883,80.0,2.275,0.7880960702356306,1.0,268,3.7761194029850746,0.8725500241695381,156.0,1.9615384615384615,1.7294446090730888,280,2.267857142857143,0.8426559058675772,2.0,4.0,,144,0.15537525769068272,0.47740166810664747,6.0,82.0,1.475609756097561,0.534837446768474,0.09992721214158135,0.4718730237564569,380,3.2710526315789474,0.7519736379790485,0.310290028325105,0.35987007624025363,185,2.0,,,0.3540183112919634,16.726667836402463,4.96862896979086,25658.0,9.450116189000775,8.468521659242617,16.843213963221793,33.957073308198275,18.01943587351447,31.0,5.948612222169893,0.030506405985465952,0.07079368213228032,0.7157393879565647,0.08442884221804425,437.0,181.0,15.530769801579275,10404.0,0.18764523625096824,17.29971181556196,5164.0
corpora_selected_txt/KUK_1.0/data/KUKY/TXT/Mestsky_urad_usneseni_-_slouceni_pred.txt,66f19554c6537d54ff062453,Mestsky_urad_usneseni_-_slouceni_pred,TXT,data/KUKY/TXT,KUKY,SourceDB,,,,high,False,Original,,individual,quasiobjective,True,authority,natural person,bulk,On-site anonymization,,good,,,,24,1.4166666666666667,0.41194734714477516,1.0,-1.0,,,,,,,,,,,,,,,,,,1.0,8,23.75,1.4158803112542344,,,,,6,5.166666666666667,1.1703944210976591,2.0,3.0,0.9428090415820635,5,2.6,0.8426500884694862,,,,5,0.1116374269005848,0.9455816128746753,,1.0,1.0,,0.16666666666666666,,8,6.0,0.8819171036881969,0.30506425543190246,0.2014162824103415,10,,,,0.2727272727272727,14.371995087336245,4.310043668122271,987.0,6.358078602620088,6.909902478269543,12.650144104803491,62.681423580786046,14.943449781659389,4.0,6.121128342041517,0.03385213858226643,0.014384615384615329,0.7590769230769231,0.12281161619809093,89.0,8.0,12.161744961471694,355.0,0.6157205240174672,38.125,229.0
corpora_selected_txt/KUK_1.0/data/KUKY/TXT/PR_Konecny__Miliak.txt,66f19554c6537d54ff062454,PR_Konecny__Miliak,TXT,data/KUKY/TXT,KUKY,SourceDB,,,,medium,False,Original,,individual,quasiobjective,False,individual,,individual,On-site anonymization,,bad,9.0,,1.0,477,1.3354297693920336,0.5117710469800223,0.9993885394828791,0.009535134468277053,,4.0,2.75,0.34815531191139565,,,,,,1.0,,1.0,,,26.0,2.1153846153846154,0.6989579019943408,6.0,126,12.706349206349206,0.8789195881531358,63.0,1.9047619047619047,0.752656585358735,,158,2.7658227848101267,0.5999792684061124,107.0,1.5233644859813085,0.7616271681317857,108,1.8148148148148149,0.5890910813027126,1.0,2.0,,103,0.21057309943855979,0.40183858230994646,10.0,39.0,1.3333333333333333,0.4330127018922194,0.11252854828007297,0.5974696897483847,197,2.6142131979695433,0.6948254933270351,0.2961024335235651,0.38657604411642,71,3.0,,,0.49079754601226994,9.985333428861836,5.203177660086664,10807.0,9.81993259508907,8.341200137796811,11.588019984562592,47.22981315389259,12.467507317483246,16.0,5.933842818536501,0.02378039680760378,0.11247219413549037,0.7150505561172902,0.06175055139882892,376.0,126.0,12.017213316859397,4414.0,0.32402503610977373,10.112970711297072,2077.0
corpora_selected_txt/KUK_1.0/data/KUKY/TXT/Navrh_Knodlova_opatrovnik_bez.txt,66f19554c6537d54ff062456,Navrh_Knodlova_opatrovnik_bez,TXT,data/KUKY/TXT,KUKY,SourceDB,,,,high,True,Original,,individual,persuasive,False,individual,legal person,individual,On-site anonymization,,good,1.0,,,198,1.2676767676767677,0.3845406018141662,1.0,-1.0,,6.0,3.1666666666666665,0.36917216666842495,,,,,,,,,,,28.0,1.8928571428571428,0.7919868184869916,7.0,72,11.902777777777779,0.6902324608812118,30.0,1.9,0.6386476781570256,,91,2.340659340659341,0.5260302142234735,44.0,1.75,1.2392872700977338,68,2.2941176470588234,0.7419581714818425,,,1.0,63,0.2464080695962958,0.4925089146112988,2.0,30.0,1.8666666666666667,0.521359398880316,0.16088376253767825,0.659485342671235,102,1.9019607843137254,0.5462482550797049,0.2571661100337571,0.4235951556983057,35,3.0,,,0.56640625,8.534374189923696,5.103480714957667,5425.0,9.149200376293509,7.90357144682756,10.847572175185533,49.05705905717571,12.07676910212188,10.0,5.909825352914959,0.01731358979603858,0.09943983402489631,0.7095020746887967,0.050256001228529155,239.0,72.0,11.750952952430431,2277.0,0.39793038570084666,8.243055555555555,1063.0
corpora_selected_txt/KUK_1.0/data/KUKY/TXT/KVOP_Odebrani_deti_REV.txt,66f19554c6537d54ff062457,KVOP_Odebrani_deti_REV,TXT,data/KUKY/TXT,KUKY,SourceDB,,,,high,True,Redesign,,individual,quasiobjective,False,authority,combined,bulk,On-site anonymization,,good,7.0,,,1023,1.3607038123167154,0.5036008543365393,0.9995752455429875,0.007893646082880222,,5.0,3.4,0.573340843812292,1.0,,,4.0,,,,,3.0,,65.0,2.4461538461538463,0.7044876198028186,15.0,243,14.004115226337449,0.6263130240906762,95.0,2.4105263157894736,0.7854749943596362,1.0,302,3.3675496688741724,0.8455039296854576,193.0,2.0155440414507773,1.4236938971163273,269,2.423791821561338,0.8894916611687369,,3.0,1.0,220,0.18121626112409872,0.37566472545329815,1.0,70.0,1.2857142857142858,0.40039343685462286,0.09876771198630034,0.5135208671068595,422,3.042654028436019,0.668013387869704,0.3300771547444524,0.3906622884162109,141,7.0,,,0.525027808676307,10.511073645821867,5.133560864618885,22562.0,9.61390216154721,8.392311060800877,12.374631340599656,44.18664633564535,13.714420712686707,26.0,5.911764645648578,0.030910862937768974,0.09732541899441338,0.7045228119180633,0.09219859085374363,495.0,248.0,12.916893204111517,9409.0,0.22662116040955632,10.855626326963906,4395.0
corpora_selected_txt/KUK_1.0/data/KUKY/TXT/PR_Bitova__Nachtegalova.txt,66f19554c6537d54ff062455,PR_Bitova__Nachtegalova,TXT,data/KUKY/TXT,KUKY,SourceDB,,,,medium,False,Original,,individual,quasiobjective,False,individual,,individual,On-site anonymization,,bad,5.0,,2.0,525,1.3714285714285714,0.5316544449088606,0.9990476190476191,0.012586736607433395,,6.0,3.5,0.5642405045180429,,,,,5.0,,,1.0,1.0,,27.0,1.7037037037037037,0.5353573875031745,11.0,125,13.88,0.7137833130974421,54.0,2.3518518518518516,0.6352894865443355,,148,3.3986486486486487,0.7509306955940384,100.0,2.03,0.8327420861799648,101,1.9702970297029703,0.7678944440646269,,2.0,,103,0.16104729183584643,0.45672001630848535,16.0,22.0,1.2272727272727273,0.4305591113239984,0.1151895220675125,0.5706896513209656,172,4.087209302325581,0.5951126674159815,0.36521487616870285,0.38665224719004715,118,5.0,,,0.4064516129032258,11.932273432730483,5.449933833259815,12355.0,11.137715041905603,8.338239965821206,13.096479153065722,40.0460058826643,14.894452933392149,18.0,5.981560555370162,0.023500909193018654,0.09944649446494458,0.7227721402214022,0.06613152858099432,342.0,125.0,13.761562935745413,4979.0,0.29201588001764445,14.579787234042554,2267.0
corpora_selected_txt/KUK_1.0/data/KUKY/TXT/Mestsky_urad_Nesoucinnost-U.txt,66f1be83c6537d54ff06248e,Mestsky_urad_Nesoucinnost-U,TXT,data/KUKY/TXT,KUKY,SourceDB,,,,low,False,Original,,individual,quasiobjective,True,authority,natural person,individual,On-site anonymization,,bad,,,2.0,118,1.5847457627118644,0.6080893766537747,0.9975282485875706,0.01914712114163681,,2.0,5.0,0.565685424949238,,1.0,,,,,,,,,1.0,4.0,,3.0,16,29.8125,1.446176642178615,25.0,15.6,0.846178127079749,1.0,21,6.333333333333333,2.21859429928501,15.0,25.466666666666665,1.4632932501202978,24,7.916666666666667,1.4104921612040306,,2.0,,15,0.14093494992045716,0.6215225495889657,1.0,10.0,1.0,-1.0,0.0891134742450532,0.305490568708764,32,5.09375,1.4803794202893248,0.37351236407004806,0.470495446162056,33,,,,0.23809523809523808,22.479342105263157,4.907894736842105,2984.0,9.414473684210526,7.393218999818538,20.67163157894737,25.58426315789474,20.594736842105263,10.0,5.968627472619424,0.036550606306997135,0.0822396856581532,0.7174459724950885,0.106217437834231,135.0,16.0,16.061879428645646,1152.0,0.41118421052631576,24.416666666666668,608.0
corpora_selected_txt/KUK_1.0/data/KUKY/TXT/Mestsky_urad_prezkoumani_zdravotni_zpusobilosti_sroz.txt,66f1be83c6537d54ff06248f,Mestsky_urad_prezkoumani_zdravotni_zpusobilosti_sroz,TXT,data/KUKY/TXT,KUKY,SourceDB,,,,high,True,Redesign,66f1be84c6537d54ff062491,individual,quasiobjective,True,authority,natural person,individual,On-site anonymization,,good,,,,102,1.4607843137254901,0.5589846585729265,0.9969654528478058,0.02169425974496306,,2.0,5.5,0.899954085146515,,,,,,,,,,,8.0,2.25,0.5177621088984156,,21,19.0,0.7133472267612582,7.0,2.4285714285714284,1.059368051705106,,32,2.5625,0.8048899696325332,15.0,1.6,0.8451542547285165,14,2.642857142857143,0.9340204621664213,,1.0,,19,0.14113983183640855,0.6166102310153311,,9.0,1.1111111111111112,0.3,0.06872674109516214,0.3134797893226291,34,3.735294117647059,0.7348254717117131,0.30452812462203327,0.5344230719718677,35,,,,0.3486238532110092,16.284922953451044,5.382022471910112,2874.0,11.27078651685393,7.281040217755291,16.224654895666127,32.373260032102735,17.437346174424828,9.0,5.939782763756179,0.03272489623747661,0.06370114942528737,0.6948965517241379,0.10824362433609978,131.0,21.0,15.406916988373787,1134.0,0.4250936329588015,17.864864864864863,534.0
corpora_selected_txt/KUK_1.0/data/KUKY/TXT/Mestsky_urad_PRIKAZ.txt,66f1be84c6537d54ff062490,Mestsky_urad_PRIKAZ,TXT,data/KUKY/TXT,KUKY,SourceDB,,,,high,False,Original,,individual,quasiobjective,True,authority,natural person,individual,On-site anonymization,,good,6.0,,3.0,511,1.365949119373777,0.4475121433528584,1.0,-1.0,,33.0,6.424242424242424,1.99609410785996,,1.0,,,1.0,,,,,,10.0,2.3,0.795122708657693,19.0,62,32.435483870967744,1.1236478614233836,50.0,2.12,0.6714241890609784,,133,5.142857142857143,2.318573547662912,51.0,3.1372549019607843,2.487900093452307,135,2.6444444444444444,1.1149713021081413,,3.0,,58,0.1554479185254275,0.5495596226254935,,27.0,1.1481481481481481,0.397200642341065,0.08683093742059357,0.5637540939616669,201,3.5771144278606966,1.002713081593588,0.3462357892146157,0.4514214448281293,117,1.0,,,0.28225806451612906,25.881207511931933,4.7974683544303796,12886.0,8.998585256887564,8.146287167538336,23.05973681994068,20.596461787288078,22.870002319251007,22.0,5.62291241262088,0.12782136099938035,0.0743525318902204,0.6364166988790104,0.23017871662234213,319.0,61.0,16.87165143108679,4869.0,0.24609084139985107,25.359712230215827,2686.0
corpora_selected_txt/KUK_1.0/data/KUKY/TXT/Mestsky_urad_Usneseni_narizeni_podrobit_se_prezkoumani_zdravotni_zpusobilosti.txt,66f1be84c6537d54ff062491,Mestsky_urad_Usneseni_narizeni_podrobit_se_prezkoumani_zdravotni_zpusobilosti,TXT,data/KUKY/TXT,KUKY,SourceDB,,,,high,False,Original,,individual,quasiobjective,True,authority,natural person,individual,On-site anonymization,,good,,,1.0,135,1.651851851851852,0.6332837505406398,0.9955467372134038,0.025874074094814924,,2.0,12.0,0.11785113019775793,,,,,,,,,,,3.0,3.3333333333333335,0.754983443527075,2.0,23,21.956521739130434,0.8162840812346266,5.0,5.6,0.833758394994911,,29,5.689655172413793,1.9230937021841386,11.0,3.090909090909091,1.5343246883026254,26,5.3076923076923075,2.126078559204147,,1.0,,17,0.10025380304012355,0.44927236164573703,1.0,9.0,1.0,-1.0,0.06530383197049863,0.2604618580509933,31,5.870967741935484,0.5610407606372333,0.3393058971623574,0.32666506058602446,47,,,,0.19852941176470587,19.447026137957415,5.5175953079178885,3763.0,12.068181818181818,7.355641865083321,18.497365038888177,24.790993369883978,19.778758128267242,10.0,5.915949161934348,0.031468142118960304,0.053533447684391056,0.6860548885077187,0.1064474692859532,140.0,23.0,16.969476424260193,1454.0,0.3709677419354839,43.92307692307692,682.0
corpora_selected_txt/KUK_1.0/data/KUKY/TXT/Mestsky_urad_PRIKAZ_REV2.txt,66f1be84c6537d54ff062492,Mestsky_urad_PRIKAZ_REV2,TXT,data/KUKY/TXT,KUKY,SourceDB,,,,high,True,Redesign,66f1be84c6537d54ff062490,individual,quasiobjective,True,authority,natural person,individual,On-site anonymization,,good,5.0,,,545,1.379816513761468,0.45495589922273144,1.0,-1.0,,11.0,10.0,2.1651789764358975,,,,,,,,1.0,,,10.0,1.5,0.47140452079103173,12.0,72,24.36111111111111,1.0940088833880885,33.0,2.5757575757575757,1.1607776894352586,1.0,137,4.218978102189781,1.5146209208127328,63.0,1.7142857142857142,0.7440023027674696,137,2.27007299270073,1.0001197277645792,,3.0,,64,0.16450094509349866,0.49291629034742207,1.0,31.0,1.096774193548387,0.27401916938475573,0.08104259473229812,0.5420433855398863,192,3.3958333333333335,0.8852111195336563,0.3385537818141627,0.4196730602377499,93,1.0,,,0.3291139240506329,20.34452562202462,4.951899757477769,12251.0,9.541592562651578,8.032499704438274,18.696057082547384,32.23597080750922,19.160774274678886,22.0,5.637490913418359,0.12658031156234809,0.0744968421052632,0.6362315789473684,0.21350746689577504,277.0,72.0,15.451664245453678,4665.0,0.2396928051738076,21.161290322580644,2474.0
corpora_selected_txt/KUK_1.0/data/KUKY/TXT/Mestsky_urad_Nesoucinnost-U_sroz.txt,66f1be84c6537d54ff062493,Mestsky_urad_Nesoucinnost-U_sroz,TXT,data/KUKY/TXT,KUKY,SourceDB,,,,high,True,Redesign,66f1be83c6537d54ff06248e,individual,quasiobjective,True,authority,natural person,individual,On-site anonymization,,good,,,,84,1.4523809523809523,0.5893403958396332,0.9985119047619048,0.013658943949197715,,1.0,14.0,,,,,,,,,,,,4.0,1.5,0.38490017945975047,1.0,19,18.210526315789473,0.9375691657765902,15.0,1.7333333333333334,0.5545096758018777,,29,3.0,1.2567279257520616,22.0,1.4545454545454546,0.46129992309518,18,4.277777777777778,1.3720248373901565,,1.0,,19,0.17651106786197135,0.565747163477574,,9.0,1.0,-1.0,0.08431242867517377,0.36208035371094577,35,3.7714285714285714,1.1065686938883366,0.33012941098835347,0.2555407302792037,21,,,,0.4583333333333333,13.626695867184743,4.984340044742729,2228.0,9.310738255033558,7.287122898499935,14.127115977864122,43.09989485458611,15.674508418697753,7.0,5.914899426505394,0.028009178205958187,0.09554597701149425,0.700948275862069,0.08042575069047027,127.0,19.0,14.094315096169485,895.0,0.4854586129753915,12.372093023255815,447.0
corpora_selected_txt/KUK_1.0/data/KUKY/TXT/1A_dokument_puvodni_ustanoven_zastupce_vyzva_k_doplneni_kast_pouceni.txt,674465a7c6537d54ff06315a,1A_dokument_puvodni_ustanoven_zastupce_vyzva_k_doplneni_kast_pouceni,TXT,data/KUKY/TXT,KUKY,SourceDB,,,,high,False,Original,674465a7c6537d54ff06315d,individual,quasiobjective,True,authority,natural person,individual,On-site anonymization,,good,1.0,,1.0,198,1.4191919191919191,0.5075352700631617,0.9991582491582492,0.011854462745973283,,,,,,,,,1.0,,,,,,5.0,5.0,1.6792855623746665,7.0,44,13.818181818181818,0.8213206299269447,14.0,2.9285714285714284,0.6758545624300378,1.0,58,2.8793103448275863,0.7158482532452014,25.0,2.4,0.7115938031916388,48,2.0,0.6101970382851059,,3.0,,34,0.15824642275048378,0.5451062097743107,1.0,7.0,2.0,0.7637626158259734,0.13156005623940167,0.5559129751198582,65,4.2153846153846155,0.657062601523514,0.37251441075354635,0.3513531365523453,29,,,,0.3352941176470588,11.452409311027953,5.209443099273607,4303.0,10.060895883777237,7.515266567297823,11.955468302883556,49.00392493946731,13.852916574950473,11.0,5.94377299250677,0.022246250030670853,0.08966987620357636,0.7087757909215956,0.06107420108342299,175.0,44.0,12.986315366051777,1681.0,0.37530266343825663,17.803571428571427,826.0
corpora_selected_txt/KUK_1.0/data/KUKY/TXT/2A_dokument_puvodni_vyzva_k_zaplaceni_SOP_a_k_doplneni_kast_pouceni.txt,674465a7c6537d54ff06315b,2A_dokument_puvodni_vyzva_k_zaplaceni_SOP_a_k_doplneni_kast_pouceni,TXT,data/KUKY/TXT,KUKY,SourceDB,,,,high,True,Original,,individual,quasiobjective,True,authority,natural person,individual,On-site anonymization,,good,3.0,,1.0,210,1.4476190476190476,0.51446862029851,0.9993197278911565,0.009864790160782464,,,,,,,,,,,,,,,8.0,2.25,0.5177621088984156,10.0,40,15.575,1.1193553540724739,12.0,3.25,1.0088366960464616,1.0,51,3.372549019607843,0.8237705328255908,39.0,2.0,0.910465468000326,40,2.075,1.151815242920095,,1.0,,29,0.18455987084706832,0.5697536131649974,1.0,13.0,1.4615384615384615,0.6000923289995463,0.13734737484737483,0.5717920735377687,72,3.763888888888889,0.7507930460489618,0.3537628531759079,0.33985847220113935,37,2.0,,,0.355,13.158153211009179,5.1536697247706424,4494.0,10.010321100917432,7.60987928313729,13.355630733944949,45.12709724770643,14.591559633027524,11.0,5.987684204513378,0.023134613818917404,0.09711513583441134,0.720608020698577,0.06755356681133928,191.0,40.0,13.348371206891418,1758.0,0.38073394495412843,15.228571428571428,872.0
corpora_selected_txt/KUK_1.0/data/KUKY/TXT/0006_0Vol_2200011_20221208094205.txt,674465a7c6537d54ff06315c,0006_0Vol_2200011_20221208094205,TXT,data/KUKY/TXT,KUKY,SourceDB,,,,high,True,Original,,individual,quasiobjective,True,authority,combined,bulk,On-site anonymization,,good,,,,97,1.6082474226804124,0.6984054523492337,0.99553264604811,0.025858581238301183,,2.0,6.0,0.9428090415820635,,,,,,,,,,,3.0,15.0,1.1850925889754118,1.0,24,17.333333333333332,1.1370007802882662,1.0,2.0,,,26,4.346153846153846,1.0370684660189518,15.0,2.8,1.274897812174325,26,2.6923076923076925,1.1874995166486662,,,,16,0.11088057305087569,0.5433108114326403,,6.0,1.5,0.3651483716701107,0.26755189255189255,1.347906555408183,31,5.806451612903226,0.71345101140794,0.3907316024013269,0.3142508601645791,19,1.0,,,0.3118279569892473,13.92085177595628,5.176684881602914,2842.0,10.18014571948998,7.264834667881477,14.034171220400726,42.5158324225865,16.87313296903461,9.0,5.942650012670339,0.035386209531019015,0.07233333333333336,0.6994444444444444,0.10342296330729288,118.0,24.0,15.134931603849854,1114.0,0.40255009107468126,22.928571428571427,549.0
corpora_selected_txt/KUK_1.0/data/KUKY/TXT/1B_dokument_prepsany_ustanoven_zastupce_vyzva_k_doplneni_kast_pouceni.txt,674465a7c6537d54ff06315d,1B_dokument_prepsany_ustanoven_zastupce_vyzva_k_doplneni_kast_pouceni,TXT,data/KUKY/TXT,KUKY,SourceDB,,,,high,False,Redesign,,individual,quasiobjective,True,authority,natural person,individual,On-site anonymization,,good,,,,152,1.3223684210526316,0.42281288682606544,1.0,-1.0,,,,,,,,,,,,1.0,,,4.0,6.0,1.5575384187640207,7.0,38,13.078947368421053,0.8754500685175941,14.0,2.642857142857143,0.673718579354165,,49,2.4285714285714284,0.48283691645241195,24.0,2.0833333333333335,0.734349756735434,43,1.8837209302325582,0.5930639414880058,,4.0,,28,0.17387300182412965,0.4818275312040063,,6.0,2.0,0.6324555320336759,0.15374158435303945,0.6292311454741121,58,3.4655172413793105,0.7256139065282018,0.35988762882321906,0.43384201228689817,24,,,,0.424,9.932794881038213,5.050228310502283,3318.0,9.181887366818875,7.307476294346951,11.002536970279579,52.720576864535744,12.882303933349357,10.0,5.900656286554979,0.026695957251612473,0.09924731182795699,0.6931362007168459,0.06866203423567337,137.0,38.0,12.303257153313005,1324.0,0.3850837138508371,15.153846153846153,657.0
corpora_selected_txt/KUK_1.0/data/KUKY/TXT/0010_0Vol_2200020_20221207153332.txt,674465a7c6537d54ff06315e,0010_0Vol_2200020_20221207153332,TXT,data/KUKY/TXT,KUKY,SourceDB,,,,high,False,Original,,individual,quasiobjective,True,authority,combined,bulk,On-site anonymization,,good,2.0,,,554,1.3447653429602888,0.45071202656823484,0.9996991576413959,0.00708311904660838,1.0,7.0,6.571428571428571,0.9856404428318086,,,,,,,,1.0,2.0,,20.0,2.3,1.2859108869873954,10.0,135,15.274074074074074,1.0752661579320786,42.0,5.904761904761905,2.2883346776785216,,165,3.860606060606061,1.758177186702323,121.0,1.9917355371900827,0.8922623637833661,160,2.4125,1.164439809282807,,2.0,,99,0.1673865752636426,0.4410977934963526,2.0,53.0,1.528301886792453,0.538402495041925,0.15368908591716585,0.9391868342288003,231,3.398268398268398,0.8540503832063802,0.34236608443406435,0.44008701806535594,56,1.0,,,0.4773662551440329,11.817261864504253,5.255822981366459,13539.0,10.303532608695653,8.138416784184809,12.511545059811361,45.79484681389465,15.722654704393836,23.0,5.983342561472594,0.024955371969130884,0.09157852240613651,0.7175575292692773,0.08237190250385146,312.0,135.0,14.351788616270959,5354.0,0.2453416149068323,13.329004329004329,2576.0
corpora_selected_txt/KUK_1.0/data/KUKY/TXT/0017_0Vol_2200026_20221212160257.txt,674465a7c6537d54ff06315f,0017_0Vol_2200026_20221212160257,TXT,data/KUKY/TXT,KUKY,SourceDB,,,,medium,,Original,,individual,,True,authority,combined,bulk,On-site anonymization,,bad,5.0,,,589,1.3514431239388796,0.44246903315361363,0.9994340690435766,0.00970917519991076,,6.0,6.666666666666667,0.9751922887307917,,,,,,,,1.0,,,33.0,1.8181818181818181,0.6368869601428497,14.0,134,16.492537313432837,0.8131690503088674,63.0,2.111111111111111,0.5454910995785517,,200,3.36,0.8980962188607764,120.0,1.7666666666666666,0.6171616971907538,160,2.4,0.8137102608050871,,1.0,1.0,115,0.18256327056427374,0.3993522531990313,,64.0,1.5,0.5177621088984156,0.11226405388557091,0.5711020268622027,254,2.952755905511811,0.9131753669304463,0.3055901964562077,0.41368244413997346,63,3.0,,,0.4853195164075993,13.525666599631307,5.359840232389252,14761.0,10.94121278140886,8.398086564358424,14.626724037763253,35.32341530640747,16.404129378247024,21.0,6.056712142904709,0.01986328496445077,0.0931638418079096,0.7512015065913371,0.0633616784874202,419.0,130.0,14.836745963215662,6032.0,0.280319535221496,11.592857142857143,2754.0
corpora_selected_txt/KUK_1.0/data/KUKY/TXT/41_A_32-2022_rozsudek_Martina_Kopy_Anna_Rybarova_a_kousava_akita_inu.txt,674465a7c6537d54ff063160,41_A_32-2022_rozsudek_Martina_Kopy_Anna_Rybarova_a_kousava_akita_inu,TXT,data/KUKY/TXT,KUKY,SourceDB,,,,low,False,Original,,individual,quasiobjective,True,authority,combined,bulk,On-site anonymization,,bad,21.0,,6.0,1220,1.4672131147540983,0.49603975109407794,0.9993364558938329,0.010372714475505007,,16.0,5.1875,1.1825082805013667,,,,1.0,,2.0,4.0,4.0,2.0,,38.0,2.1578947368421053,0.8983767179564882,14.0,281,13.380782918149466,0.823435251197506,55.0,2.418181818181818,0.844838326569924,,341,3.6715542521994133,1.0032574556558718,190.0,2.0631578947368423,1.3633030015084766,310,2.574193548387097,1.1066886429470244,1.0,5.0,1.0,227,0.1735244797411739,0.46537756655431006,4.0,81.0,1.3209876543209877,0.49099454151127636,0.10486251141765318,0.5391658346972508,446,3.3609865470852016,0.7648776280360046,0.3281511444803702,0.37648196321188643,237,4.0,,,0.4090909090909091,11.053865814954989,5.206781654253234,26565.0,9.996687573500589,8.642939459818733,12.243476211966275,45.89194324882715,13.848286137178775,31.0,6.069305992910827,0.026177426496315895,0.07845892464521287,0.75199080551669,0.08214944170336574,565.0,281.0,13.006244760106519,10723.0,0.2159937279498236,13.038543897216273,5102.0
corpora_selected_txt/KUK_1.0/data/KUKY/TXT/0217_6Afs_2000035_20210219141328__1_.txt,674465a7c6537d54ff063161,0217_6Afs_2000035_20210219141328__1_,TXT,data/KUKY/TXT,KUKY,SourceDB,,,,high,False,Original,,individual,quasiobjective,True,authority,combined,bulk,On-site anonymization,,good,6.0,,3.0,809,1.5265760197775031,0.5864833169372851,0.9982267938077579,0.016825561204760475,3.0,12.0,5.0,0.6928203230275509,,,,,,,1.0,1.0,2.0,,11.0,2.0,1.2041594578792296,14.0,129,20.310077519379846,0.8036571120494088,37.0,2.675675675675676,0.5780125962046924,4.0,182,4.0989010989010985,0.8674453849937888,109.0,2.6422018348623855,0.8549013619077219,172,2.8313953488372094,1.0984585792436792,1.0,4.0,,98,0.12283219099022928,0.5160740752251984,9.0,54.0,1.3148148148148149,0.4132653093051811,0.0986712666386729,0.44663987446463527,248,4.701612903225806,0.7674626139422719,0.3562150611324465,0.323496327710909,146,7.0,,,0.2795969773299748,17.839285044273623,5.399442119944212,19357.0,11.448256624825662,8.352391153196587,17.52915832765723,27.905009276377683,18.045149362654474,25.0,5.994098440053192,0.024081388695565645,0.07988238668961556,0.7204302925989673,0.07760246241045611,352.0,129.0,15.663278658817767,7643.0,0.21478382147838215,19.533936651583712,3585.0
corpora_selected_txt/KUK_1.0/data/KUKY/TXT/2869_2020_VOP.txt,67446d96c6537d54ff06318b,2869_2020_VOP,TXT,data/KUKY/TXT,KUKY,SourceDB,,,,high,False,Original,,individual,quasiobjective,False,authority,combined,bulk,On-site anonymization,,good,13.0,,3.0,1361,1.393093313739897,0.48023104576958286,0.9995713935831497,0.007981125684932127,,28.0,5.071428571428571,0.9026953515882051,,,,3.0,1.0,,2.0,2.0,6.0,,57.0,1.6491228070175439,0.6430767156112,20.0,266,15.424812030075188,0.6623793605411126,88.0,2.0568181818181817,0.5726993967286282,1.0,373,3.4906166219839143,0.880648211331979,275.0,2.44,2.180454722931247,347,2.622478386167147,1.0443938042513565,,5.0,,219,0.1797431425210192,0.4081420902573323,10.0,78.0,1.3846153846153846,0.5235361567489306,0.09928742707419308,0.6580984392981737,470,3.3148936170212764,0.732790140945622,0.3562652925185714,0.3872472822518852,257,3.0,1.0,,0.4134304207119741,14.10033202099737,5.519685039370079,30143.0,11.691338582677167,8.651955288372834,15.21099829091131,31.311980284441177,17.27823963864982,30.666666666666668,5.921813743329006,0.0555191294004384,0.09089705333830667,0.711976874300634,0.10144009633318164,603.0,258.0,15.464916386856306,12316.0,0.2182750412012452,12.741176470588234,5461.0
corpora_selected_txt/KUK_1.0/data/KUKY/TXT/5791_2023_VOP.txt,67446d96c6537d54ff06318c,5791_2023_VOP,TXT,data/KUKY/TXT,KUKY,SourceDB,,,,high,False,Original,,individual,quasiobjective,False,authority,combined,bulk,On-site anonymization,,good,3.0,,,940,1.398936170212766,0.5128875415059833,0.9995187436676798,0.008537473232502523,,10.0,3.8,0.9431354425063587,,,,3.0,1.0,,,,3.0,,60.0,1.8333333333333333,0.8107002570924096,8.0,270,11.21111111111111,0.6510024745624069,89.0,2.797752808988764,0.6124372301632827,1.0,278,3.1079136690647484,0.824024753793919,181.0,1.569060773480663,0.6554541709076551,243,2.246913580246914,0.9596612317328124,1.0,5.0,,188,0.19967233920022087,0.3747868186328913,3.0,77.0,1.4675324675324675,0.5135593381850319,0.12223486023111656,0.585273007034927,356,2.831460674157303,0.7230367259722768,0.3227489208210457,0.363532063368614,134,4.0,,,0.4417372881355932,10.246883706341624,5.493702770780857,21810.0,11.04015113350126,8.535182186934367,11.818524387890015,43.28137820048835,14.326104789754579,25.0,5.91977788835881,0.06459998728472609,0.09060707827434766,0.7139033841384655,0.11493217179587832,527.0,261.0,13.242596626933164,8825.0,0.24811083123425692,11.149038461538462,3970.0
corpora_selected_txt/KUK_1.0/data/KUKY/TXT/27135_2024_S.txt,67446d96c6537d54ff06318d,27135_2024_S,TXT,data/KUKY/TXT,KUKY,SourceDB,,,,high,True,Original,,individual,quasiobjective,False,authority,legal person,individual,On-site anonymization,,good,2.0,,,180,1.4111111111111112,0.44182221635027485,1.0,-1.0,1.0,3.0,10.666666666666666,0.7577722283113839,,,,,,,,,,,9.0,1.3333333333333333,0.375,,39,14.794871794871796,1.0458719837032107,10.0,2.6,0.7068742949789857,,37,3.027027027027027,0.8617703295583048,25.0,1.64,0.6317183035739862,39,1.5897435897435896,0.6074392312229071,,2.0,1.0,26,0.18818718323826783,0.43827994739526616,1.0,7.0,2.0,0.408248290463863,0.13714075373739237,0.33448565259039814,53,3.056603773584906,0.8946211706807338,0.3133801068547475,0.3694663437983212,47,,,,0.28804347826086957,13.63742678942679,5.607464607464608,4357.0,12.019562419562417,7.867917740401371,13.878585585585583,38.06001178101178,16.30899910899911,9.0,6.037911078581141,0.029695269637888204,0.06647492625368734,0.7448230088495575,0.09139131144953148,237.0,39.0,14.772240535888997,1694.0,0.46846846846846846,19.423076923076923,777.0
corpora_selected_txt/KUK_1.0/data/KUKY/TXT/3056_2024_VOP.txt,67502879c6537d54ff063b0f,3056_2024_VOP,TXT,data/KUKY/TXT,KUKY,SourceDB,,,,low,False,Original,,individual,quasiobjective,False,authority,combined,bulk,On-site anonymization,,bad,5.0,,,501,1.3972055888223553,0.525897669878536,0.9989717534627715,0.013286468856305115,,1.0,2.0,,,,,,,,,,,,29.0,2.0344827586206895,0.5945333100621908,1.0,131,10.694656488549619,0.4873698852956615,23.0,1.7391304347826086,0.554168090679419,,146,3.0821917808219177,0.63704126643284,91.0,1.8681318681318682,0.727898493500074,94,2.202127659574468,0.9800314055151294,,1.0,,108,0.19998829689897726,0.4467403549322019,3.0,29.0,1.3103448275862069,0.3593127591445261,0.12143539354492701,0.5263290462937842,163,3.3496932515337425,0.6012324917366879,0.346102337079735,0.3217916103528455,142,,,,0.4874141876430206,8.917801676886498,5.3448087431693985,9781.0,10.173278688524588,8.241953842449133,10.58442814833354,49.36439223292871,11.948441997246903,16.5,5.898493476364065,0.028606462117165034,0.0806643558636626,0.696787983824379,0.08121801851865186,329.0,131.0,11.64353398180609,3950.0,0.3273224043715847,10.43867924528302,1830.0
corpora_selected_txt/KUK_1.0/data/KUKY/TXT/1411_2023_VOP.txt,67502cfcc6537d54ff063b10,1411_2023_VOP,TXT,data/KUKY/TXT,KUKY,SourceDB,,,,high,False,Original,,individual,quasiobjective,False,authority,combined,bulk,On-site anonymization,,good,3.0,,,923,1.4463705308775732,0.5596386728967697,0.9984458030232678,0.015758453900697193,2.0,8.0,3.75,0.6492975447260692,,,,,,,2.0,,2.0,,34.0,1.7352941176470589,0.49772929848620556,7.0,170,15.805882352941177,0.5729659659388969,99.0,2.1616161616161618,0.7230748946826429,,228,3.473684210526316,0.7412115940052875,158.0,2.2151898734177213,0.9591033118884228,174,2.8275862068965516,0.9057869016006271,2.0,,,143,0.17351550197971702,0.4059714252667337,3.0,58.0,1.7241379310344827,0.5299453795092074,0.11980054619091525,0.5169286864185856,289,3.6470588235294117,0.6515102588696648,0.34918937917620474,0.3573729494718675,140,3.0,,,0.43478260869565216,13.522501253522378,5.305189567087927,19730.0,10.703979564399036,8.18168844964672,14.075552232171304,39.65978074316081,15.987927017487145,27.0,5.818712358588535,0.06572973508102375,0.10761602209944754,0.6765524861878452,0.10925085581155221,369.0,173.0,14.513240649328758,7855.0,0.21349825221833826,12.559270516717325,3719.0
corpora_selected_txt/KUK_1.0/data/KUKY/TXT/6525_2022_VOP.txt,67502cfcc6537d54ff063b11,6525_2022_VOP,TXT,data/KUKY/TXT,KUKY,SourceDB,,,,high,False,Original,,individual,quasiobjective,False,authority,combined,bulk,On-site anonymization,,good,,,,311,1.405144694533762,0.546721824913663,0.9995406522737712,0.008104408128928497,,1.0,2.0,,,,,,,,1.0,1.0,1.0,,13.0,1.2307692307692308,0.35630482034348054,1.0,67,15.373134328358208,0.5363844098650328,21.0,2.3333333333333335,0.7464200272921789,,74,3.22972972972973,0.6633704164113017,40.0,1.925,0.8595512034171111,61,2.901639344262295,0.6941446893674954,,,,49,0.19110165948006347,0.4106995291267486,2.0,18.0,1.1111111111111112,0.2910427500435996,0.08814796314796315,0.440166710089236,98,3.3877551020408165,0.5552864558124063,0.34729564499617255,0.3425305441072457,74,,,,0.4028776978417266,13.97084637650427,5.285320468642316,7669.0,10.659820813232256,7.989129556338559,14.292962095106823,39.72275198006679,16.81344855007157,15.0,5.842677959873269,0.09486917646698678,0.09107248520710065,0.6970488165680473,0.12242986353587902,248.0,65.0,15.112257680678326,3031.0,0.33080634045485874,10.405405405405405,1451.0
corpora_selected_txt/KUK_1.0/data/KUKY/TXT/1732_2023_VOP.txt,67502cfcc6537d54ff063b12,1732_2023_VOP,TXT,data/KUKY/TXT,KUKY,SourceDB,,,,high,True,Original,,individual,quasiobjective,False,authority,combined,bulk,On-site anonymization,,good,9.0,,1.0,1091,1.4445462878093491,0.5770540850418429,0.9980438138091666,0.01788958294108735,1.0,14.0,4.428571428571429,0.6670001033862241,,,,,,,,,3.0,,33.0,2.5757575757575757,0.8628431316851248,13.0,227,14.211453744493392,0.6215920845272611,78.0,2.3333333333333335,0.6467107749203592,,285,3.8350877192982455,0.8397046258786138,184.0,1.7445652173913044,0.8139490686364808,258,2.507751937984496,0.8502768223416436,1.0,10.0,1.0,187,0.16849588018943593,0.40727548780746525,3.0,64.0,1.375,0.5101617268452376,0.10461694182958611,0.6127377292730422,385,3.275324675324675,0.6545302093018893,0.35046775893916443,0.4060661226592628,215,1.0,,,0.4209968186638388,12.000116104533308,5.350275988960441,23263.0,10.726839926402944,8.266904437642376,13.09955222384178,41.30769474744818,14.667918772426592,29.0,5.805887465874054,0.0595572647536935,0.11160273005413046,0.6701012002824194,0.10305483748839507,357.0,231.0,13.599657508817497,9381.0,0.18836246550137994,12.48989898989899,4348.0
corpora_selected_txt/KUK_1.0/data/KUKY/TXT/6421_2023_VOP.txt,67502cfcc6537d54ff063b13,6421_2023_VOP,TXT,data/KUKY/TXT,KUKY,SourceDB,,,,high,False,Original,,individual,quasiobjective,False,authority,combined,bulk,On-site anonymization,,good,8.0,,,511,1.512720156555773,0.515114773019257,0.9991030658838879,0.011790373511390131,,6.0,3.5,0.5345224838248488,,,,,,2.0,,,1.0,,19.0,2.6315789473684212,0.9152534560922939,10.0,113,15.31858407079646,0.6341320104242025,28.0,2.2142857142857144,0.7204568550108809,1.0,141,3.4113475177304964,0.9557233191041287,109.0,1.908256880733945,0.8807648666676737,142,6.119718309859155,1.5248948180720658,,,1.0,82,0.19836911201503124,0.35681274021602577,3.0,40.0,1.55,0.46085312476332946,0.103475131497367,0.6731960390898089,179,3.11731843575419,0.7837557165799337,0.3266026047266426,0.40768963019350785,116,2.0,,,0.41058394160583944,13.665777496839446,5.4298356510745895,12885.0,11.258322798145814,8.245425705683802,14.074621997471553,38.7373615676359,15.79991571849979,20.0,5.965747256678544,0.07725674777470326,0.083575197889182,0.7325549692172384,0.1107611924475531,310.0,113.0,14.38908920526369,5079.0,0.27054361567635904,11.785714285714286,2373.0
corpora_selected_txt/KUK_1.0/data/KUKY/TXT/857_2024_VOP.txt,675efd2cc6537d54ff0646c2,857_2024_VOP,TXT,data/KUKY/TXT,KUKY,SourceDB,,,,high,True,Original,,individual,quasiobjective,False,authority,combined,public,Anonymized by source,,good,3.0,,,296,1.4763513513513513,0.47949833662350877,0.9994369369369369,0.00969276086427339,,1.0,6.0,,,,,,,,,,1.0,,7.0,2.2857142857142856,0.701560760020114,8.0,58,15.155172413793103,0.7839367105769467,7.0,2.0,0.9128709291752769,,66,3.106060606060606,0.7642346146874998,58.0,1.793103448275862,0.8406612307519852,46,2.4565217391304346,0.9848991653658461,,,,40,0.1735165250922166,0.4277786422668166,2.0,20.0,1.3,0.439415823521138,0.09320003311102382,0.570388896594592,82,3.6341463414634148,0.7569966470293764,0.32977869109157476,0.2889291181417703,85,1.0,,,0.35826771653543305,12.043905456612354,5.091293322062553,6023.0,9.626880811496198,7.5595636431537105,12.10091695572332,51.04746847582125,14.988713673594312,14.0,5.786504955805551,0.040622949711045034,0.08227859778597779,0.659760147601476,0.12936922420012725,181.0,58.0,13.79031308682828,2317.0,0.30177514792899407,12.011111111111111,1183.0
corpora_selected_txt/KUK_1.0/data/KUKY/TXT/1776_2024_VOP.txt,675efd2cc6537d54ff0646c4,1776_2024_VOP,TXT,data/KUKY/TXT,KUKY,SourceDB,,,,high,True,Original,,individual,quasiobjective,False,authority,combined,public,Anonymized by source,,good,2.0,,,141,1.2695035460992907,0.3507542307794709,1.0,-1.0,2.0,,,,,,,,,,,,,,28.0,1.7142857142857142,0.6322114820411691,3.0,72,9.069444444444445,0.5722795257292883,27.0,1.6296296296296295,0.4858127067234718,,71,2.492957746478873,0.5944819207496651,53.0,1.3962264150943395,0.4516581177687463,54,1.8888888888888888,0.7392236840252276,,,,62,0.2969599992146768,0.33137424342985167,,17.0,1.588235294117647,0.59143405269153,0.1570308440118129,0.7964875882480079,73,1.5342465753424657,0.5104752326527973,0.2661655315764905,0.4300624580606546,19,3.0,,,0.7277227722772277,4.465976605651896,4.467052023121387,3864.0,5.714566473988439,7.149688396144579,6.388647655748233,74.2768182402055,10.215960179833012,13.0,5.6440066424869775,0.1201132991925442,0.12565274151436023,0.6500522193211489,0.14736126531037572,174.0,72.0,10.411451182825502,1566.0,0.34104046242774566,5.842465753424658,865.0
corpora_selected_txt/KUK_1.0/data/KUKY/TXT/2673_2024_VOP.txt,675efd2cc6537d54ff0646c5,2673_2024_VOP,TXT,data/KUKY/TXT,KUKY,SourceDB,,,,high,True,Original,,individual,quasiobjective,False,authority,combined,public,Anonymized by source,,good,,,,193,1.3419689119170986,0.4545141550895269,0.9991364421416236,0.012007298175842528,,4.0,2.75,0.5454545454545454,,,,,,,,,1.0,,6.0,3.3333333333333335,0.45166359162544856,2.0,55,13.127272727272727,0.575136083639594,8.0,1.5,0.6172133998483676,,53,3.452830188679245,0.802382454048723,41.0,1.5609756097560976,0.8600707410948825,39,2.58974358974359,1.0471105449999414,,3.0,,38,0.1795119060915874,0.5191660943606954,,7.0,1.2857142857142858,0.37951669503554064,0.1646598033152655,0.6481788154468243,66,3.272727272727273,0.7495012586728167,0.34986720608054916,0.43644197016711156,35,,,,0.5661764705882353,7.4704566282015215,4.321981424148607,4188.0,5.789989680082561,7.335939521863202,7.811042780748657,75.0632823529412,10.597324326859932,12.0,5.779459307265817,0.11994560940856017,0.07194252873563212,0.6855977011494253,0.16955371739873637,152.0,55.0,10.27262907436959,1596.0,0.304437564499484,10.342105263157896,969.0
corpora_selected_txt/KUK_1.0/data/KUKY/TXT/4842_2023_VOP.txt,675efd2cc6537d54ff0646c6,4842_2023_VOP,TXT,data/KUKY/TXT,KUKY,SourceDB,,,,high,True,Original,,individual,quasiobjective,False,authority,combined,public,Anonymized by source,,good,14.0,,5.0,990,1.391919191919192,0.5415405843872858,0.9992003367003367,0.011300874920608007,2.0,27.0,6.555555555555555,1.1998773499294457,,,,1.0,1.0,,1.0,2.0,1.0,,32.0,1.9375,0.6414042531282327,5.0,236,14.15677966101695,0.6034956737615592,61.0,1.7540983606557377,0.5062367600862694,,297,3.191919191919192,0.6720482779623105,163.0,2.1717791411042944,1.0968052587635602,254,2.732283464566929,0.784293812256773,,3.0,,181,0.16375193346565267,0.4157668579074032,19.0,68.0,1.161764705882353,0.48442118672215706,0.08656086250682744,0.6075870869618294,369,3.2574525745257454,0.7320404537071455,0.32131431267411614,0.37436153677238665,271,2.0,,,0.4031746031746032,12.610184918470694,5.480353200883002,24826.0,11.355055187637968,8.532921164472057,14.254332413230191,33.84003452241822,16.690708071307995,29.0,5.886333191436727,0.06455060846639106,0.08380726698262253,0.7002414804784473,0.12353752394059414,499.0,238.0,15.001896241334023,10292.0,0.2196467991169978,13.147368421052631,4530.0
corpora_selected_txt/KUK_1.0/data/KUKY/TXT/2958_2023_VOP.txt,675efd2cc6537d54ff0646c7,2958_2023_VOP,TXT,data/KUKY/TXT,KUKY,SourceDB,,,,medium,True,Original,,individual,quasiobjective,False,authority,combined,public,Anonymized by source,,bad,2.0,,1.0,801,1.3970037453183521,0.5209712186338104,0.9986252303668034,0.014743046942628171,,11.0,5.545454545454546,0.7000978931050473,,,,1.0,2.0,,1.0,4.0,4.0,,21.0,2.7142857142857144,0.9184172824534287,18.0,130,17.546153846153846,0.6843563294601861,68.0,2.176470588235294,0.9785038442036116,,191,3.554973821989529,0.9206349005807044,104.0,2.3461538461538463,1.1604872140805582,183,2.1748633879781423,0.9045724257824739,,7.0,,122,0.16320624552025315,0.43934988181991047,7.0,68.0,1.4411764705882353,0.4998212489820127,0.11289359543206746,0.5192374404320748,254,3.9015748031496065,0.7282575901958671,0.35307479471820097,0.33171419786312534,257,5.0,,,0.3609022556390977,14.98202164523174,5.206309148264984,16504.0,10.396782334384858,8.174098591253907,15.183954889589902,37.50820698859499,17.29958747876729,24.666666666666668,5.892079970986117,0.06770340744469158,0.08052751546727455,0.6994952784109411,0.10535229806479135,333.0,130.0,15.381575749822971,6559.0,0.22145110410094637,14.602510460251047,3170.0
corpora_selected_txt/KUK_1.0/data/KUKY/TXT/4241_2023_VOP.txt,675efd2cc6537d54ff0646c9,4241_2023_VOP,TXT,data/KUKY/TXT,KUKY,SourceDB,,,,high,True,Original,,individual,quasiobjective,False,authority,combined,public,Anonymized by source,,good,14.0,1.0,,870,1.342528735632184,0.46995729816453535,0.9992816091954023,0.010654692486436908,,14.0,4.142857142857143,0.808126655369461,,,,,,,,,2.0,,73.0,1.726027397260274,0.5733818028695451,3.0,256,10.30078125,0.6622860138947212,71.0,2.056338028169014,0.592109606426523,1.0,251,2.6772908366533863,0.5594507931081134,170.0,2.052941176470588,0.9789014145093431,189,1.91005291005291,0.7199091678054993,,2.0,,150,0.2100517005297191,0.34861921537940027,6.0,43.0,1.1627906976744187,0.32124756808418015,0.09490038145628901,0.4119176154856167,290,2.972413793103448,0.5856513533861855,0.3500235858855655,0.3607976320936598,198,15.0,,,0.5069444444444444,9.017185303966208,5.4371378910776365,18769.0,10.55014484356895,8.478936204282462,10.546034180801271,48.917861461118065,13.014435999671537,23.0,5.911157794319964,0.06339830747116885,0.08874142558902476,0.7102505219206681,0.09471350240685633,440.0,254.0,12.295883020497534,7511.0,0.2526071842410197,9.766483516483516,3452.0
corpora_selected_txt/KUK_1.0/data/KUKY/TXT/1148_2024_VOP.txt,675efe78c6537d54ff0646eb,1148_2024_VOP,TXT,data/KUKY/TXT,KUKY,SourceDB,,,,high,True,Original,,individual,quasiobjective,False,authority,combined,public,Anonymized by source,,good,2.0,,,350,1.5057142857142858,0.5338349250975055,0.997891156462585,0.017616598100051773,,4.0,6.25,0.9544282756359084,,,,,,,,,,,6.0,2.3333333333333335,0.5190257749881414,11.0,61,15.573770491803279,0.8840290958390087,23.0,3.0869565217391304,0.7496850913547151,,76,3.263157894736842,0.8394289719561848,60.0,1.9,0.8705067808441032,80,3.0,0.9201602013029495,,4.0,,44,0.1754276090853333,0.5394794261808555,,17.0,1.0588235294117647,0.2290614236454256,0.08104407960763815,0.38937935842720833,97,4.020618556701031,0.6340878840220799,0.3540558302262747,0.3015829409087367,36,4.0,,,0.2973856209150327,16.243839599703485,5.103780578206079,6885.0,10.027724240177912,7.6118322018490945,16.09216560415122,36.173824729429214,16.959531504818383,15.0,5.757266193590959,0.1003480243094499,0.10305600000000004,0.66704,0.13796654074588682,219.0,50.0,14.780861892520804,2726.0,0.2965159377316531,15.311111111111112,1349.0
corpora_selected_txt/KUK_1.0/data/KUKY/TXT/5682_2023_VOP.txt,676850b1c6537d54ff064e0d,5682_2023_VOP,TXT,data/KUKY/TXT,KUKY,SourceDB,,,,high,True,Original,,individual,quasiobjective,False,authority,combined,public,Anonymized by source,,good,1.0,,,131,1.2442748091603053,0.4239996890642774,1.0,-1.0,,3.0,2.3333333333333335,0.24743582965269673,,,,,,,,,,,15.0,1.6,0.7007648882267351,1.0,55,12.345454545454546,0.7303816923068212,27.0,1.5925925925925926,0.5004885909996821,,67,2.3134328358208953,0.4651239642120353,48.0,2.0,0.5925063964103965,40,1.5,0.6918326955503611,,,,54,0.20859179081873963,0.3720646558121226,1.0,16.0,1.3125,0.3647341362881288,0.10178087333418216,0.6056638512745437,82,1.8170731707317074,0.7241790387307376,0.24585323213371993,0.47847448846190466,20,,,,0.727810650887574,7.994593328632174,5.018270401948842,4120.0,8.700243605359317,7.498364622218413,8.261524926811546,65.99028704831504,10.925837126311515,12.0,5.772303919656541,0.03501802108197768,0.11619113573407203,0.6594875346260388,0.10298667771906704,193.0,57.0,10.919512258532581,1543.0,0.392204628501827,7.360655737704918,821.0
corpora_selected_txt/KUK_1.0/data/KUKY/TXT/6417_2023_VOP.txt,676850b1c6537d54ff064e0e,6417_2023_VOP,TXT,data/KUKY/TXT,KUKY,SourceDB,,,,high,True,Original,,individual,quasiobjective,False,authority,combined,public,Anonymized by source,,good,2.0,,,204,1.4558823529411764,0.637017666277725,0.9985702614379085,0.014572555289644101,,4.0,3.0,-1.0,,,,,2.0,,,,,,4.0,1.5,0.38490017945975047,2.0,41,15.048780487804878,0.63874710725397,9.0,2.0,0.5590169943749475,,41,4.048780487804878,0.7304983812672772,25.0,2.44,0.9761786931666582,26,2.3846153846153846,0.9641654341404586,,,,30,0.1335672045293386,0.6376635985030975,,7.0,1.1428571428571428,0.33071891388307384,0.12620653156367442,0.5031626569309404,44,5.954545454545454,0.7725314334566592,0.40576626694150997,0.3136232061681676,46,2.0,,,0.3484848484848485,12.176035856683256,4.914317925591883,4359.0,8.87531003382187,7.354598204202288,11.701838397448235,56.076709571864626,14.200445458795063,13.0,5.804309523407006,0.1252885160903495,0.06755076142131977,0.6963451776649746,0.16235390836861957,167.0,41.0,13.023866798666859,1636.0,0.34047350620067646,19.11111111111111,887.0
corpora_selected_txt/KUK_1.0/data/KUKY/TXT/16668_2022_VOP.txt,676850b1c6537d54ff064e0f,16668_2022_VOP,TXT,data/KUKY/TXT,KUKY,SourceDB,,,,high,True,Original,,individual,quasiobjective,False,authority,combined,public,Anonymized by source,,good,3.0,,,126,1.4285714285714286,0.5629920070480575,0.9986772486772486,0.01486751279512825,,3.0,4.333333333333333,0.48038446141526153,,,,,,,,,,,6.0,1.6666666666666667,0.7266360849833979,2.0,30,15.233333333333333,0.6740309190056278,16.0,1.6875,0.5608798366222493,,33,4.03030303030303,0.8146626082968346,27.0,1.7037037037037037,0.6265884279329496,22,4.318181818181818,0.8034420083676975,,,,26,0.16576060867821585,0.4425934843396532,3.0,11.0,1.5454545454545454,0.44488636238091855,0.10553507497287401,0.6069792550759451,47,3.404255319148936,0.5668940693547299,0.36480237760431755,0.4638596441101218,33,,,,0.40476190476190477,12.645033992311916,5.283360790774299,3207.0,10.518286655683687,7.506239343134093,13.628115870400876,40.34493256452501,13.826447007138936,10.0,5.928066462232608,0.02919360651530178,0.1015157480314961,0.7060826771653543,0.08189147725462999,174.0,30.0,12.857556352371635,1296.0,0.46293245469522243,12.12,607.0
corpora_selected_txt/KUK_1.0/data/KUKY/TXT/15934_2022_VOP.txt,676850b1c6537d54ff064e11,15934_2022_VOP,TXT,data/KUKY/TXT,KUKY,SourceDB,,,,medium,True,Original,,individual,quasiobjective,False,authority,combined,public,Anonymized by source,,bad,7.0,1.0,1.0,529,1.287334593572779,0.41171717568385535,1.0,-1.0,,15.0,3.2,0.7488830969231064,,,,1.0,,1.0,,,,,31.0,2.3548387096774195,0.9403288932455076,21.0,145,13.517241379310345,0.87560330419121,38.0,2.4210526315789473,1.0191544175278169,,187,3.192513368983957,1.495008280491744,116.0,2.2413793103448274,2.0207933753123304,138,2.282608695652174,1.4153797135464083,,,3.0,117,0.2252998060577178,0.4929434642938662,3.0,40.0,1.275,0.5887378446528103,0.11824767434577806,0.7516960488175171,243,2.748971193415638,0.7619393929929331,0.322034489163371,0.44562008925529834,119,3.0,,,0.5502958579881657,10.811282378235347,5.295763389288569,13250.0,10.332613908872903,8.579364522459922,12.929999407370651,39.53379217177982,14.655865927947298,19.75,6.016234457020567,0.02551912877553186,0.10796088223054523,0.7339492301290054,0.07889090111761886,448.0,145.0,13.57706728291334,5575.0,0.32533972821742607,10.26978417266187,2502.0
corpora_selected_txt/KUK_1.0/data/KUKY/TXT/12890_2022_VOP.txt,676850b1c6537d54ff064e12,12890_2022_VOP,TXT,data/KUKY/TXT,KUKY,SourceDB,,,,high,True,Original,,individual,quasiobjective,False,authority,combined,public,Anonymized by source,,good,7.0,1.0,1.0,582,1.4570446735395188,0.549489161602161,0.9994681721485844,0.009096200961796384,,12.0,4.333333333333333,0.8368850258729646,,,,,1.0,,,,2.0,,30.0,1.8666666666666667,0.6089151183813594,6.0,124,14.5,0.5253361541735146,55.0,2.3636363636363638,0.8197445655509912,,170,3.2411764705882353,0.5227269287550754,101.0,2.099009900990099,0.9372307967591201,119,2.588235294117647,0.8023037724736156,,2.0,1.0,99,0.17756854285921841,0.3946755634640243,3.0,46.0,1.3478260869565217,0.44837549300371754,0.10767117370678181,0.5171049842191023,186,3.4086021505376345,0.622509964094336,0.31695484464663065,0.3696047425862531,119,4.0,,,0.4088495575221239,12.965987673876867,5.543261231281198,13326.0,11.66622296173045,8.392198559297562,14.31265247920133,33.8136217903494,15.64621098169717,18.0,6.0342536148139425,0.03551170734703336,0.08591757049891546,0.7471409978308026,0.09780538140147454,404.0,125.0,14.300404188858167,5450.0,0.3036605657237937,11.88695652173913,2404.0
corpora_selected_txt/KUK_1.0/data/KUKY/TXT/7056_2023_VOP.txt,676850b1c6537d54ff064e10,7056_2023_VOP,TXT,data/KUKY/TXT,KUKY,SourceDB,,,,high,True,Original,,individual,quasiobjective,False,authority,combined,public,Anonymized by source,,good,1.0,,,511,1.532289628180039,0.6014879152319855,0.9983264995495915,0.01555028984717143,,5.0,4.0,0.3535533905932738,,,,,,,5.0,,1.0,,26.0,2.0384615384615383,0.5964890751750052,10.0,105,13.8,0.650732334660862,19.0,2.263157894736842,0.6883528875035763,,124,3.7419354838709675,0.824130863663271,97.0,1.7422680412371134,0.9235536971065309,109,2.403669724770642,0.7948640650427528,,4.0,,87,0.17384605102278577,0.4773537324924076,5.0,19.0,1.4210526315789473,0.5408196571310989,0.12285553917051391,0.5763853394540602,168,3.375,0.6959630766966617,0.3781058310331862,0.4646054751584482,100,,,,0.3978260869565217,11.976936896535516,5.26258637709773,10662.0,10.351924975320829,8.080248887139073,12.560168923047996,45.86316447139566,15.220563155173224,19.0,5.81901284595018,0.08158059501702293,0.09249610793980279,0.6781370005189413,0.1259188456271236,286.0,105.0,13.99691118717104,4197.0,0.27591312931885487,11.56043956043956,2026.0
corpora_selected_txt/KUK_1.0/data/KUKY/TXT/4834_2023_VOP.txt,67688a34c6537d54ff064e13,4834_2023_VOP,TXT,data/KUKY/TXT,KUKY,SourceDB,,,,high,True,Original,,individual,quasiobjective,False,authority,combined,public,Anonymized by source,,good,2.0,,,100,1.25,0.44585634321817025,1.0,-1.0,,2.0,2.0,-1.0,,,,,,,,,,,11.0,2.090909090909091,0.583969857056724,,39,12.179487179487179,0.8916670166172506,18.0,1.5555555555555556,0.4530806913179352,,50,3.34,1.967130922056124,43.0,8.30232558139535,1.011687846823759,28,1.9285714285714286,1.4863431887640715,,,,39,0.2057797381272556,0.3795439596195893,1.0,8.0,1.25,0.3703280399090206,0.09671710030165913,0.48211273858144127,56,2.232142857142857,1.2642264469195814,0.2552090421655639,0.5494589640969852,19,,,,0.6896551724137931,7.751882573149743,4.9311531841652325,2865.0,8.307401032702236,7.450157986415728,8.419955249569703,65.13863201376938,11.730826161790018,9.0,5.816011697786003,0.03326120657603627,0.1217427385892117,0.6727385892116182,0.08050290417209335,179.0,40.0,11.505630337794997,1098.0,0.4750430292598967,7.379746835443038,581.0
corpora_selected_txt/KUK_1.0/data/KUKY/TXT/Odvod_dulnich_vod_Porubice.txt,6745acb5c6537d54ff0636c9,Odvod_dulnich_vod_Porubice,TXT,data/KUKY/TXT,KUKY,SourceDB,,,,high,False,Original,,individual,persuasive,False,individual,legal person,individual,On-site anonymization,,good,,,,103,1.5825242718446602,0.6883817037787925,0.9959161658190784,0.024111088345432866,1.0,2.0,7.5,0.848528137423857,,,,,,,,,,,4.0,1.5,0.38490017945975047,,23,14.608695652173912,0.4852352263083816,21.0,2.0,0.7905694150420949,1.0,31,2.6451612903225805,0.9028344552239683,9.0,1.3333333333333333,0.375,22,2.090909090909091,0.5886984351185478,,1.0,,23,0.20761697255078776,0.3810582398719029,,10.0,1.4,0.3688555567816587,0.08379851143009037,0.2926156213478783,44,2.727272727272727,0.7961470524965639,0.2890329616555693,0.4321090700525691,26,,,,0.3504273504273504,12.537582725415817,5.391498881431767,2410.0,10.968456375838924,7.0922583859599,14.635216710436726,31.996374574457747,15.022235191129267,7.0,5.791277932353208,0.018144483430078042,0.11974137931034479,0.6778448275862069,0.05351957967333704,138.0,23.0,13.849809479280296,1024.0,0.4809843400447427,12.7,447.0
corpora_selected_txt/KUK_1.0/data/KUKY/TXT/Odvolani_proti_rozhodnuti_o_nepovoleni_kaceni.txt,6745acb5c6537d54ff0636ca,Odvolani_proti_rozhodnuti_o_nepovoleni_kaceni,TXT,data/KUKY/TXT,KUKY,SourceDB,,,,high,False,Original,,individual,persuasive,False,individual,legal person,individual,On-site anonymization,,good,9.0,,2.0,249,1.502008032128514,0.5006702485001476,0.999330655957162,0.010569145236476559,,1.0,7.0,,,,,1.0,,,,,,,2.0,1.5,0.47140452079103173,4.0,42,21.785714285714285,0.9033349619023032,23.0,2.9565217391304346,1.1782239607956617,3.0,59,4.88135593220339,0.9647052210530597,36.0,2.2777777777777777,0.9065074503980993,50,2.84,0.9147740782027611,,,,35,0.1134686004762611,0.5895511248470598,6.0,12.0,2.0,0.7385489458759964,0.11278947051973366,0.6718364954945943,83,3.9397590361445785,0.8337217499804619,0.3368336973631079,0.49838489275532166,77,,,,0.2007168458781362,19.200722534222535,5.5503685503685505,6777.0,12.2029484029484,7.857444993655126,19.234123201123197,18.689930150930167,21.784181584181585,12.0,5.912313461620754,0.025344218499604217,0.06994652406417112,0.7073885918003565,0.07077763644519496,256.0,42.0,18.649436658719743,2742.0,0.3628173628173628,26.509090909090908,1221.0
corpora_selected_txt/KUK_1.0/data/KUKY/TXT/Odvolani.txt,6745acb5c6537d54ff0636cb,Odvolani,TXT,data/KUKY/TXT,KUKY,SourceDB,,,,high,False,Original,,individual,persuasive,False,individual,legal person,individual,On-site anonymization,,good,7.0,,3.0,591,1.4873096446700507,0.5336327634761794,0.9987712513093223,0.013440589940423131,3.0,2.0,2.0,-1.0,,,,,1.0,,,,3.0,,11.0,2.0,0.3872983346207417,12.0,94,20.45744680851064,0.7338655660515282,52.0,2.1153846153846154,0.666264665702917,2.0,178,3.7191011235955056,0.8892482416109494,71.0,2.1549295774647885,1.1275826388979693,174,2.6379310344827585,1.0722876665812424,1.0,1.0,,83,0.1480432689526687,0.41859974065790706,7.0,42.0,1.1904761904761905,0.3338467590625755,0.08002446541533229,0.35861216595797124,229,3.3100436681222707,0.7065286847106985,0.33366974616141015,0.4101611644439923,76,3.0,,,0.329246935201401,17.13874731848012,5.331630648330059,13569.0,11.10231827111984,8.411145189961262,16.917058178322115,30.734222171132387,17.383814738954147,19.0,6.052819569565778,0.02961316006111513,0.09157808667211775,0.7489574816026165,0.08560011925267756,354.0,94.0,15.161410663111095,5359.0,0.2829076620825147,16.427807486631018,2545.0
corpora_selected_txt/KUK_1.0/data/KUKY/TXT/Odvolani_proti_rozhodnuti_o_nepovoleni_kaceni_rev.txt,6745acb5c6537d54ff0636cc,Odvolani_proti_rozhodnuti_o_nepovoleni_kaceni_rev,TXT,data/KUKY/TXT,KUKY,SourceDB,,,,high,False,Redesign,6745acb5c6537d54ff0636ca,individual,persuasive,False,individual,legal person,individual,On-site anonymization,,good,9.0,,2.0,248,1.5080645161290323,0.49919543067506056,0.9993279569892474,0.010590461162087172,,1.0,7.0,,,,,1.0,,,,,,,2.0,1.5,0.47140452079103173,4.0,43,21.13953488372093,0.8625252701089027,21.0,1.9523809523809523,0.4986000627813758,3.0,59,4.864406779661017,0.9516491788309247,37.0,4.5675675675675675,3.08178508798597,51,3.0784313725490198,1.0432257727751317,,,,35,0.11349065561410572,0.5891221899327505,6.0,12.0,2.0,0.7385489458759964,0.11163206311232626,0.6779291582915193,80,4.0125,0.8189223846324872,0.32193873936793704,0.42530387879369314,77,,,,0.2,18.645010570824525,5.515151515151516,6734.0,12.014004914004913,7.869529258603663,18.658163704931148,21.348099594308906,20.891309068053257,12.0,5.915578823167913,0.026177250828152664,0.0708556149732621,0.7088680926916221,0.07284735548707855,265.0,43.0,17.99041373109233,2712.0,0.3677313677313677,26.527272727272727,1221.0
corpora_selected_txt/KUK_1.0/data/KUKY/TXT/Reakce_na_dopis_pracovni.txt,6745acb5c6537d54ff0636cd,Reakce_na_dopis_pracovni,TXT,data/KUKY/TXT,KUKY,SourceDB,,,,high,False,Original,,individual,persuasive,False,individual,legal person,individual,On-site anonymization,,good,,,,116,1.2327586206896552,0.41922960909546586,1.0,-1.0,,2.0,2.0,-1.0,,,,,,,,,,,1.0,7.0,,1.0,19,16.894736842105264,0.48964413881417307,16.0,2.125,0.6400692004110797,2.0,29,4.0,0.75,4.0,1.25,0.4,28,3.2857142857142856,0.7308908935570851,,,,18,0.1229631741855291,0.3395642599277632,6.0,8.0,1.625,0.6527139518645053,0.129235347985348,0.6123926990756691,40,3.6,0.6188962798844629,0.3544944699020786,0.354525522176912,23,,,,0.2727272727272727,15.352128334534974,5.536529680365297,2425.0,11.881050228310505,6.920587327787585,16.174895818312905,28.273054794520533,17.348906512857486,8.0,5.768457847971078,0.020096083545195795,0.11566371681415932,0.6520058997050148,0.06353566713248827,114.0,19.0,15.493217926696719,987.0,0.4429223744292237,24.0,438.0
corpora_selected_txt/KUK_1.0/data/KUKY/TXT/Reakce_na_dopis_rev.txt,6745acb5c6537d54ff0636ce,Reakce_na_dopis_rev,TXT,data/KUKY/TXT,KUKY,SourceDB,,,,high,False,Redesign,6745acb5c6537d54ff0636cd,individual,persuasive,False,individual,legal person,individual,On-site anonymization,,good,,,,97,1.288659793814433,0.4332004924589382,1.0,-1.0,,2.0,2.0,-1.0,,,,,,,,,,,,,,1.0,25,12.96,0.5945531909983173,15.0,2.4,0.5850315416812197,1.0,27,2.962962962962963,0.7969216615297795,8.0,2.875,0.7983239261147641,25,2.76,0.7846524575256419,,,,19,0.13430471066941144,0.4024516352903915,3.0,10.0,1.4,0.3688555567816587,0.12964285714285712,0.5710423104436948,39,3.128205128205128,0.6728699195438864,0.34082871189454533,0.38055085823541884,19,2.0,,,0.34285714285714286,11.350553689095129,5.445475638051044,2347.0,11.03480278422274,7.174788557753998,12.36349837587007,43.36234180974478,14.506208816705337,8.0,5.8099798604397614,0.026643478164658837,0.11421686746987947,0.6670180722891567,0.08069486632531425,142.0,25.0,13.475323542916517,934.0,0.505800464037123,18.956521739130434,431.0
corpora_selected_txt/KUK_1.0/data/KUKY/TXT/Odvolani_rev.txt,6745acb5c6537d54ff0636d0,Odvolani_rev,TXT,data/KUKY/TXT,KUKY,SourceDB,,,,high,True,Redesign,6745acb5c6537d54ff0636cb,individual,persuasive,False,individual,legal person,individual,On-site anonymization,,good,5.0,,,332,1.4337349397590362,0.4430230742677232,1.0,-1.0,1.0,1.0,2.0,,,,,,,,,,4.0,,7.0,1.7142857142857142,0.5548606765399494,7.0,58,18.982758620689655,0.7435920364008713,34.0,2.088235294117647,0.6602669630796998,1.0,107,3.4485981308411215,0.8526346214826158,52.0,1.9807692307692308,0.6743041508391071,110,2.5,0.9238928410001754,1.0,3.0,,51,0.1576789307494236,0.4093567132501333,1.0,27.0,1.2592592592592593,0.41746219858864564,0.08661152356542792,0.40713044765556694,123,3.138211382113821,0.7256376148531068,0.30147927613923453,0.40028640066613874,41,1.0,,,0.32954545454545453,15.582228526209775,5.2997218358831715,7621.0,10.855146036161335,8.039976223653607,15.597418660975492,35.45641086758428,15.869953479449428,14.0,6.010679310326031,0.03399326022695527,0.09022404779686333,0.7310156833457805,0.09531667431847562,244.0,58.0,14.10241448057765,3007.0,0.3247566063977747,15.11304347826087,1438.0
corpora_selected_txt/KUK_1.0/data/KUKY/TXT/Zaloba_na_zruseni_spoluvlastnictvi.txt,6745acb5c6537d54ff0636cf,Zaloba_na_zruseni_spoluvlastnictvi,TXT,data/KUKY/TXT,KUKY,SourceDB,,,,high,False,Original,,individual,persuasive,False,individual,legal person,individual,On-site anonymization,,good,5.0,,2.0,264,1.3825757575757576,0.44680002285485143,1.0,-1.0,,,,,,,,,,1.0,,,,,7.0,2.142857142857143,0.49888765156985887,2.0,50,19.36,1.150826408430339,30.0,2.3333333333333335,0.9572127023997687,1.0,67,4.2388059701492535,0.8605498723070577,24.0,2.0833333333333335,1.0864541447735618,75,2.7466666666666666,0.9634325170169578,,,,42,0.15823805847389905,0.5327723216218967,23.0,9.0,1.0,-1.0,0.0710942289373662,0.1994079165528755,94,3.297872340425532,0.8038971683974061,0.328233675227078,0.40744177587111635,34,2.0,,,0.25842696629213485,15.430665039619655,5.181458003169572,6539.0,10.31973058637084,7.905225686394289,14.918193819334387,40.91570098256736,16.847188589540412,14.0,5.785184410341365,0.05155616327714574,0.08719690455717977,0.6665864144453998,0.12644076890454506,254.0,50.0,14.920075455830617,2513.0,0.34944532488114105,26.455882352941178,1262.0
corpora_selected_txt/KUK_1.0/data/KUKY/TXT/Zaloba_na_zruseni_spoluvlastnictvi_rev.txt,6745acb5c6537d54ff0636d1,Zaloba_na_zruseni_spoluvlastnictvi_rev,TXT,data/KUKY/TXT,KUKY,SourceDB,,,,high,True,Redesign,6745acb5c6537d54ff0636cf,individual,persuasive,False,individual,legal person,individual,On-site anonymization,,good,5.0,,2.0,265,1.3660377358490565,0.4494015095299663,1.0,-1.0,,,,,,,,,1.0,1.0,,,,,7.0,2.142857142857143,0.49888765156985887,2.0,46,20.608695652173914,1.121924363294547,27.0,2.4814814814814814,0.9375883528461219,,63,4.4603174603174605,0.8662873521451391,28.0,2.0357142857142856,1.0397522677168631,72,2.8055555555555554,0.9564899497891386,,,,40,0.15872274655901522,0.5534867829763735,25.0,9.0,1.0,-1.0,0.07127418696046146,0.18436394778268278,89,3.3820224719101124,0.785474162642123,0.33555423586909294,0.4074584080035907,30,2.0,,,0.2595419847328244,16.46994807935838,5.184466019417476,6408.0,10.402588996763756,7.880218571983891,15.62349915576192,39.158310257492616,17.41449275362319,14.0,5.777157325159968,0.05199583456413298,0.08474054529463504,0.6636587510993843,0.1282601582471422,250.0,46.0,15.218357556230224,2442.0,0.34951456310679613,26.46268656716418,1236.0
corpora_selected_txt/KUK_1.0/data/KUKY/TXT/Zlonice_Namitky_k_navrhu_OOP_rev.txt,6745acb5c6537d54ff0636d2,Zlonice_Namitky_k_navrhu_OOP_rev,TXT,data/KUKY/TXT,KUKY,SourceDB,,,,high,True,Redesign,6745acb5c6537d54ff0636d3,individual,persuasive,False,individual,legal person,individual,On-site anonymization,,good,1.0,,4.0,162,1.5432098765432098,0.617493068334369,0.9991181657848325,0.011233823531648578,,2.0,2.0,-1.0,,,,,,,,,,,5.0,2.8,0.5868455973269637,3.0,32,17.4375,0.7535080790564908,22.0,3.272727272727273,0.9531963000143068,,43,3.2790697674418605,0.7479720135304736,21.0,2.0952380952380953,0.8788140017015983,47,2.7872340425531914,0.7843916214705322,,,1.0,26,0.15494965573810585,0.4757944444990335,3.0,9.0,1.1111111111111112,0.30000000000000004,0.07310595018451617,0.31487423553084243,54,3.9074074074074074,0.7395170333773353,0.33156466437562604,0.33120187487565733,44,1.0,,,0.2694610778443114,15.13506959459459,5.464864864864865,4044.0,11.548108108108105,7.607679492015627,16.563848648648644,25.760162162162175,17.033783783783786,10.0,5.992258850676074,0.030929096722127958,0.08817472698907947,0.7292823712948518,0.08825872459352375,184.0,32.0,15.247664890283005,1696.0,0.422972972972973,17.363636363636363,740.0
corpora_selected_txt/KUK_1.0/data/KUKY/TXT/Zlonice_Namitky_k_navrhu_OOP.txt,6745acb5c6537d54ff0636d3,Zlonice_Namitky_k_navrhu_OOP,TXT,data/KUKY/TXT,KUKY,SourceDB,,,,high,False,Original,,individual,persuasive,False,individual,legal person,individual,On-site anonymization,,good,1.0,,4.0,137,1.562043795620438,0.6300391436817223,0.9989572471324296,0.012217849593653041,,2.0,2.0,-1.0,,,,,,,,,,,5.0,2.8,0.5868455973269637,3.0,25,19.92,0.7090467315467934,21.0,3.238095238095238,0.985842691887904,,36,3.1666666666666665,0.6383099966011667,18.0,2.2777777777777777,0.8492404631045237,36,2.8055555555555554,0.6589967766074253,,,1.0,20,0.13955080522509308,0.5537165146020954,3.0,7.0,1.1428571428571428,0.33071891388307384,0.07190916852570987,0.24791201632000215,44,4.409090909090909,0.7503423492453416,0.3353806145615914,0.32811434052357635,39,1.0,,,0.2708333333333333,17.352866928895615,5.499243570347958,3635.0,11.864750378214827,7.591616006368323,18.592442965204235,18.14235782148259,18.6849258698941,9.0,6.004985042023838,0.032666518263477044,0.09233096085409254,0.7392348754448399,0.08567298187343246,182.0,25.0,16.355063828772554,1537.0,0.45385779122541603,17.31578947368421,661.0
corpora_selected_txt/KUK_1.0/data/KUKY/TXT/29 A 80-2021_20231122101241.txt,671a2e57c6537d54ff0626ec,29 A 80-2021_20231122101241,TXT,data/KUKY/TXT,KUKY,SourceDB,,,,high,True,Original,,individual,quasiobjective,True,authority,combined,bulk,Anonymized by source,,good,10.0,,3.0,885,1.416949152542373,0.5249751539354566,0.9992736077481841,0.010816482804173142,3.0,20.0,3.6,0.6945906278887423,,,,,4.0,1.0,,1.0,4.0,,40.0,2.075,0.8550757044191241,8.0,213,13.746478873239436,0.8053093914365722,25.0,1.84,0.7471590806993217,,271,3.4649446494464944,0.9316201390450364,145.0,2.406896551724138,1.3324098889473692,245,2.36734693877551,1.2162827492993367,,2.0,2.0,173,0.17688527334247073,0.45130896274644117,6.0,60.0,1.3833333333333333,0.499624044598769,0.13159863225097443,0.5616372757922199,361,3.1274238227146816,0.7260511197777867,0.3354730511436348,0.3951493373936016,120,11.0,,,0.43509615384615385,10.700534989214567,5.126039501039501,19725.0,9.609277546777546,8.41992942887946,11.734746231198692,49.18577168555336,12.787621641142767,28.0,6.055253189893695,0.023662211600808468,0.07976527073886364,0.7466657775406775,0.07457902159482477,479.0,213.0,12.182923525038202,7893.0,0.22843035343035342,12.952908587257618,3848.0
corpora_selected_txt/SupAdmCo/0008_0Vol_1700010_20171108130132_prevedeno.txt,CzCDC_SupA000016,0008_0Vol_1700010_20171108130132_prevedeno,TXT,https://lindat.mff.cuni.cz/repository/xmlui/bitstream/handle/11372/LRT-3052/SupAdmCo.zip,CzCDC,http://hdl.handle.net/11372/LRT-3052,0008_0Vol_1700010_20171108130132_prevedeno.txt,Vol 8/2017-10,False,,,,,individual,quasiobjective,True,authority,combined,individual,Anonymized by source,,bad,,1.0,,169,1.301775147928994,0.4419607999377562,1.0,-1.0,,2.0,4.0,0.7071067811865476,,,1.0,1.0,1.0,,,1.0,4.0,,6.0,1.6666666666666667,0.9797958971132712,7.0,35,21.142857142857142,0.5134141398283038,18.0,3.0555555555555554,1.4352327505071585,,56,4.339285714285714,0.7678250852712634,26.0,1.9615384615384615,0.6683024913281538,51,2.5294117647058822,0.8746165040776304,,,,29,0.1404912041406513,0.46308826060530334,,13.0,1.0769230769230769,0.25753937681885636,0.09195597474949703,0.4927179767856698,67,3.91044776119403,0.7283936481384523,0.3308671142682221,0.31729764838220637,35,3.0,,,0.35428571428571426,15.63852877676738,4.792607802874743,4668.0,8.59753593429158,7.527763190815539,15.012352009386916,45.110885244939865,16.26489879730126,11.666666666666666,5.781538741289467,0.04905084356073415,0.06787428571428578,0.64608,0.15859544472164572,167.0,35.0,13.925175675911131,1806.0,0.3295687885010267,18.639344262295083,974.0
corpora_selected_txt/SupAdmCo/0004_0Vol_120_20121114080822_prevedeno.txt,CzCDC_SupA000103,0004_0Vol_120_20121114080822_prevedeno,TXT,https://lindat.mff.cuni.cz/repository/xmlui/bitstream/handle/11372/LRT-3052/SupAdmCo.zip,CzCDC,http://hdl.handle.net/11372/LRT-3052,0004_0Vol_120_20121114080822_prevedeno.txt,Vol 4/2012 - 39,False,,,,,individual,quasiobjective,True,authority,combined,individual,Anonymized by source,,bad,5.0,,1.0,794,1.535264483627204,0.5606460847738183,0.9997900923593619,0.005916020492800912,2.0,24.0,6.166666666666667,1.3497052253667168,,,,,1.0,,,1.0,2.0,2.0,36.0,2.5277777777777777,0.7415331945367606,17.0,121,25.082644628099175,0.6160591567330296,85.0,2.4705882352941178,0.862229803031739,1.0,255,3.8588235294117648,0.8981388158416375,130.0,2.2846153846153845,1.068329668783225,218,2.646788990825688,1.2517099655762638,,5.0,3.0,112,0.14310396267827036,0.3648406623108689,8.0,68.0,1.2058823529411764,0.3378034652804727,0.07687396589381952,0.3980149277944147,307,3.47557003257329,0.7652418920399935,0.2866353598525419,0.3845613343877882,149,6.0,1.0,1.0,0.30929989550679204,21.23173595288779,5.365723954556442,22198.0,11.461663040850857,8.69472829189209,20.58823783792213,17.488522639905824,20.703150171154103,25.0,5.972465407901982,0.0303818553969094,0.09389301634472513,0.7255720653789004,0.08864704856012554,591.0,124.0,17.28138029899388,8893.0,0.264201111916848,16.45762711864407,4137.0
corpora_selected_txt/SupAdmCo/0128_0Nao_140_20140403134701_prevedeno.txt,CzCDC_SupA001227,0128_0Nao_140_20140403134701_prevedeno,TXT,https://lindat.mff.cuni.cz/repository/xmlui/bitstream/handle/11372/LRT-3052/SupAdmCo.zip,CzCDC,http://hdl.handle.net/11372/LRT-3052,0128_0Nao_140_20140403134701_prevedeno.txt,Nao 128/2014-9,False,,,,,individual,quasiobjective,True,authority,combined,individual,Anonymized by source,,bad,3.0,,,155,1.3483870967741935,0.43584111215797683,1.0,-1.0,,8.0,3.0,0.5345224838248489,,,1.0,,,,,,1.0,,3.0,4.0,0.5,8.0,30,25.766666666666666,0.7339403355134614,16.0,1.5625,0.46556059397963073,,52,4.5576923076923075,0.8133459309114088,24.0,2.5,1.0008691874739588,44,2.4545454545454546,0.8850044323326008,,,1.0,27,0.14781654562429875,0.4409196427507415,1.0,15.0,1.4,0.5262774268664339,0.08909644059644059,0.49743530789771506,66,3.6818181818181817,1.0697438116395546,0.2830336012711373,0.3917869276350276,32,,,,0.3230769230769231,18.0175379250218,4.684684684684685,4680.0,8.230530530530531,7.791000019543271,17.240813749233098,38.15427243372406,18.85628854661113,10.666666666666666,5.994317281433224,0.02659326152523015,0.06937777777777776,0.7295111111111111,0.08414348900736762,213.0,31.0,15.653508465845995,1846.0,0.3763763763763764,19.322580645161292,999.0
corpora_selected_txt/SupAdmCo/0106_0Nao_0800076A_prevedeno.txt,CzCDC_SupA001265,0106_0Nao_0800076A_prevedeno,TXT,https://lindat.mff.cuni.cz/repository/xmlui/bitstream/handle/11372/LRT-3052/SupAdmCo.zip,CzCDC,http://hdl.handle.net/11372/LRT-3052,0106_0Nao_0800076A_prevedeno.txt,Nao 106/2008-76,False,,,,,individual,quasiobjective,True,authority,combined,individual,Anonymized by source,,bad,3.0,,1.0,197,1.380710659898477,0.5724569468039866,0.9984288131496254,0.015624722909964882,,8.0,2.5,0.565685424949238,,,,,1.0,,,1.0,2.0,,4.0,1.75,0.8571428571428571,3.0,45,19.177777777777777,0.6601601758889235,26.0,2.1923076923076925,0.6950026073275258,,69,3.753623188405797,1.0066125657767018,25.0,1.96,1.0871059057480876,58,2.7241379310344827,1.2693865002398728,,1.0,,35,0.1421757609714159,0.3882305985793401,1.0,17.0,1.5294117647058822,0.698026592803136,0.10629433564780337,0.6336963243177665,77,3.6363636363636362,0.6432468012889151,0.32278198189404234,0.3527905964769924,53,,,,0.3177570093457944,14.682522889469105,4.926892950391645,5661.0,9.136292428198432,7.6388727204482265,15.126487380330722,40.04561653611836,16.54927763272411,13.0,5.891006870642783,0.034184962721402215,0.08100952380952375,0.6930857142857143,0.08863987895099662,202.0,45.0,14.617892161638807,2295.0,0.32811140121845084,18.940298507462686,1149.0
corpora_selected_txt/SupAdmCo/0162_0Nad_1500010_20150622093843_prevedeno.txt,CzCDC_SupA001452,0162_0Nad_1500010_20150622093843_prevedeno,TXT,https://lindat.mff.cuni.cz/repository/xmlui/bitstream/handle/11372/LRT-3052/SupAdmCo.zip,CzCDC,http://hdl.handle.net/11372/LRT-3052,0162_0Nad_1500010_20150622093843_prevedeno.txt,Nad 162/2015-10,False,,,,,individual,quasiobjective,True,authority,combined,individual,Anonymized by source,,bad,2.0,,,107,1.4672897196261683,0.532190105784418,0.998442367601246,0.01613741097158909,,6.0,15.833333333333334,2.01884748120173,,,,,,,,1.0,,,4.0,2.5,0.5163977794943222,2.0,18,24.27777777777778,0.7862100191301158,11.0,2.272727272727273,0.8819977324233889,,27,4.111111111111111,0.9968484360812407,14.0,1.5714285714285714,0.8542924785496758,23,3.5652173913043477,1.1020970566299673,,,,15,0.11736565246517526,0.4892586819794655,,3.0,1.0,-1.0,0.05689571150097466,0.08909055273111233,32,4.90625,0.9648815212475329,0.3415952564685691,0.4846772528663533,16,,,,0.25862068965517243,17.902367166474434,4.673010380622838,2701.0,8.17249134948097,7.274369008618423,16.97487293348712,39.75058554402153,18.1039600153787,9.0,5.960050509643835,0.02660993085373141,0.08083507306889348,0.7207515657620042,0.07914793239718639,116.0,18.0,14.867677710551934,1055.0,0.40484429065743943,23.137931034482758,578.0
corpora_selected_txt/ConCo/4-615-05.txt,CzCDC_ConC001804,4-615-05,TXT,https://lindat.mff.cuni.cz/repository/xmlui/bitstream/handle/11372/LRT-3052/ConCo.zip,CzCDC,http://hdl.handle.net/11372/LRT-3052,4-615-05.txt,IV. US 615/05,False,,,,,individual,quasiobjective,True,authority,combined,individual,Anonymized by source,,bad,,,,276,1.4202898550724639,0.4518235111770491,1.0,-1.0,1.0,4.0,3.0,0.47140452079103173,,,,,,1.0,,,,1.0,3.0,1.3333333333333333,0.4330127018922193,5.0,52,18.846153846153847,0.6384131539000754,30.0,2.033333333333333,0.8614024056600496,,77,3.0779220779220777,0.6118445932777463,36.0,1.8611111111111112,1.2854055575619436,64,2.15625,0.7446869808760159,,2.0,,48,0.1363716991362378,0.5120614593334151,3.0,17.0,1.2352941176470589,0.6091237526412394,0.08849215799680196,0.497565172526743,97,3.5463917525773194,0.6749557481121193,0.31543381349336486,0.3639975100757232,76,5.0,,1.0,0.2898550724637681,15.26036386138614,5.133282559025133,6740.0,10.093754760091391,7.8926479545556125,15.58033358720487,36.42635262757048,17.16778370144707,13.0,5.943150822470425,0.027474739584391623,0.08438220757825365,0.7115980230642505,0.07757860407363956,254.0,52.0,15.195765016291148,2709.0,0.341964965727342,18.70886075949367,1313.0
corpora_selected_txt/ConCo/4-433-12_1.txt,CzCDC_ConC002611,4-433-12_1,TXT,https://lindat.mff.cuni.cz/repository/xmlui/bitstream/handle/11372/LRT-3052/ConCo.zip,CzCDC,http://hdl.handle.net/11372/LRT-3052,4-433-12_1.txt,IV. US 433/12,False,,,,,individual,quasiobjective,True,authority,combined,individual,Anonymized by source,,bad,1.0,,2.0,245,1.5020408163265306,0.5800978618607642,0.9972789115646259,0.021222311053455623,,7.0,7.0,0.9110060223670947,,,,,,1.0,,1.0,,,2.0,3.0,0.9428090415820635,2.0,42,22.142857142857142,0.783904478113453,10.0,2.8,1.1880928523690142,,62,4.483870967741935,1.159727652831849,30.0,2.566666666666667,1.2049212515958332,57,3.9473684210526314,1.5838189731413561,,2.0,,36,0.1307753837868138,0.46678212425818033,2.0,16.0,1.4375,0.5662198468208594,0.09599666410086302,0.5345067046251502,87,4.103448275862069,0.7625628463818062,0.335996913770997,0.35813930962499524,68,1.0,,,0.2992125984251969,17.515348714363398,5.070146818923328,6216.0,9.949918433931481,7.7724681853018485,17.633103083974206,29.81253686009478,18.88663093296046,12.8,5.944067689297254,0.030117879278138263,0.08050576752440108,0.7116503992901508,0.08924902100582117,233.0,42.0,16.233478466756825,2530.0,0.33849918433931486,19.106666666666666,1226.0
corpora_selected_txt/ConCo/4-382-02.txt,CzCDC_ConC003129,4-382-02,TXT,https://lindat.mff.cuni.cz/repository/xmlui/bitstream/handle/11372/LRT-3052/ConCo.zip,CzCDC,http://hdl.handle.net/11372/LRT-3052,4-382-02.txt,IV. US 382/02,False,,,,,individual,quasiobjective,True,authority,combined,individual,Anonymized by source,,bad,26.0,,1.0,700,1.43,0.5207154349455894,0.9988775510204081,0.013294556942517076,2.0,21.0,6.476190476190476,0.9182230940893564,,,,,1.0,1.0,,1.0,,,31.0,2.2580645161290325,1.0785351617996026,16.0,85,34.54117647058823,0.8474623666239443,64.0,3.03125,1.1011771516319286,2.0,206,4.781553398058253,1.0920127654333778,100.0,2.71,1.926555679812844,169,3.8402366863905324,1.2333387213280491,,1.0,1.0,77,0.13225533603293613,0.45660982261178923,9.0,54.0,1.4814814814814814,0.536498078914776,0.08527765069788822,0.5246558323148962,274,3.645985401459854,0.7944821103887005,0.2960069410164241,0.42989829127351353,151,5.0,,,0.3014623172103487,28.276634994685075,5.073810129804022,19935.0,10.328175108170017,8.439180053116802,26.350892204272903,2.282335942389153,25.78897908463462,25.0,5.9842457718246935,0.03438455150378196,0.07771801566579628,0.7288041775456919,0.10114785016036269,473.0,85.0,19.72095909166441,8048.0,0.23466530923899212,17.172284644194757,3929.0
corpora_selected_txt/ConCo/4-3656-17_1.txt,CzCDC_ConC003366,4-3656-17_1,TXT,https://lindat.mff.cuni.cz/repository/xmlui/bitstream/handle/11372/LRT-3052/ConCo.zip,CzCDC,http://hdl.handle.net/11372/LRT-3052,4-3656-17_1.txt,IV. US 3656/17,False,,,,,individual,quasiobjective,True,authority,combined,individual,Anonymized by source,,bad,1.0,,1.0,181,1.3867403314917126,0.42637445318292577,1.0,-1.0,,3.0,5.333333333333333,0.6584783595532963,,,,,,1.0,,,,,2.0,2.0,-1.0,2.0,31,22.032258064516128,0.8064501768713588,12.0,1.3333333333333333,0.48850421045919723,1.0,54,3.611111111111111,1.0069979548631578,36.0,1.8333333333333333,0.8698002864857657,44,2.1363636363636362,0.7922530140973275,,1.0,,27,0.14240175726666215,0.4981608646064402,,14.0,1.4285714285714286,0.5291502622129182,0.10245360504648429,0.7468413513167458,66,3.393939393939394,0.8584468103596403,0.3116339824698029,0.30415274844395684,24,1.0,,,0.29842931937172773,18.080602991530007,5.279329608938547,4725.0,10.922234636871506,7.8604149539741766,18.21248423139304,25.271010091908437,19.324923409623356,10.0,5.986812168357301,0.043398335230933276,0.07468592964824117,0.7415075376884422,0.10201367712384393,243.0,31.0,16.663490818899447,1920.0,0.43798882681564244,17.642857142857142,895.0
corpora_selected_txt/ConCo/4-3391-12_1.txt,CzCDC_ConC003827,4-3391-12_1,TXT,https://lindat.mff.cuni.cz/repository/xmlui/bitstream/handle/11372/LRT-3052/ConCo.zip,CzCDC,http://hdl.handle.net/11372/LRT-3052,4-3391-12_1.txt,IV. US 3391/12,False,,,,,individual,quasiobjective,True,authority,combined,individual,Anonymized by source,,bad,8.0,,3.0,391,1.5191815856777493,0.5349782335122627,0.9991474850809889,0.011914841415438457,,4.0,12.0,1.0160745087873269,,,,,,,,2.0,,,16.0,2.625,0.9108400680852976,7.0,62,22.806451612903224,0.8247072960954047,29.0,2.6551724137931036,0.8497956315924317,,112,3.830357142857143,1.0107570315731336,58.0,2.0689655172413794,0.9489606502850756,110,3.327272727272727,1.224119360402457,,1.0,,55,0.16634270482242802,0.4700941121272913,4.0,38.0,1.263157894736842,0.3983590590659889,0.09000845905583561,0.6998160443148488,152,3.335526315789474,0.847931006881049,0.32722233702450576,0.475873906149823,73,3.0,,,0.3203463203463203,20.114709711197435,5.501047120418848,10507.0,12.026544502617798,8.26805832671222,20.249720807296058,15.017010808984992,20.490119912176997,16.0,6.0375789398946464,0.019740972240886317,0.0887299834345665,0.7491165102153506,0.058537956041807455,375.0,62.0,17.45696215284638,4313.0,0.3366492146596859,15.238095238095237,1910.0
corpora_selected_txt/ConCo/4-2880-17_1.txt,CzCDC_ConC004978,4-2880-17_1,TXT,https://lindat.mff.cuni.cz/repository/xmlui/bitstream/handle/11372/LRT-3052/ConCo.zip,CzCDC,http://hdl.handle.net/11372/LRT-3052,4-2880-17_1.txt,IV. US 2880/17,False,,,,,individual,quasiobjective,True,authority,combined,individual,Anonymized by source,,bad,4.0,,2.0,312,1.4006410256410255,0.49404816362838083,0.998931623931624,0.013336790855179607,,3.0,3.0,0.3333333333333333,,,,,,,,,,,7.0,2.0,0.7637626158259734,8.0,53,24.30188679245283,0.7766332656888064,22.0,2.409090909090909,0.7320726929116127,1.0,83,3.6867469879518073,0.8213285275159615,54.0,2.2777777777777777,1.316843053988319,75,2.6133333333333333,1.2066054677194917,2.0,1.0,,41,0.13138373638140013,0.46927353437886904,,23.0,1.3478260869565217,0.48024053507161657,0.09418234613313242,0.4764053675320434,112,3.7857142857142856,0.775557904033102,0.3183223569829111,0.46954797752016,43,,,,0.2913165266106443,20.086169569986836,5.209883720930232,8961.0,10.705174418604651,8.014830913355157,19.300699605089946,24.554146994295763,20.748573935936818,15.0,5.979311809801166,0.026456851574559,0.0699321406539174,0.7265946946329426,0.07699810955207077,281.0,53.0,17.470126370469114,3544.0,0.3063953488372093,19.660194174757283,1720.0
corpora_selected_txt/ConCo/4-276-05.txt,CzCDC_ConC005229,4-276-05,TXT,https://lindat.mff.cuni.cz/repository/xmlui/bitstream/handle/11372/LRT-3052/ConCo.zip,CzCDC,http://hdl.handle.net/11372/LRT-3052,4-276-05.txt,IV. US 276/05,False,,,,,individual,quasiobjective,True,authority,combined,individual,Anonymized by source,,bad,3.0,,2.0,513,1.489278752436647,0.5709551222482933,0.9992148581329867,0.010413273345596236,,9.0,11.444444444444445,1.1885672273441186,,,,,3.0,,1.0,,2.0,1.0,12.0,2.5,1.1504939650586452,8.0,85,23.211764705882352,0.6884105283377203,42.0,2.619047619047619,1.242115224851585,4.0,153,3.2483660130718954,0.7170095339205992,69.0,1.9855072463768115,1.0201520080986937,147,2.5714285714285716,1.012667108557865,,1.0,,79,0.14405429554890242,0.42982398451212306,9.0,32.0,1.375,0.546431188215935,0.08244011221999721,0.5486890353437025,193,3.3108808290155443,0.7441037543107435,0.27722496781258704,0.4507459267243768,86,3.0,,,0.26146788990825687,19.897317995384682,5.272760917838638,14247.0,10.982272390821612,8.187252532958547,19.754917882178773,20.220037279575052,20.146826316018636,20.0,5.933072975169416,0.02001263286505053,0.09362274298885898,0.7126046868997311,0.06061757635190005,347.0,85.0,17.012228118437186,5804.0,0.25499629903774984,18.63529411764706,2702.0
corpora_selected_txt/ConCo/4-2420-14_1.txt,CzCDC_ConC005949,4-2420-14_1,TXT,https://lindat.mff.cuni.cz/repository/xmlui/bitstream/handle/11372/LRT-3052/ConCo.zip,CzCDC,http://hdl.handle.net/11372/LRT-3052,4-2420-14_1.txt,IV. US 2420/14,False,,,,,individual,quasiobjective,True,authority,combined,individual,Anonymized by source,,bad,3.0,,1.0,146,1.4794520547945205,0.5845296779640824,0.9991438356164384,0.010353938280715125,1.0,1.0,10.0,,,,,,,,,1.0,1.0,,5.0,1.4,0.6388765649999399,,27,22.22222222222222,0.5718492270358844,15.0,2.0,1.0350983390135313,1.0,41,3.317073170731707,0.9375663183002432,17.0,2.411764705882353,1.218231034354179,33,2.484848484848485,1.207825096367282,,1.0,,22,0.1411932611211345,0.45485615434035903,1.0,11.0,1.0909090909090908,0.27638539919628335,0.0773018979956779,0.7727587984681821,56,3.25,0.8922594633698785,0.27609970013153434,0.44823911797191307,37,1.0,,,0.2894736842105263,19.25564511455221,5.354523227383863,4380.0,11.32224938875306,7.662624966102911,19.000373585076517,22.569788191614606,20.38257719822512,11.0,5.983144442536235,0.026725345534407405,0.07509040333796946,0.7239916550764951,0.08231482329479753,205.0,27.0,17.421540931407684,1759.0,0.42053789731051344,16.703703703703702,818.0
corpora_selected_txt/ConCo/4-204-05.txt,CzCDC_ConC006814,4-204-05,TXT,https://lindat.mff.cuni.cz/repository/xmlui/bitstream/handle/11372/LRT-3052/ConCo.zip,CzCDC,http://hdl.handle.net/11372/LRT-3052,4-204-05.txt,IV. US 204/05,False,,,,,individual,quasiobjective,True,authority,combined,individual,Anonymized by source,,bad,4.0,,1.0,435,1.4206896551724137,0.4730414895655554,0.9996168582375479,0.007994117905179848,1.0,3.0,5.333333333333333,0.7806247497997998,,,,,,1.0,,,,,6.0,1.5,0.5577733510227171,9.0,64,25.640625,0.7661889476563899,36.0,2.1666666666666665,0.6480349384776588,3.0,109,4.1192660550458715,1.1456881068595088,68.0,2.4558823529411766,1.0107889052645946,109,3.376146788990826,1.3542167521799298,,,,59,0.1341355439357214,0.38900598193546215,6.0,34.0,1.5588235294117647,0.5283223062295768,0.10585835635665199,0.6579843731750932,160,3.85625,0.7594421222533617,0.31878066558497065,0.3761725585021391,83,2.0,,1.0,0.2865731462925852,21.65765698348666,5.129090094128194,11443.0,10.399103541013,8.059022619643557,20.676502771196624,20.717231812910455,21.695334855890664,19.0,5.945532091763361,0.024831913009579244,0.0836022514071294,0.7132692307692308,0.07676228507434602,270.0,63.0,17.879347455551382,4557.0,0.25997310623038994,18.971830985915492,2231.0
corpora_selected_txt/ConCo/3-95-96.txt,CzCDC_ConC009117,3-95-96,TXT,https://lindat.mff.cuni.cz/repository/xmlui/bitstream/handle/11372/LRT-3052/ConCo.zip,CzCDC,http://hdl.handle.net/11372/LRT-3052,3-95-96.txt,III. US 95/96,False,,,,,individual,quasiobjective,True,authority,combined,individual,Anonymized by source,,bad,9.0,,,212,1.580188679245283,0.5967725333783331,0.998015873015873,0.01685379376075683,,1.0,2.0,,,,,,,3.0,,,1.0,,2.0,3.5,1.0101525445522108,8.0,27,35.888888888888886,0.938957239330518,21.0,2.238095238095238,0.690818004700172,,60,6.15,1.4847932405393764,24.0,3.9166666666666665,1.2885655302812962,53,2.981132075471698,1.0958628892913633,,,,20,0.10898645761841655,0.46736179298543923,,15.0,1.2666666666666666,0.4686448734510502,0.08443949296890473,0.6367783712585897,83,3.6506024096385543,0.6578066459403182,0.28274886777558256,0.41623504781168275,34,1.0,,,0.19936708860759494,30.75677558959397,4.966447848285923,6809.0,9.879066374908826,7.819451779152506,28.010982008266467,-0.511294189156331,27.10906880622417,13.0,5.9965890347812705,0.027511869065699884,0.07512578616352195,0.7298506289308176,0.0832430117804016,204.0,27.0,19.910995569001997,2702.0,0.30488694383661563,24.725806451612904,1371.0
corpora_selected_txt/ConCo/3-634-02.txt,CzCDC_ConC010218,3-634-02,TXT,https://lindat.mff.cuni.cz/repository/xmlui/bitstream/handle/11372/LRT-3052/ConCo.zip,CzCDC,http://hdl.handle.net/11372/LRT-3052,3-634-02.txt,III. US 634/02,False,,,,,individual,quasiobjective,True,authority,combined,individual,Anonymized by source,,bad,2.0,,,162,1.4259259259259258,0.5571353265084867,0.9991181657848325,0.011233823531648588,,4.0,5.0,0.6324555320336759,,,,,,,,,,,1.0,3.0,,2.0,29,22.275862068965516,0.7016296713636999,16.0,1.625,0.8062869336218892,,31,5.354838709677419,1.1687719911474823,21.0,3.3333333333333335,2.132604042010612,28,1.5714285714285714,0.5855101715632096,,1.0,1.0,24,0.12246547910197597,0.54199539226796,,13.0,1.3846153846153846,0.4697648479246601,0.11532330791380566,0.6635540138019866,51,4.254901960784314,0.7905207259235102,0.29486451004777786,0.33650717575955286,30,,,,0.1893491124260355,18.34211409502622,5.168202764976958,4486.0,10.435023041474652,7.681092246733377,17.51079115684093,32.028858731924345,19.76043222628317,10.0,6.002964713453838,0.02504354147224281,0.08192457737321202,0.7344603381014304,0.07558116247378975,182.0,29.0,16.91989456839185,1743.0,0.3870967741935484,31.612903225806452,868.0
corpora_selected_txt/ConCo/3-407-04.txt,CzCDC_ConC011478,3-407-04,TXT,https://lindat.mff.cuni.cz/repository/xmlui/bitstream/handle/11372/LRT-3052/ConCo.zip,CzCDC,http://hdl.handle.net/11372/LRT-3052,3-407-04.txt,III. US 407/04,False,,,,,individual,quasiobjective,True,authority,combined,individual,Anonymized by source,,bad,5.0,,2.0,396,1.4318181818181819,0.5130568718610263,0.9987373737373737,0.014487992399751126,,8.0,8.375,1.419895367482038,,,,,,,,1.0,2.0,,15.0,1.7333333333333334,0.5545096758018778,4.0,61,23.311475409836067,0.6600030007976886,37.0,2.72972972972973,1.2650514159564628,1.0,105,3.8095238095238093,0.8444174710323181,63.0,2.6984126984126986,1.1189835213244412,120,2.4166666666666665,1.1475189445994824,1.0,2.0,,58,0.14767791560691537,0.4548457899820037,6.0,30.0,1.4,0.44389676161847536,0.09856196363549305,0.42533884442238706,164,3.158536585365854,0.7586298317737269,0.3164222017122604,0.45096672605052057,78,1.0,,,0.32505643340857787,20.036189960078147,5.336269430051813,10299.0,11.276528497409322,8.106325582867996,19.54161497494266,21.394088932302765,19.930349103881767,16.0,5.9204475226848645,0.02357923680918842,0.10563080283997817,0.7054396504642272,0.06801604970220058,294.0,61.0,16.832665391029792,4117.0,0.2989637305699482,15.538461538461538,1930.0
corpora_selected_txt/ConCo/3-3267-14_1.txt,CzCDC_ConC012910,3-3267-14_1,TXT,https://lindat.mff.cuni.cz/repository/xmlui/bitstream/handle/11372/LRT-3052/ConCo.zip,CzCDC,http://hdl.handle.net/11372/LRT-3052,3-3267-14_1.txt,III. US 3267/14,False,,,,,individual,quasiobjective,True,authority,combined,individual,Anonymized by source,,bad,3.0,,3.0,306,1.4607843137254901,0.5571489076099029,0.9996368917937546,0.006354106678000694,,9.0,6.111111111111111,0.7246543775774413,,,,,,,1.0,,,,7.0,2.4285714285714284,1.3832912960358643,3.0,54,22.037037037037038,0.831559943556787,25.0,2.2,0.9462118179391511,,84,3.8452380952380953,0.8078872389248835,38.0,1.9210526315789473,0.9635103835369703,83,2.5060240963855422,0.8887303346547839,,2.0,,47,0.1485942971413598,0.5518854298608293,,23.0,1.3043478260869565,0.42841026310693525,0.0941582920624368,0.6986361334715403,114,3.6491228070175437,0.8580948638927249,0.324348594337648,0.5173133145060984,56,,,,0.2849162011173184,18.019152829409336,5.087360594795539,8211.0,10.053717472118963,8.089291225686823,17.79434923585295,30.019575795125974,18.622222222222224,14.0,5.924771744251001,0.026120138704189947,0.08818481848184823,0.7102310231023102,0.0781228120034916,337.0,54.0,15.879511344127078,3295.0,0.34882280049566294,18.00990099009901,1614.0
corpora_selected_txt/ConCo/3-2778-17_1.txt,CzCDC_ConC013969,3-2778-17_1,TXT,https://lindat.mff.cuni.cz/repository/xmlui/bitstream/handle/11372/LRT-3052/ConCo.zip,CzCDC,http://hdl.handle.net/11372/LRT-3052,3-2778-17_1.txt,III. US 2778/17,False,,,,,individual,quasiobjective,True,authority,combined,individual,Anonymized by source,,bad,3.0,,,481,1.525987525987526,0.5690334319096557,0.9980942480942481,0.017148351433414345,,9.0,5.444444444444445,0.7634671783677505,,,,,1.0,,,,5.0,,15.0,2.2666666666666666,1.0607475516186464,8.0,72,21.22222222222222,0.6479783228231282,35.0,1.542857142857143,0.5294330576601458,1.0,134,3.7388059701492535,0.8419292445795243,67.0,1.9253731343283582,0.800103652920884,130,2.3076923076923075,1.2014777005604447,1.0,1.0,,57,0.14842607920683606,0.3975341362004795,15.0,34.0,1.2058823529411764,0.3968854644034928,0.08651263794838657,0.585905704341896,165,3.606060606060606,0.7518125242452417,0.31128496498157443,0.3624457047913073,84,4.0,,1.0,0.3045186640471513,19.18655173146378,5.5492351816443595,11609.0,12.19708413001912,8.19650186436201,19.797751699596347,14.822935202889312,20.22642872317825,16.0,5.98347467718353,0.024767225763959004,0.08858504766683395,0.7277420973406924,0.0742491534252038,348.0,72.0,17.410965686947208,4829.0,0.30401529636711283,15.441558441558442,2092.0
corpora_selected_txt/ConCo/3-1799-07_1.txt,CzCDC_ConC016206,3-1799-07_1,TXT,https://lindat.mff.cuni.cz/repository/xmlui/bitstream/handle/11372/LRT-3052/ConCo.zip,CzCDC,http://hdl.handle.net/11372/LRT-3052,3-1799-07_1.txt,III. US 1799/07,False,,,,,individual,quasiobjective,True,authority,combined,individual,Anonymized by source,,bad,5.0,,,229,1.48471615720524,0.5484790203089409,0.9985443959243085,0.015564104308636653,,8.0,4.75,0.7005001322617814,,,,1.0,,1.0,,,1.0,,9.0,1.5555555555555556,0.5669467095138409,13.0,37,25.81081081081081,0.6224351690147427,24.0,1.5,0.5897678246195885,1.0,75,3.2666666666666666,0.7051659556131576,43.0,2.604651162790698,1.0668055022317031,61,2.3934426229508197,0.8537976419860486,,1.0,,33,0.14629572038411068,0.427803064899336,,26.0,1.4230769230769231,0.5323158055831428,0.08861647770879523,0.5268827968608605,102,3.107843137254902,0.8347860577342304,0.29559791527117374,0.43191277638622994,33,4.0,,,0.2881944444444444,21.7240894364396,5.34384858044164,6776.0,11.381545741324919,7.953145450698329,21.544629657259776,12.67237940148351,20.774354164890447,13.0,5.953509336467461,0.03200026979036097,0.08857142857142852,0.7354747647562019,0.07776324953311553,295.0,37.0,17.18530501627162,2793.0,0.38485804416403785,18.70731707317073,1268.0
corpora_selected_txt/ConCo/3-1591-08_1.txt,CzCDC_ConC016738,3-1591-08_1,TXT,https://lindat.mff.cuni.cz/repository/xmlui/bitstream/handle/11372/LRT-3052/ConCo.zip,CzCDC,http://hdl.handle.net/11372/LRT-3052,3-1591-08_1.txt,III. US 1591/08,False,,,,,individual,quasiobjective,True,authority,combined,individual,Anonymized by source,,bad,9.0,,1.0,336,1.443452380952381,0.5174990077363811,0.9990079365079365,0.012852156349224788,,14.0,6.357142857142857,0.6064373897385329,,,,2.0,,1.0,,1.0,1.0,,7.0,1.2857142857142858,0.37951669503554064,5.0,51,27.372549019607842,0.6094747835855625,30.0,3.2333333333333334,1.1067562451134771,1.0,88,4.386363636363637,0.9996915278809544,50.0,3.1,1.3935806935518378,77,3.2467532467532467,1.297295973209376,2.0,1.0,1.0,45,0.13130544939125774,0.5612190214454172,6.0,30.0,1.5333333333333334,0.5343308143869692,0.10468090212335737,0.6599807596334891,126,3.7142857142857144,0.8403155225954078,0.2940496210220406,0.40134506139125736,71,1.0,,,0.25882352941176473,22.214442156862745,5.031382978723404,9459.0,9.971648936170213,8.32451906950764,21.046485429703793,20.90741572799334,21.213183145598663,16.0,6.013316117172651,0.032997959164887555,0.07264458169567656,0.740320044918585,0.09407613561731347,377.0,51.0,17.076608653772503,3761.0,0.3468085106382979,21.18348623853211,1880.0
corpora_selected_txt/ConCo/3-1071-15_1.txt,CzCDC_ConC017983,3-1071-15_1,TXT,https://lindat.mff.cuni.cz/repository/xmlui/bitstream/handle/11372/LRT-3052/ConCo.zip,CzCDC,http://hdl.handle.net/11372/LRT-3052,3-1071-15_1.txt,III. US 1071/15,False,,,,,individual,quasiobjective,True,authority,combined,individual,Anonymized by source,,bad,7.0,,1.0,384,1.4713541666666667,0.4980633554683066,0.9991319444444445,0.012022854330146389,,11.0,8.090909090909092,0.9256545025268479,,,,,,,,,,,17.0,1.588235294117647,0.6700019450046498,20.0,60,23.716666666666665,0.9349977183378252,38.0,2.236842105263158,0.8146741713250207,1.0,111,3.891891891891892,1.0343853258069104,59.0,2.6440677966101696,1.2220236406558935,95,2.863157894736842,1.2844030043338344,,1.0,,39,0.15869595703399503,0.4518498478969167,3.0,27.0,1.3703703703703705,0.5018368238642353,0.08672212608831115,0.5551086989228028,144,3.173611111111111,0.7676178562901674,0.28771823849981454,0.36437083908004503,62,2.0,,,0.32,19.995234374999995,5.263020833333333,10105.0,10.942447916666664,8.291821309922678,20.077977604166662,18.416197916666675,19.945833333333333,16.0,6.041350621633512,0.024900455823364545,0.08286106534870952,0.7503953871499176,0.06958090479947178,340.0,60.0,16.788020290418274,4169.0,0.3307291666666667,15.839160839160838,1920.0
corpora_selected_txt/ConCo/3-1070-13_1.txt,CzCDC_ConC017986,3-1070-13_1,TXT,https://lindat.mff.cuni.cz/repository/xmlui/bitstream/handle/11372/LRT-3052/ConCo.zip,CzCDC,http://hdl.handle.net/11372/LRT-3052,3-1070-13_1.txt,III. US 1070/13,False,,,,,individual,quasiobjective,True,authority,combined,individual,Anonymized by source,,bad,5.0,,2.0,223,1.358744394618834,0.497154564639291,1.0,-1.0,,3.0,6.0,0.5773502691896257,,,,,,,,,,,2.0,3.5,0.20203050891044216,3.0,30,25.566666666666666,0.6951197280656041,14.0,2.7142857142857144,0.9301173373505865,1.0,62,3.3548387096774195,1.100970314727929,34.0,2.5,0.9859620743827888,55,2.381818181818182,1.4688899878122994,1.0,1.0,,27,0.14524286681668389,0.43434014009561606,,14.0,1.3571428571428572,0.46665956383542695,0.10934195356464263,0.6722326492717209,85,3.411764705882353,0.8056145345791145,0.3337169573243808,0.42514366306124324,41,1.0,1.0,,0.36787564766839376,21.27138013136289,5.295566502463054,5375.0,11.143842364532022,8.058065122947593,20.699063382594417,17.612898193760287,20.981609195402303,10.0,6.078112321734002,0.025215086129395728,0.08327510917030567,0.762292576419214,0.0743525799933702,290.0,30.0,17.467979349516824,2167.0,0.43940886699507387,15.657142857142857,1015.0
corpora_selected_txt/ConCo/2-3665-15_1.txt,CzCDC_ConC021447,2-3665-15_1,TXT,https://lindat.mff.cuni.cz/repository/xmlui/bitstream/handle/11372/LRT-3052/ConCo.zip,CzCDC,http://hdl.handle.net/11372/LRT-3052,2-3665-15_1.txt,II. US 3665/15,False,,,,,individual,quasiobjective,True,authority,combined,individual,Anonymized by source,,bad,2.0,,,198,1.4848484848484849,0.4833041245913375,0.9991582491582492,0.011854462745973283,1.0,5.0,2.6,0.21066252211737155,,,,,,,,,1.0,,4.0,1.0,-1.0,6.0,36,21.72222222222222,1.1423990384155975,15.0,3.933333333333333,1.1469562675934173,1.0,47,3.872340425531915,0.8421818713725584,19.0,2.1578947368421053,1.0160324948235557,43,2.86046511627907,1.1304502833197225,,1.0,1.0,24,0.12106297499182211,0.400140279715679,3.0,15.0,1.4,0.7539980898739251,0.08879700193167685,0.6280569421604623,65,3.953846153846154,0.8651491973839226,0.30329983469395866,0.4479611748969601,35,3.0,,,0.21739130434782608,19.627286658405623,5.526022304832714,5946.0,12.11542750929368,8.100110340416874,19.596617203634857,17.749235026848396,20.69161503510946,12.0,6.0713103605519105,0.024227039115763852,0.07899692937563974,0.7612180143295804,0.07431379622591872,282.0,36.0,17.724890346306477,2409.0,0.42379182156133827,22.925925925925927,1076.0
corpora_selected_txt/ConCo/2-340-17_1.txt,CzCDC_ConC021979,2-340-17_1,TXT,https://lindat.mff.cuni.cz/repository/xmlui/bitstream/handle/11372/LRT-3052/ConCo.zip,CzCDC,http://hdl.handle.net/11372/LRT-3052,2-340-17_1.txt,II. US 340/17,False,,,,,individual,quasiobjective,True,authority,combined,individual,Anonymized by source,,bad,,,,174,1.4942528735632183,0.5745107413453607,0.997263273125342,0.020831119744497452,,3.0,2.6666666666666665,0.4330127018922193,,,,,1.0,1.0,,,,,4.0,1.25,0.4,5.0,30,22.733333333333334,0.6738753950199543,16.0,2.4375,0.8200853587382954,,41,3.926829268292683,0.9028533057275309,17.0,2.411764705882353,0.762560887846999,47,2.127659574468085,0.7308660734986295,,1.0,,26,0.12807924326197645,0.436095812121668,3.0,16.0,1.5625,0.5209222590751906,0.093747902277293,0.5335888486946828,61,3.5901639344262297,0.6867682121393579,0.29421550838341654,0.462256923209094,31,1.0,,,0.2403846153846154,19.11895396825397,5.11005291005291,4829.0,10.209312169312168,7.568316232409631,18.301322751322743,29.578005291005297,18.90687830687831,12.0,5.876060619552833,0.025263915432167154,0.09529550827423172,0.6916075650118203,0.06929530910093656,217.0,30.0,15.86053750721025,1895.0,0.38095238095238093,21.775510204081634,945.0
corpora_selected_txt/ConCo/2-3161-08_1.txt,CzCDC_ConC022477,2-3161-08_1,TXT,https://lindat.mff.cuni.cz/repository/xmlui/bitstream/handle/11372/LRT-3052/ConCo.zip,CzCDC,http://hdl.handle.net/11372/LRT-3052,2-3161-08_1.txt,II. US 3161/08,False,,,,,individual,quasiobjective,True,authority,combined,individual,Anonymized by source,,bad,12.0,,2.0,599,1.4023372287145242,0.49661912772295586,0.9989963431115351,0.012347277148872945,,7.0,4.571428571428571,0.7973344263858172,,,,,5.0,,1.0,3.0,,,20.0,2.8,1.000805261169276,6.0,79,25.78481012658228,0.6815837934783527,35.0,3.0285714285714285,0.8826739795274461,,160,4.1625,0.9903114050926249,102.0,2.323529411764706,1.0904029823553876,145,2.9655172413793105,1.262606194971938,1.0,2.0,1.0,68,0.14798647525106268,0.4336335366547939,14.0,34.0,1.3823529411764706,0.4716760448525103,0.09427176908213071,0.5127255580891953,210,3.642857142857143,0.6825775268714828,0.32540363213522855,0.37075918904700067,122,3.0,,,0.35374149659863946,20.86022284594756,5.052323454079766,13808.0,10.0192096597146,8.18576598210916,20.510666393400854,20.31846413965272,20.263148485227436,20.0,5.97896789843312,0.027557063262791035,0.0772361427486713,0.7214768413059984,0.08383626908733913,364.0,79.0,16.59587643195856,5660.0,0.25320160995243324,15.405797101449275,2733.0
corpora_selected_txt/ConCo/2-2849-16_1.txt,CzCDC_ConC023195,2-2849-16_1,TXT,https://lindat.mff.cuni.cz/repository/xmlui/bitstream/handle/11372/LRT-3052/ConCo.zip,CzCDC,http://hdl.handle.net/11372/LRT-3052,2-2849-16_1.txt,II. US 2849/16,False,,,,,individual,quasiobjective,True,authority,combined,individual,Anonymized by source,,bad,4.0,,4.0,361,1.4155124653739612,0.512788122353232,1.0,-1.0,,7.0,10.571428571428571,1.7329643180082075,,,,,,,,,,,9.0,2.6666666666666665,1.3650206042400972,12.0,65,21.215384615384615,0.823082200703628,36.0,2.8055555555555554,1.10048832093414,1.0,94,3.4893617021276597,0.6480118354221658,45.0,2.2666666666666666,1.273798306818964,89,3.359550561797753,1.3956008286950459,1.0,1.0,,49,0.13615798056238015,0.4393371641204372,5.0,34.0,1.4411764705882353,0.48889321060747754,0.09103722716155709,0.6107355148934005,143,3.2797202797202796,0.8029629554165351,0.2863939485186615,0.3610662640947569,74,2.0,,,0.29024390243902437,17.70133428093645,5.272826086956521,9702.0,10.871956521739127,8.210932227292087,17.953022826086958,25.98512541806022,19.931772575250836,16.0,6.00064946262986,0.019538491445916406,0.07831131533601376,0.7353589890867318,0.05640851428049698,353.0,65.0,17.22964342651647,3954.0,0.33858695652173915,18.33050847457627,1840.0
corpora_selected_txt/ConCo/2-2775-11_1.txt,CzCDC_ConC023358,2-2775-11_1,TXT,https://lindat.mff.cuni.cz/repository/xmlui/bitstream/handle/11372/LRT-3052/ConCo.zip,CzCDC,http://hdl.handle.net/11372/LRT-3052,2-2775-11_1.txt,II. US 2775/11,False,,,,,individual,quasiobjective,True,authority,combined,individual,Anonymized by source,,bad,5.0,,1.0,135,1.4962962962962962,0.4821657310456593,1.0,-1.0,,5.0,9.6,1.5390602968117337,,,,,,,,,,,7.0,2.142857142857143,0.7343427396381469,8.0,30,19.833333333333332,0.891688003356998,18.0,3.388888888888889,1.3621942945982375,3.0,40,3.825,1.5707348560980836,23.0,2.9565217391304346,1.1782239607956617,35,1.9714285714285715,0.6566108425351067,,1.0,,22,0.157085173813115,0.531007598687712,2.0,15.0,1.5333333333333334,0.417352482666642,0.1204674192909487,0.7685709411973615,54,3.5555555555555554,0.7911052916945821,0.2948584221543171,0.3307028175499303,28,1.0,,,0.29714285714285715,16.595896958174905,5.316856780735108,4195.0,11.001774397972119,7.680951710177756,17.18113307984791,27.48938479087451,18.935716096324462,10.0,5.904020583922286,0.020426363306428996,0.0798550724637681,0.7020144927536232,0.05894270655123788,223.0,30.0,16.567214971974305,1719.0,0.43979721166032953,17.254901960784313,789.0
corpora_selected_txt/ConCo/2-262-05.txt,CzCDC_ConC023719,2-262-05,TXT,https://lindat.mff.cuni.cz/repository/xmlui/bitstream/handle/11372/LRT-3052/ConCo.zip,CzCDC,http://hdl.handle.net/11372/LRT-3052,2-262-05.txt,II. US 262/05,False,,,,,individual,quasiobjective,True,authority,combined,individual,Anonymized by source,,bad,5.0,,3.0,400,1.5225,0.5824799630436825,0.9990972222222223,0.01042311721908247,2.0,6.0,8.5,1.014087620682821,,,,,,1.0,,,1.0,,7.0,1.7142857142857142,0.6490734136415512,6.0,63,22.095238095238095,1.0513293002811015,33.0,3.212121212121212,1.124525235053435,,100,4.16,1.3720930225195933,56.0,2.1607142857142856,0.973909412431581,85,3.2823529411764705,1.6356580758932062,,,,58,0.15670163410144847,0.49136532617653716,4.0,33.0,1.2121212121212122,0.34249771897050646,0.07912848479974852,0.47561952588971396,145,3.489655172413793,0.7361251104997429,0.3114897267104864,0.4218207985905592,116,,,,0.2857142857142857,19.584337768440705,5.456932773109243,10390.0,11.801260504201684,8.364881696885789,19.40652141690009,19.66622805788984,19.81998132586368,16.0,6.069946747797129,0.02342266342076715,0.07277562326869802,0.7582160664819945,0.06820024048747662,357.0,63.0,16.93607601456114,4187.0,0.34086134453781514,17.34108527131783,1904.0
corpora_selected_txt/ConCo/2-1283-08_1.txt,CzCDC_ConC026888,2-1283-08_1,TXT,https://lindat.mff.cuni.cz/repository/xmlui/bitstream/handle/11372/LRT-3052/ConCo.zip,CzCDC,http://hdl.handle.net/11372/LRT-3052,2-1283-08_1.txt,II. US 1283/08,False,,,,,individual,quasiobjective,True,authority,combined,individual,Anonymized by source,,bad,5.0,,2.0,334,1.4580838323353293,0.49705752010025805,0.9990732820074137,0.0120045038139303,2.0,6.0,4.166666666666667,0.5128742535943873,,,,,,1.0,,,1.0,,8.0,2.0,0.5976143046671968,6.0,49,25.06122448979592,0.678603169073175,36.0,2.1666666666666665,0.8219310088218421,3.0,84,3.4285714285714284,0.6855691213001949,28.0,3.25,1.3124598863661256,87,2.2873563218390807,0.8190080044145186,,2.0,2.0,44,0.13446490236629557,0.5293849712524654,4.0,18.0,1.3888888888888888,0.5024176842148023,0.08573398470199295,0.5004511731076433,114,3.710526315789474,0.8094828774352683,0.2903984926276867,0.35431847877056893,55,4.0,,,0.21014492753623187,22.243735449735453,5.409171075837743,9201.0,11.699235743680186,8.207177155185892,21.583509700176364,13.23722927689596,20.91687242798354,15.0,5.966614369374293,0.025051777771652968,0.08548689138576782,0.7222034956304619,0.07242819529137212,327.0,49.0,17.240902507121476,3711.0,0.34332745443856555,22.74418604651163,1701.0
corpora_selected_txt/ConCo/2-1234-17_1.txt,CzCDC_ConC027004,2-1234-17_1,TXT,https://lindat.mff.cuni.cz/repository/xmlui/bitstream/handle/11372/LRT-3052/ConCo.zip,CzCDC,http://hdl.handle.net/11372/LRT-3052,2-1234-17_1.txt,II. US 1234/17,False,,,,,individual,quasiobjective,True,authority,combined,individual,Anonymized by source,,bad,5.0,,2.0,271,1.5018450184501846,0.5153637953147442,0.998769987699877,0.014308953629721186,,6.0,10.333333333333334,1.701318580263693,,,,,,1.0,,,3.0,,3.0,7.333333333333333,0.6298366572977737,7.0,51,19.176470588235293,1.0007220096660498,21.0,1.8095238095238095,0.5130566701782605,1.0,67,4.6716417910447765,0.8434765161431879,41.0,1.975609756097561,1.3792063039875506,67,2.5223880597014925,0.8874502334413459,1.0,3.0,,37,0.14933925376499663,0.36518001581633164,1.0,22.0,1.2272727272727273,0.4305591113239985,0.08074153170374673,0.537359266471029,98,3.6020408163265305,0.8938242502005017,0.3027584309950127,0.3389438092679597,65,2.0,,,0.2922077922077922,16.356411764705882,5.3031674208144794,7032.0,10.924886877828053,7.981365675333229,16.749863499245848,29.865096530920056,17.24766214177979,13.0,5.975970649509442,0.02191146577403904,0.0866340668296659,0.7253137734311328,0.06326341623411219,254.0,51.0,15.18147889625212,2849.0,0.3514328808446455,16.741573033707866,1326.0
corpora_selected_txt/ConCo/1-712-06_1.txt,CzCDC_ConC028386,1-712-06_1,TXT,https://lindat.mff.cuni.cz/repository/xmlui/bitstream/handle/11372/LRT-3052/ConCo.zip,CzCDC,http://hdl.handle.net/11372/LRT-3052,1-712-06_1.txt,I. US 712/06,False,,,,,individual,quasiobjective,True,authority,combined,individual,Anonymized by source,,bad,2.0,,2.0,305,1.298360655737705,0.46298430830563225,1.0,-1.0,,8.0,7.5,1.0129322514520633,,,,,5.0,,,1.0,1.0,1.0,4.0,3.5,0.9476070829586857,2.0,59,22.271186440677965,0.5932140752021154,21.0,2.380952380952381,1.0581682285912766,1.0,89,4.224719101123595,0.9887500774238054,50.0,2.04,0.9074506276148494,78,2.7435897435897436,1.1944130940779953,,1.0,,50,0.1281114951407748,0.4908318388296,1.0,16.0,1.1875,0.3394634841388863,0.09049490509920076,0.30833644667157273,111,3.963963963963964,0.669119977247665,0.3303266718492282,0.35903396601333604,74,3.0,,,0.36421725239616615,16.033515949172738,4.794994040524434,8046.0,8.630870083432656,7.821745213937583,15.943704389810307,39.91358095796045,17.76482899335367,18.0,5.919856159037462,0.02798218906504303,0.07911969601013302,0.6972577580747308,0.0864822212966057,228.0,59.0,15.30458659800934,3224.0,0.2693682955899881,16.663716814159294,1678.0
corpora_selected_txt/ConCo/1-317-15_1.txt,CzCDC_ConC031624,1-317-15_1,TXT,https://lindat.mff.cuni.cz/repository/xmlui/bitstream/handle/11372/LRT-3052/ConCo.zip,CzCDC,http://hdl.handle.net/11372/LRT-3052,1-317-15_1.txt,I. US 317/15,False,,,,,individual,quasiobjective,True,authority,combined,individual,Anonymized by source,,bad,8.0,,1.0,248,1.3830645161290323,0.49679232684890096,0.9986559139784946,0.014956883321524776,,5.0,8.2,0.5810306951010535,,,,1.0,2.0,,,,,,1.0,2.0,,,49,21.285714285714285,1.101650305174978,18.0,3.7777777777777777,1.2729073414584968,2.0,50,4.52,0.9494723419223381,20.0,3.35,1.1592539887417943,49,3.5510204081632653,1.2436338748568665,,1.0,,33,0.10849463481628496,0.6316766019083788,4.0,15.0,1.2,0.3450327796711771,0.1006992938262288,0.5637109897302353,62,5.483870967741935,0.7713589379478785,0.3048233472320585,0.3526923256655068,49,2.0,,,0.20522388059701493,17.113150783204844,5.028348688873139,7095.0,9.740042523033308,7.937728541797553,16.3678966863854,37.6892592169398,18.407098743111703,13.0,5.953784419880583,0.04104677003014256,0.06922256097560975,0.7186737804878048,0.11244405992696051,295.0,49.0,15.85094302685739,2748.0,0.34727143869596033,30.01851851851852,1411.0
corpora_selected_txt/ConCo/1-2874-16_1.txt,CzCDC_ConC032261,1-2874-16_1,TXT,https://lindat.mff.cuni.cz/repository/xmlui/bitstream/handle/11372/LRT-3052/ConCo.zip,CzCDC,http://hdl.handle.net/11372/LRT-3052,1-2874-16_1.txt,I. US 2874/16,False,,,,,individual,quasiobjective,True,authority,combined,individual,Anonymized by source,,bad,1.0,,1.0,73,1.3835616438356164,0.4108115553865865,1.0,-1.0,,1.0,21.0,,,,,,,,,,,,,,,,19,17.42105263157895,1.2938158322175444,4.0,1.75,0.2857142857142857,1.0,15,4.4,0.9123318851783626,10.0,1.7,0.9217771979249537,16,1.9375,0.7648177799705886,,1.0,,12,0.11742703244626485,0.5581972672076038,1.0,4.0,1.25,0.4,0.11748366013071895,0.505868807058733,21,4.0,0.9253377761660873,0.3115949668068388,0.42699344271559225,11,,,,0.22077922077922077,12.189043062200952,4.755244755244755,2040.0,8.182983682983684,6.873969828076464,11.719327689854005,57.72281351981351,15.185425101214575,8.0,5.735564494277849,0.027255723862225502,0.079030303030303,0.6531212121212121,0.07179977331973583,126.0,19.0,13.776415006240082,769.0,0.44755244755244755,25.75,429.0
corpora_selected_txt/ConCo/1-2694-09_1.txt,CzCDC_ConC032651,1-2694-09_1,TXT,https://lindat.mff.cuni.cz/repository/xmlui/bitstream/handle/11372/LRT-3052/ConCo.zip,CzCDC,http://hdl.handle.net/11372/LRT-3052,1-2694-09_1.txt,I. US 2694/09,False,,,,,individual,quasiobjective,True,authority,combined,individual,Anonymized by source,,bad,2.0,,1.0,129,1.4728682170542635,0.5634491069492292,1.0,-1.0,,5.0,3.6,0.6972166887783962,,,2.0,,,,,,,,3.0,2.6666666666666665,0.57282196186948,3.0,26,33.92307692307692,1.2426888113778463,9.0,5.0,1.9595917942265424,,32,6.3125,2.0762156991227227,23.0,2.0434782608695654,1.2386859880846501,30,3.966666666666667,2.4048735548884608,,,,19,0.11890045625107337,0.5573985523013398,1.0,14.0,1.0,-1.0,0.08236695303811624,0.6534433522687798,46,4.239130434782608,0.8659357324992726,0.248790073662539,0.4170204725473707,20,1.0,,,0.2513089005235602,24.380879988951804,4.59245960502693,5116.0,8.017055655296227,7.716465738690322,20.914638240574504,32.98389683745337,22.416738019610552,14.0,5.685404601819495,0.08594864245095733,0.05331034482758623,0.658423645320197,0.1836899456163767,225.0,26.0,16.712763958537163,1833.0,0.3491921005385996,30.829787234042552,1114.0
corpora_selected_txt/ConCo/1-2107-09_1.txt,CzCDC_ConC033946,1-2107-09_1,TXT,https://lindat.mff.cuni.cz/repository/xmlui/bitstream/handle/11372/LRT-3052/ConCo.zip,CzCDC,http://hdl.handle.net/11372/LRT-3052,1-2107-09_1.txt,I. US 2107/09,False,,,,,individual,quasiobjective,True,authority,combined,individual,Anonymized by source,,bad,3.0,,,198,1.494949494949495,0.5423339367352135,0.9984367484367485,0.01558529317910627,,2.0,8.5,1.0814574300500137,,,,1.0,,1.0,1.0,1.0,1.0,,2.0,1.0,-1.0,1.0,37,17.675675675675677,0.769854941338322,10.0,1.7,0.4842780013815086,,50,3.28,0.7050908134093401,39.0,1.6923076923076923,0.6662496883585984,42,2.0238095238095237,0.7279060684547192,1.0,1.0,,32,0.15498523182771104,0.41679508697457873,1.0,15.0,1.5333333333333334,0.5970491846309522,0.11309593714392477,0.7236974657913696,64,3.890625,0.795999997779512,0.3252726462551084,0.348133268171139,36,1.0,,,0.33,15.730750906487089,5.481397970687711,4862.0,11.669560315670799,7.70442821567294,16.59388055699442,27.139968219628884,17.345671714555593,11.0,5.911098085304389,0.03319166341731643,0.10181472081218279,0.7007106598984771,0.10409643760462639,214.0,37.0,15.446195173518532,1993.0,0.4081172491544532,14.646153846153846,887.0
corpora_selected_txt/ConCo/1-1798-07_1.txt,CzCDC_ConC034663,1-1798-07_1,TXT,https://lindat.mff.cuni.cz/repository/xmlui/bitstream/handle/11372/LRT-3052/ConCo.zip,CzCDC,http://hdl.handle.net/11372/LRT-3052,1-1798-07_1.txt,I. US 1798/07,False,,,,,individual,quasiobjective,True,authority,combined,individual,Anonymized by source,,bad,4.0,,1.0,520,1.4,0.4783874450687293,0.9997252747252748,0.0062664216823255705,,9.0,3.888888888888889,0.4714285714285714,,,,2.0,,,,,,,11.0,1.5454545454545454,0.44488636238091855,6.0,83,20.698795180722893,0.6650252828307784,42.0,1.9761904761904763,1.0026747824026156,1.0,142,3.352112676056338,0.7343464899034728,89.0,1.7078651685393258,0.9182019710320557,122,2.2704918032786887,0.8845657321707842,,1.0,,78,0.16318512278029212,0.43857574298453855,6.0,45.0,1.3555555555555556,0.39021590406428946,0.0878118952725001,0.4047409301346158,197,3.065989847715736,0.6363734228716118,0.3002235190550916,0.3634742815689769,68,3.0,,,0.328125,18.41794505152393,5.525409130060293,12830.0,12.047114556416885,8.387557841446577,18.39102672706329,22.38319096541207,18.132652574120772,18.0,6.00510329773536,0.027602334571127055,0.0984705353126405,0.7367611336032389,0.07414473292180639,402.0,83.0,15.717148649222036,5145.0,0.3087855297157623,13.898936170212766,2322.0
corpora_selected_txt/ConCo/1-1733-16_1.txt,CzCDC_ConC034808,1-1733-16_1,TXT,https://lindat.mff.cuni.cz/repository/xmlui/bitstream/handle/11372/LRT-3052/ConCo.zip,CzCDC,http://hdl.handle.net/11372/LRT-3052,1-1733-16_1.txt,I. US 1733/16,False,,,,,individual,quasiobjective,True,authority,combined,individual,Anonymized by source,,bad,2.0,,,251,1.4302788844621515,0.5549971338455961,0.9974388161639158,0.020260306564475042,1.0,8.0,3.75,0.4673464436718208,,,,1.0,,,,1.0,,,6.0,2.8333333333333335,0.6475933620951946,5.0,42,22.38095238095238,0.7197100337321005,16.0,2.125,0.4822094478098635,1.0,72,3.4722222222222223,0.7440926793706264,38.0,1.4736842105263157,0.4388252130035005,63,2.6984126984126986,1.2569636369250492,,3.0,,37,0.16254121899956556,0.5220465410945021,3.0,22.0,1.4090909090909092,0.6444696753762429,0.10098568454955892,0.6449009038953005,98,3.5,0.8490040699508945,0.3168592393222594,0.4616372176364692,46,1.0,,1.0,0.33935018050541516,18.782561138651047,5.243690851735016,6649.0,10.798028391167195,8.03583097424697,18.868530268889884,23.269709929397635,20.309628961994893,12.0,5.970893510251951,0.025475199017049945,0.08994011976047911,0.7250641573994867,0.08212328307093372,250.0,42.0,17.370101895934148,2716.0,0.3714511041009464,15.290322580645162,1268.0
corpora_selected_txt/ConCo/1-1401-15_1.txt,CzCDC_ConC035639,1-1401-15_1,TXT,https://lindat.mff.cuni.cz/repository/xmlui/bitstream/handle/11372/LRT-3052/ConCo.zip,CzCDC,http://hdl.handle.net/11372/LRT-3052,1-1401-15_1.txt,I. US 1401/15,False,,,,,individual,quasiobjective,True,authority,combined,individual,Anonymized by source,,bad,4.0,,,248,1.4596774193548387,0.4767101145181783,0.9993279569892474,0.010590461162087172,,6.0,4.333333333333333,0.8837788686981584,,,,,,,,,,,4.0,2.5,0.6928203230275509,1.0,50,17.66,0.9416737380600892,23.0,2.5652173913043477,1.1201721831405904,3.0,58,3.5344827586206895,0.6791392001070896,27.0,1.5185185185185186,0.6678515683090219,59,3.23728813559322,1.1023822706669058,1.0,1.0,,35,0.12113374142244922,0.5623658939912292,6.0,17.0,1.3529411764705883,0.3640898744444397,0.09745427582797825,0.35787523517599884,76,4.565789473684211,0.6136063226115753,0.3546561335466081,0.3127588567331106,49,2.0,,,0.22529644268774704,15.118923913405496,5.306411323896753,6373.0,10.84945878434638,7.956821116053503,15.139058617818485,37.13266074937553,16.06928226477935,11.666666666666666,6.002379049435263,0.024858226549620756,0.08925589836660619,0.7293920145190562,0.0763990693877092,219.0,50.0,14.381905143607526,2504.0,0.3555370524562864,23.785714285714285,1201.0
corpora_selected_txt/ConCo/1-1217-13_1.txt,CzCDC_ConC036048,1-1217-13_1,TXT,https://lindat.mff.cuni.cz/repository/xmlui/bitstream/handle/11372/LRT-3052/ConCo.zip,CzCDC,http://hdl.handle.net/11372/LRT-3052,1-1217-13_1.txt,I. US 1217/13,False,,,,,individual,quasiobjective,True,authority,combined,individual,Anonymized by source,,bad,,,,99,1.4646464646464648,0.5189949164147327,0.9983164983164983,0.016778877522877236,,1.0,7.0,,,,,,,,,,1.0,,3.0,1.0,-1.0,1.0,22,18.227272727272727,0.7919550832405514,7.0,1.7142857142857142,1.102396379610246,,19,5.052631578947368,1.025170303527452,9.0,3.6666666666666665,1.2423318517014952,23,2.782608695652174,0.8932377942643677,,1.0,,14,0.10590884310244052,0.4980981470272294,2.0,6.0,1.3333333333333333,0.6123724356957946,0.10419973544973544,0.6171026246433801,29,4.482758620689655,0.7341247426597826,0.300716070163157,0.2860782398306558,20,,,,0.1891891891891892,14.141047299563901,4.9335793357933575,2674.0,9.126937269372691,7.3427170873554815,13.875082522643407,46.88971586715866,16.053807447165383,8.0,5.983004670756226,0.0297793730870564,0.06993227990970663,0.7254401805869074,0.09004920471539951,158.0,22.0,14.291902434058311,1036.0,0.46494464944649444,29.8,542.0
corpora_selected_txt/SupAdmCo/0092_9As__1600077_20161103131451_prevedeno.txt,CzCDC_SupA002972,0092_9As__1600077_20161103131451_prevedeno,TXT,https://lindat.mff.cuni.cz/repository/xmlui/bitstream/handle/11372/LRT-3052/SupAdmCo.zip,CzCDC,http://hdl.handle.net/11372/LRT-3052,0092_9As__1600077_20161103131451_prevedeno.txt,9 As 92/2016-77,False,,,,,individual,quasiobjective,True,authority,combined,individual,Anonymized by source,,bad,12.0,,2.0,816,1.5477941176470589,0.6590839869654659,0.9976870861981155,0.018505948951594763,2.0,17.0,3.0,0.4082482904638631,,,,,,,,,1.0,,25.0,2.04,1.16242983083872,7.0,121,22.884297520661157,0.7714329548585598,58.0,2.9827586206896552,1.0480097872710006,2.0,232,3.788793103448276,1.073962254649332,96.0,1.7083333333333333,0.7963723757336046,210,2.9,1.3695621538510185,2.0,2.0,,111,0.1580771451826121,0.4895853081937535,10.0,50.0,1.22,0.4767979642038016,0.08026524865332242,0.5232966148377659,302,3.6821192052980134,1.018275350545434,0.31756358044001315,0.40263756625778896,199,3.0,,,0.31230283911671924,19.18435249917428,5.262536098713573,20045.0,10.902861643475974,8.593980776356783,18.74058364315416,25.12589899135324,19.6381075381736,24.0,6.04619707717255,0.025509802662627985,0.07953908355795147,0.7467008086253369,0.07623271458467155,494.0,124.0,16.702327027331556,7991.0,0.24730900498818587,15.358108108108109,3809.0
corpora_selected_txt/SupAdmCo/0155_9As__1400032_20141121075230_prevedeno.txt,CzCDC_SupA003986,0155_9As__1400032_20141121075230_prevedeno,TXT,https://lindat.mff.cuni.cz/repository/xmlui/bitstream/handle/11372/LRT-3052/SupAdmCo.zip,CzCDC,http://hdl.handle.net/11372/LRT-3052,0155_9As__1400032_20141121075230_prevedeno.txt,9 As 155/2014-32,False,,,,,individual,quasiobjective,True,authority,combined,individual,Anonymized by source,,bad,7.0,,2.0,682,1.5278592375366569,0.5414051623749305,0.9985948191593352,0.015018276757893276,1.0,6.0,7.333333333333333,1.5894798775045051,,,,,,,,,,,10.0,1.9,0.5792131234813747,13.0,107,21.102803738317757,0.7948834625547647,96.0,2.34375,1.4958374993833403,2.0,178,3.634831460674157,0.9763596975932596,59.0,1.6440677966101696,0.9831256659982421,180,3.0055555555555555,1.2520948534685135,1.0,5.0,,95,0.15530073199069452,0.4362105134740043,5.0,35.0,1.1428571428571428,0.31065632609231775,0.08250411697006124,0.9267027501407454,245,3.8244897959183675,0.7596394826332127,0.34989487550136766,0.35041385821750126,185,1.0,,,0.2763744427934621,17.494236934798664,5.235195717631314,15648.0,10.691167614586819,8.099807083235158,17.330458479834867,30.01898924357866,18.211329592152357,22.0,5.893756239859711,0.03447899714683043,0.08059515570934261,0.6975674740484429,0.09665889111663153,319.0,106.0,15.757748719897393,6238.0,0.22816995650719304,19.08108108108108,2989.0
corpora_selected_txt/SupCo/rozhodnuti-8_Tdo_599_2007.txt,CzCDC_SupC000865,rozhodnuti-8_Tdo_599_2007,TXT,https://lindat.mff.cuni.cz/repository/xmlui/bitstream/handle/11372/LRT-3052/SupCoCo.zip,CzCDC,http://hdl.handle.net/11372/LRT-3052,rozhodnuti-8_Tdo_599_2007.txt,8 Tdo 599/2007,False,,,,,individual,quasiobjective,True,authority,combined,individual,Anonymized by source,,bad,52.0,1.0,,1161,1.4599483204134367,0.5830064233029554,0.9994571033330722,0.009453325348675101,2.0,29.0,5.655172413793103,0.683675003934877,,,,2.0,,,2.0,2.0,1.0,1.0,33.0,1.606060606060606,0.9587895091680491,19.0,137,29.080291970802918,0.8172982542303404,101.0,3.5544554455445545,2.59943107667688,3.0,334,4.5119760479041915,1.3680384552916505,193.0,2.5544041450777204,1.8076596127575106,254,3.267716535433071,1.6734882075090076,,2.0,,126,0.15473006086616165,0.42413287902525043,12.0,100.0,1.52,0.5410613817176382,0.09153596741460182,0.5053617641446848,445,3.460674157303371,0.8287939865901015,0.3312325395616621,0.4468893442732156,208,8.0,,,0.3367752184273233,23.92394374000041,5.1650047036688616,27452.0,10.638325493885228,8.456825733595803,22.54676082152838,14.304323756617762,22.329160686941652,31.0,5.994501078524356,0.02934016328321969,0.07578029141104292,0.7317216257668712,0.08523334496877444,379.0,137.0,17.811901983531317,10921.0,0.17704609595484477,15.004728132387706,5315.0
corpora_selected_txt/SupAdmCo/0010_8As__120_20130926064213_prevedeno.txt,CzCDC_SupA006805,0010_8As__120_20130926064213_prevedeno,TXT,https://lindat.mff.cuni.cz/repository/xmlui/bitstream/handle/11372/LRT-3052/SupAdmCo.zip,CzCDC,http://hdl.handle.net/11372/LRT-3052,0010_8As__120_20130926064213_prevedeno.txt,8 As 10/2012-47,False,,,,,individual,quasiobjective,True,authority,combined,individual,Anonymized by source,,bad,6.0,,1.0,515,1.4097087378640776,0.466771433308992,1.0,-1.0,,6.0,2.8333333333333335,0.5654406983857843,,,,,,1.0,,,,,16.0,1.3125,0.4587274125254208,1.0,100,18.06,0.9116342544173186,31.0,2.161290322580645,1.2816600210640194,1.0,126,3.880952380952381,0.9347983032803787,65.0,2.646153846153846,1.2718106312021156,130,2.246153846153846,1.1941762546069972,,,2.0,70,0.14872278525302957,0.510548221595391,4.0,37.0,1.4864864864864864,0.516771072717694,0.13746776204206546,1.2422624493599281,165,4.1030303030303035,0.9121732630764988,0.3365302256463931,0.42279101231825666,159,1.0,,,0.3232931726907631,14.011311752921536,5.014607679465776,12015.0,9.474999999999996,8.291006491999639,14.141611519198662,43.811459298831366,16.412046744574294,20.0,5.983060004258582,0.03312757678271723,0.07684370918589467,0.7234044405746626,0.0965424223402005,326.0,100.0,14.682414342646442,4742.0,0.2758764607679466,17.86875,2396.0
corpora_selected_txt/SupCo/rozhodnuti-7_Tdo_825_2008.txt,CzCDC_SupC003103,rozhodnuti-7_Tdo_825_2008,TXT,https://lindat.mff.cuni.cz/repository/xmlui/bitstream/handle/11372/LRT-3052/SupCoCo.zip,CzCDC,http://hdl.handle.net/11372/LRT-3052,rozhodnuti-7_Tdo_825_2008.txt,7 Tdo 825/2008,False,,,,,individual,quasiobjective,True,authority,combined,individual,Anonymized by source,,bad,3.0,,,242,1.3181818181818181,0.4995446439195828,0.9993112947658402,0.010721122802277085,,6.0,3.5,0.5030519103331146,,,1.0,,,,,,,,1.0,1.0,,2.0,30,31.566666666666666,1.1084893099492594,18.0,4.0,2.0793098402510157,2.0,61,7.459016393442623,2.445931686247718,32.0,1.90625,0.5389365626208075,54,3.9074074074074074,1.4513648164707422,,,,27,0.12105591804882099,0.5882019934720318,2.0,18.0,1.2222222222222223,0.3500121534107716,0.08910258104659549,0.32519868181386963,84,4.178571428571429,0.9070470141163509,0.32253251322956666,0.41061228606449984,50,,,,0.2604166666666667,24.18211332284291,4.620771046420142,5873.0,8.142564909520063,7.8174351278313585,22.17910333071073,23.47923939155521,23.083566745344875,14.0,5.915183200688981,0.031652422875663465,0.0725170648464164,0.6987116040955631,0.09005973164751567,223.0,30.0,17.693802365651003,2302.0,0.3233674272226593,19.64864864864865,1271.0
corpora_selected_txt/SupAdmCo/0013_7As__1700045_20171102091836_prevedeno.txt,CzCDC_SupA009825,0013_7As__1700045_20171102091836_prevedeno,TXT,https://lindat.mff.cuni.cz/repository/xmlui/bitstream/handle/11372/LRT-3052/SupAdmCo.zip,CzCDC,http://hdl.handle.net/11372/LRT-3052,0013_7As__1700045_20171102091836_prevedeno.txt,7 As 13/2017-45,False,,,,,individual,quasiobjective,True,authority,combined,individual,Anonymized by source,,bad,33.0,1.0,2.0,1172,1.4513651877133107,0.531276413757306,0.9991670729725338,0.011643300103712971,3.0,17.0,3.6470588235294117,0.7931565384493225,,,,1.0,3.0,,,1.0,1.0,,26.0,3.5,1.5444436287702374,15.0,189,21.534391534391535,0.6479758690823946,113.0,2.566371681415929,0.8312870096464868,5.0,332,3.9909638554216866,0.9462893707379836,176.0,2.1875,1.2434729884023608,307,2.527687296416938,1.070029897123808,1.0,3.0,1.0,177,0.14451674766552622,0.4145372019770632,19.0,101.0,1.4158415841584158,0.5215808229256111,0.09456766545790826,0.5527698692765375,431,3.5916473317865427,0.7487922699605427,0.3222092617043589,0.3811271628644412,203,8.0,,,0.3164763458401305,18.151260982413632,5.35198221563542,28890.0,11.252945535383477,8.836836256012251,18.093405865586114,25.502327907063375,19.212408279766564,29.0,6.051711985167268,0.02488351717608007,0.08505755802981696,0.7506152104170598,0.07329321581469672,607.0,189.0,16.600582513484216,11605.0,0.22712115598369767,16.58656330749354,5398.0
corpora_selected_txt/SupAdmCo/0106_7As__1500067_20150817082732_prevedeno.txt,CzCDC_SupA009960,0106_7As__1500067_20150817082732_prevedeno,TXT,https://lindat.mff.cuni.cz/repository/xmlui/bitstream/handle/11372/LRT-3052/SupAdmCo.zip,CzCDC,http://hdl.handle.net/11372/LRT-3052,0106_7As__1500067_20150817082732_prevedeno.txt,7 As 106/2015-67,False,,,,,individual,quasiobjective,True,authority,combined,individual,Anonymized by source,,bad,17.0,,,1179,1.4681933842239185,0.5218649891599944,0.9993133809927702,0.010551171665978219,1.0,14.0,8.571428571428571,1.0422075518804212,,,,,2.0,2.0,3.0,,,,25.0,1.52,0.5411825736514503,28.0,194,21.087628865979383,0.7369220440832377,113.0,2.398230088495575,0.8161483333758742,4.0,350,3.442857142857143,1.1081930082919138,178.0,1.7865168539325842,0.7406420691523716,310,2.6032258064516127,1.1296479982820822,3.0,1.0,,180,0.15338157884778544,0.45961611424205184,8.0,125.0,1.416,0.5008490020638264,0.09756125391695993,0.6014747875827018,420,3.7738095238095237,0.8979533906965771,0.3108882528884391,0.37161203914869645,242,6.0,1.0,,0.2992248062015504,17.961717059330347,5.290345821325649,29372.0,10.965273775216138,8.532747672724982,18.031163893757984,26.033908642562153,18.543964467155888,30.0,5.965613852446941,0.028468297754736034,0.09445626260773887,0.7206675224646983,0.08112526684251557,465.0,194.0,16.001578824316404,11880.0,0.1905619596541787,17.215584415584416,5552.0
corpora_selected_txt/SupAdmCo/0034_5Afs_1200002_prevedeno.txt,CzCDC_SupA010449,0034_5Afs_1200002_prevedeno,TXT,https://lindat.mff.cuni.cz/repository/xmlui/bitstream/handle/11372/LRT-3052/SupAdmCo.zip,CzCDC,http://hdl.handle.net/11372/LRT-3052,0034_5Afs_1200002_prevedeno.txt,7 Afs 61/2006-89,False,,,,,individual,quasiobjective,True,authority,combined,individual,Anonymized by source,,bad,11.0,,2.0,676,1.3402366863905326,0.4837613312525691,0.999788672865596,0.005495666878038477,5.0,10.0,3.9,0.6559515847640989,,,,1.0,1.0,,,,,1.0,16.0,1.625,0.7410212048487567,20.0,116,21.163793103448278,0.5571256070053442,41.0,2.1707317073170733,0.6341798385854154,3.0,201,3.81592039800995,1.105972117272494,116.0,1.4224137931034482,0.5801105815452577,183,2.6557377049180326,1.218322088220582,,1.0,,104,0.14102639449271376,0.43722276418993716,10.0,60.0,1.3333333333333333,0.4509876168016973,0.09358393269383981,0.5081918282948327,260,3.7884615384615383,0.7688442572071388,0.337310103547214,0.3501189318956622,167,11.0,,,0.362095531587057,17.151951662842237,5.1121239744758435,16824.0,10.118900030385904,8.361267357524364,16.928249352989866,33.07976599712906,18.40995924098115,23.0,6.0281283880380885,0.02603304786485845,0.08332393483709277,0.7402537593984962,0.07909962989221017,385.0,116.0,15.914196411784335,6691.0,0.23944089942266789,16.67094017094017,3291.0
corpora_selected_txt/SupCo/rozhodnuti-6_Tdo_520_2011.txt,CzCDC_SupC005639,rozhodnuti-6_Tdo_520_2011,TXT,https://lindat.mff.cuni.cz/repository/xmlui/bitstream/handle/11372/LRT-3052/SupCoCo.zip,CzCDC,http://hdl.handle.net/11372/LRT-3052,rozhodnuti-6_Tdo_520_2011.txt,6 Tdo 520/2011,False,,,,,individual,quasiobjective,True,authority,combined,individual,Anonymized by source,,bad,8.0,,4.0,375,1.4666666666666666,0.49776314959169016,1.0,-1.0,,12.0,5.5,1.0473392999960918,,,,,,1.0,,1.0,,1.0,13.0,2.5384615384615383,0.7477135845563794,10.0,61,25.80327868852459,0.6701257953745358,39.0,2.128205128205128,0.7325449302644707,5.0,133,3.9097744360902253,0.9463035490945113,56.0,2.642857142857143,1.078522771487359,94,2.8085106382978724,1.0472728224976724,1.0,1.0,,56,0.1545971629707045,0.4714181901172888,6.0,35.0,1.3428571428571427,0.4402946121160453,0.0829107728981294,0.41842179750783715,147,3.931972789115646,0.7834081366100156,0.308657892769393,0.3828698211993434,89,3.0,,,0.2723809523809524,20.425317634528113,4.895009416195857,10397.0,9.285169491525425,8.056730154169369,19.549238924392576,27.284003488623398,21.159507270538114,20.0,5.919861239459066,0.03202427873128618,0.08430123456790128,0.7000395061728395,0.09599950098497412,314.0,61.0,17.462381504544748,4148.0,0.2810734463276836,17.267605633802816,2124.0
corpora_selected_txt/SupCo/rozhodnuti-6_Tdo_188_2005.txt,CzCDC_SupC006406,rozhodnuti-6_Tdo_188_2005,TXT,https://lindat.mff.cuni.cz/repository/xmlui/bitstream/handle/11372/LRT-3052/SupCoCo.zip,CzCDC,http://hdl.handle.net/11372/LRT-3052,rozhodnuti-6_Tdo_188_2005.txt,6 Tdo 188/2005,False,,,,,individual,quasiobjective,True,authority,combined,individual,Anonymized by source,,bad,5.0,,3.0,496,1.5362903225806452,0.5637855408264497,0.9991239439324117,0.011329906522015898,2.0,13.0,5.3076923076923075,0.8749031012248963,,,,,,2.0,,1.0,2.0,,13.0,2.5384615384615383,0.8603072464592965,12.0,75,26.85333333333333,0.702541974872547,57.0,3.0701754385964914,1.6190743495192357,3.0,156,3.7756410256410255,1.295279176810144,86.0,2.2093023255813953,1.1197837264125634,125,3.152,1.9569830838963087,,,,72,0.13690030061322245,0.42502791489181074,7.0,46.0,1.391304347826087,0.6687467549246293,0.08985148489320594,0.5695502598048305,199,3.8944723618090453,0.8447106467233584,0.31012739793993094,0.40653008526738194,103,4.0,,1.0,0.2746268656716418,21.3931129490947,5.0273722627737225,13775.0,9.924927007299269,8.319808787876637,20.320231505355956,23.46364546402502,21.387050905299084,21.0,5.986299892955829,0.023615284717414593,0.07341158652025748,0.7242256720939039,0.07323922516440404,390.0,77.0,17.54021597470382,5463.0,0.2718978102189781,17.808743169398905,2740.0
corpora_selected_txt/SupCo/rozhodnuti-6_Tdo_1624_2008.txt,CzCDC_SupC006505,rozhodnuti-6_Tdo_1624_2008,TXT,https://lindat.mff.cuni.cz/repository/xmlui/bitstream/handle/11372/LRT-3052/SupCoCo.zip,CzCDC,http://hdl.handle.net/11372/LRT-3052,rozhodnuti-6_Tdo_1624_2008.txt,6 Tdo 1624/2008,False,,,,,individual,quasiobjective,True,authority,combined,individual,Anonymized by source,,bad,,,,203,1.3891625615763548,0.49691888904575765,1.0,-1.0,,10.0,2.9,0.10904405724718552,,,,,,,,,1.0,,,,,5.0,38,23.36842105263158,0.957001152287013,30.0,2.933333333333333,1.1357365040662235,2.0,60,3.6333333333333333,0.8059635439183438,30.0,2.9,1.00574429533603,58,3.189655172413793,1.049639025321326,,,,26,0.11896488469908251,0.5101842291166223,,12.0,1.25,0.4972652484064488,0.08682913448780322,0.5407499566651692,85,3.6470588235294117,0.7600392620759356,0.35209463378192507,0.5191388583507266,35,,,,0.22633744855967078,16.651677438567077,4.455155071248952,5315.0,7.128248113998323,7.377323807958125,15.564774473904794,48.01252221290865,18.693686857546215,15.0,5.845497547070187,0.04095466931849824,0.0615173674588666,0.6713071297989031,0.11302048768499932,138.0,38.0,15.665668625215467,2042.0,0.26655490360435874,25.944444444444443,1193.0
corpora_selected_txt/SupCo/rozhodnuti-6_Tdo_1424_2008.txt,CzCDC_SupC006869,rozhodnuti-6_Tdo_1424_2008,TXT,https://lindat.mff.cuni.cz/repository/xmlui/bitstream/handle/11372/LRT-3052/SupCoCo.zip,CzCDC,http://hdl.handle.net/11372/LRT-3052,rozhodnuti-6_Tdo_1424_2008.txt,6 Tdo 1424/2008,False,,,,,individual,quasiobjective,True,authority,combined,individual,Anonymized by source,,bad,17.0,,6.0,565,1.4743362831858406,0.49209937290757183,0.9997050147492627,0.007013788329303454,,16.0,4.0,1.0,,,,1.0,,,,1.0,,,21.0,2.238095238095238,0.7463810378683614,16.0,69,32.84057971014493,0.669569490019707,54.0,2.0185185185185186,0.7168934064352926,6.0,193,4.6217616580310885,1.4569207257170456,87.0,2.103448275862069,0.9453713517020116,152,3.013157894736842,1.2035839314272863,,1.0,1.0,65,0.1455757652604582,0.40154942803328675,10.0,51.0,1.2941176470588236,0.44508333326885985,0.07597067700236522,0.38001169115692285,232,3.7974137931034484,0.7987933476072494,0.31894014524925446,0.3941490116656176,118,8.0,,,0.2807244501940492,26.752463551806187,4.9260220635950684,15182.0,9.612005191434138,8.151745546804891,24.797406446030713,9.950204845338547,24.8621241617997,23.0,5.910947639334471,0.032134010317238476,0.09074421723097559,0.6954609453570231,0.09696503258968364,351.0,69.0,19.095785575311787,6062.0,0.2336145360155743,16.96759259259259,3082.0
corpora_selected_txt/SupCo/rozhodnuti-6_Tdo_1237_2007.txt,CzCDC_SupC007262,rozhodnuti-6_Tdo_1237_2007,TXT,https://lindat.mff.cuni.cz/repository/xmlui/bitstream/handle/11372/LRT-3052/SupCoCo.zip,CzCDC,http://hdl.handle.net/11372/LRT-3052,rozhodnuti-6_Tdo_1237_2007.txt,6 Tdo 1237/2007,False,,,,,individual,quasiobjective,True,authority,combined,individual,Anonymized by source,,bad,2.0,,3.0,743,1.493943472409152,0.5623602305922171,0.9975645709158495,0.019946531437463208,,21.0,7.571428571428571,0.6571619834960859,,,1.0,,1.0,,,,,,3.0,5.666666666666667,0.888215815914206,15.0,93,34.763440860215056,0.8570078808336045,93.0,2.6666666666666665,1.0668867243567592,6.0,197,6.253807106598985,1.6124839508328044,78.0,9.35897435897436,2.530800678739715,143,4.223776223776224,1.7809163475805214,,,,86,0.11047060870657863,0.5615195843243209,7.0,40.0,1.05,0.2102108836791926,0.07134691128015432,0.2804068593803186,270,4.025925925925926,0.9444237894653198,0.29821638504065223,0.4771641242028367,126,,,,0.17857142857142858,26.631220967161596,4.460202931228861,19781.0,7.4567756482525365,7.850411615062418,23.19659227134256,25.546253999856106,24.130514044472164,32.0,5.875579491184566,0.0301295902207162,0.07761992619926206,0.6747947416974169,0.09780378339624048,277.0,94.0,17.35616403901426,7311.0,0.14498308906426155,31.557471264367816,4435.0
corpora_selected_txt/SupAdmCo/0015_6Ads_1300014_20180208134818_20180413122113_prevedeno.txt,CzCDC_SupA014171,0015_6Ads_1300014_20180208134818_20180413122113_prevedeno,TXT,https://lindat.mff.cuni.cz/repository/xmlui/bitstream/handle/11372/LRT-3052/SupAdmCo.zip,CzCDC,http://hdl.handle.net/11372/LRT-3052,0015_6Ads_1300014_20180208134818_20180413122113_prevedeno.txt,6 Ads 15/2013-14,False,,,,,individual,quasiobjective,True,authority,combined,individual,Anonymized by source,,bad,,,,261,1.6628352490421456,0.5709230648753485,0.9988140850209817,0.013577766389116687,1.0,2.0,5.0,0.565685424949238,,,,,1.0,1.0,,,,,8.0,2.125,0.7727437937863966,7.0,37,25.027027027027028,0.7878736010664604,25.0,2.48,0.9247858823532029,2.0,64,4.390625,0.9659691334831252,26.0,2.230769230769231,0.8247076374552688,63,2.9365079365079363,1.0431330152137912,,1.0,1.0,34,0.14987414522860715,0.4632989131216582,3.0,15.0,1.2666666666666666,0.361371874908208,0.0804583816745615,0.39287765761863097,86,4.232558139534884,0.8535356613677145,0.31960939997421767,0.42746840453312757,49,1.0,,,0.24390243902439024,20.8474964614008,5.142194744976816,6654.0,10.428438948995362,7.851334169129891,19.650948019197912,25.15847449768161,19.741609045798427,14.0,5.9221955430776605,0.028099466946876005,0.07866108786610881,0.706,0.08066131470648469,218.0,38.0,16.169344447983246,2598.0,0.32534775888717155,18.49367088607595,1294.0
corpora_selected_txt/SupCo/rozhodnuti-5_Tdo_438_2017.txt,CzCDC_SupC008414,rozhodnuti-5_Tdo_438_2017,TXT,https://lindat.mff.cuni.cz/repository/xmlui/bitstream/handle/11372/LRT-3052/SupCoCo.zip,CzCDC,http://hdl.handle.net/11372/LRT-3052,rozhodnuti-5_Tdo_438_2017.txt,5 Tdo 438/2017,False,,,,,individual,quasiobjective,True,authority,combined,individual,Anonymized by source,,bad,3.0,,2.0,722,1.3781163434903048,0.5054060008930851,0.9993734335839599,0.009739772219692544,1.0,33.0,4.0606060606060606,0.6963880254733866,,,,,,,,3.0,2.0,,10.0,1.7,0.7362738570791603,13.0,99,29.626262626262626,0.9913423871804534,54.0,3.7962962962962963,1.3049696971397924,5.0,190,6.368421052631579,2.1760454959370974,111.0,3.981981981981982,1.5598764831518837,160,3.45,1.341464429552782,1.0,,,77,0.10875317885354815,0.5280740215980373,12.0,59.0,1.2542372881355932,0.4340095309324765,0.0875476093466858,0.39055254149894214,259,4.073359073359073,0.780474021815847,0.32627496286191726,0.4703450683537878,127,,,,0.2503008423586041,23.199947179707834,4.788032454361055,18884.0,8.885851926977688,8.273546011739688,21.40796821664925,24.005739463601557,22.598639539410332,26.0,5.923646471188833,0.032616966482049155,0.06372431729518857,0.7014902470741222,0.09410534977151201,334.0,99.0,17.845785984406827,7378.0,0.19954361054766734,23.92753623188406,3944.0
corpora_selected_txt/SupAdmCo/0008_5As__0600059A_prevedeno.txt,CzCDC_SupA015220,0008_5As__0600059A_prevedeno,TXT,https://lindat.mff.cuni.cz/repository/xmlui/bitstream/handle/11372/LRT-3052/SupAdmCo.zip,CzCDC,http://hdl.handle.net/11372/LRT-3052,0008_5As__0600059A_prevedeno.txt,5 As 8/2006-59,False,,,,,individual,quasiobjective,True,authority,combined,individual,Anonymized by source,,bad,11.0,2.0,1.0,554,1.4386281588447654,0.5191053050671088,0.9996991576413959,0.007083119046608369,2.0,16.0,3.125,0.9697284843363804,,,,,1.0,,1.0,,5.0,1.0,7.0,1.5714285714285714,0.3401506715249038,10.0,90,23.955555555555556,0.6819990706958945,45.0,2.7333333333333334,0.9597519418849166,2.0,161,4.043478260869565,1.068514404004149,90.0,2.533333333333333,1.0930302168443444,155,2.6451612903225805,1.167803823516716,,,,84,0.14234469815057554,0.45076608832516823,4.0,40.0,1.45,0.6237277058983485,0.09636744168284415,0.5919652342856415,226,3.7389380530973453,1.0123504164570203,0.3243399903557693,0.3829184025563701,136,7.0,,,0.35842293906810035,17.73275811051694,4.789304812834224,13434.0,8.692085561497324,7.996524610432466,16.940076648841355,38.222978609625656,18.042424242424243,25.0,5.977987349565547,0.02392045970273924,0.07703621581670361,0.7178787878787879,0.07783887459010563,332.0,90.0,15.036366114996056,5260.0,0.22745098039215686,16.849246231155778,2805.0
corpora_selected_txt/SupAdmCo/0059_5As__120_20120626011623_prevedeno.txt,CzCDC_SupA015379,0059_5As__120_20120626011623_prevedeno,TXT,https://lindat.mff.cuni.cz/repository/xmlui/bitstream/handle/11372/LRT-3052/SupAdmCo.zip,CzCDC,http://hdl.handle.net/11372/LRT-3052,0059_5As__120_20120626011623_prevedeno.txt,5 As 59/2012-30,False,,,,,individual,quasiobjective,True,authority,combined,individual,Anonymized by source,,bad,21.0,,,922,1.413232104121475,0.5335060220532266,0.9990122404710257,0.012291688821309195,,20.0,4.45,0.7663200551248527,,,,,,1.0,,,4.0,1.0,27.0,2.5555555555555554,1.1954545291189147,14.0,131,25.0381679389313,0.6952392010903256,72.0,2.3333333333333335,0.8232745420232226,3.0,228,4.2894736842105265,0.9706208654011268,134.0,2.388059701492537,1.1166921206372116,200,2.815,1.164977872990232,1.0,1.0,,125,0.13311245623857093,0.4552006159796774,13.0,54.0,1.2037037037037037,0.4076197322920544,0.09380864176944852,0.4441868291117092,318,4.320754716981132,0.8804172109682619,0.33914870462591995,0.352995845650072,186,3.0,,,0.3230605738575983,19.823909322356528,4.998869801084991,22115.0,9.734877938517181,8.467277514305437,19.23796800942229,26.49517992766728,19.887541638907397,27.0,5.953047409402935,0.025570741538782627,0.07604855491329476,0.711364161849711,0.07722471446979313,436.0,133.0,16.494587527288527,8881.0,0.20863471971066908,17.283828382838283,4424.0
corpora_selected_txt/SupAdmCo/0041_5As__1500035_20160607093855_prevedeno.txt,CzCDC_SupA015517,0041_5As__1500035_20160607093855_prevedeno,TXT,https://lindat.mff.cuni.cz/repository/xmlui/bitstream/handle/11372/LRT-3052/SupAdmCo.zip,CzCDC,http://hdl.handle.net/11372/LRT-3052,0041_5As__1500035_20160607093855_prevedeno.txt,5 As 41/2015-35,False,,,,,individual,quasiobjective,True,authority,combined,individual,Anonymized by source,,bad,7.0,,1.0,481,1.4636174636174637,0.534367042450175,0.9980571230571231,0.017434100376137577,2.0,5.0,4.0,0.30618621784789724,,,,,,,,,,,8.0,3.75,1.4727148022916348,4.0,78,23.641025641025642,0.8496315556146925,46.0,2.217391304347826,0.8863574102782577,2.0,129,3.604651162790698,1.1529491547253474,66.0,2.1818181818181817,1.148042741692197,111,3.108108108108108,1.700465449862572,,2.0,,67,0.14654070504606562,0.5736771739013656,9.0,44.0,1.3409090909090908,0.507158986547154,0.09254472558317134,0.5001419546887118,170,3.976470588235294,0.8234300094964461,0.30503714615519645,0.33886235485730104,80,4.0,,,0.28776978417266186,18.086720667537037,4.9058295964125564,12034.0,9.236322869955158,8.19503846188224,17.07363730797215,37.09687418144664,18.06232409810772,21.0,6.023083521074712,0.02134294127460351,0.0818181818181819,0.7358241291418861,0.06909622607318833,331.0,79.0,15.084646681590772,4652.0,0.260905014268243,18.459119496855347,2453.0
corpora_selected_txt/SupAdmCo/0003_5As__1600020_20160425135513_prevedeno.txt,CzCDC_SupA015644,0003_5As__1600020_20160425135513_prevedeno,TXT,https://lindat.mff.cuni.cz/repository/xmlui/bitstream/handle/11372/LRT-3052/SupAdmCo.zip,CzCDC,http://hdl.handle.net/11372/LRT-3052,0003_5As__1600020_20160425135513_prevedeno.txt,5 As 3/2016-20,False,,,,,individual,quasiobjective,True,authority,combined,individual,Anonymized by source,,bad,8.0,,,687,1.5342066957787481,0.5536471138612408,0.9990642545227698,0.012273204516371601,,9.0,3.6666666666666665,0.45226701686664544,,,,,,,,,3.0,,11.0,3.0,0.9189365834726814,8.0,107,22.46728971962617,0.6842084262861969,58.0,2.310344827586207,0.9837049202902193,2.0,169,3.911242603550296,0.8978230483308517,80.0,2.5625,1.125984401444232,157,2.859872611464968,1.1347464952463653,2.0,2.0,,96,0.13942950354010164,0.4839911264601767,5.0,46.0,1.391304347826087,0.5562929134507788,0.09727952169650245,0.6201904651587189,225,4.391111111111111,0.9709193781684669,0.3433595740106319,0.43820048348873014,133,2.0,,,0.26666666666666666,18.516025476988027,5.233774223315903,17015.0,10.73983389726238,8.141144849555864,18.02568508207778,28.326498756910382,19.534089440369797,24.0,5.908587995303529,0.02609735045925681,0.08616434010152285,0.6965196700507614,0.08029383510628343,391.0,109.0,16.731825192421937,6731.0,0.22946785604429407,19.55276381909548,3251.0
corpora_selected_txt/SupAdmCo/0020_5As__0900_0aca9b7b_dd63_4d0b_914c_4d832caeb3a9_prevedeno.txt,CzCDC_SupA015836,0020_5As__0900_0aca9b7b_dd63_4d0b_914c_4d832caeb3a9_prevedeno,TXT,https://lindat.mff.cuni.cz/repository/xmlui/bitstream/handle/11372/LRT-3052/SupAdmCo.zip,CzCDC,http://hdl.handle.net/11372/LRT-3052,0020_5As__0900_0aca9b7b_dd63_4d0b_914c_4d832caeb3a9_prevedeno.txt,5 As 20/2009-74,False,,,,,individual,quasiobjective,True,authority,combined,individual,Anonymized by source,,bad,15.0,,6.0,1008,1.4384920634920635,0.511974438690911,0.9992520156210631,0.010718768046513664,1.0,26.0,3.576923076923077,0.49491342610699524,,1.0,1.0,1.0,1.0,1.0,,2.0,1.0,,34.0,2.4705882352941178,0.740569794058731,23.0,144,23.805555555555557,0.6419356486317904,63.0,2.634920634920635,0.8328826724370146,2.0,267,3.696629213483146,0.788933821607656,160.0,2.125,1.10929174310139,267,2.337078651685393,1.130757064544663,,1.0,,134,0.15420090229563477,0.4604855477624788,16.0,88.0,1.4659090909090908,0.5846231938812139,0.09952637894227365,0.7124309005989542,371,3.6684636118598384,0.9344815433129148,0.32023756508205126,0.34898350367174236,181,7.0,,,0.3277777777777778,19.362026708502334,5.1115169746454665,23789.0,10.226923076923077,8.356216501291282,18.543085511947297,28.635830583207238,18.809988756173805,31.0,5.907951314545018,0.030906182917490334,0.08641273326015364,0.693980241492865,0.09859004281562217,388.0,146.0,15.682549111261856,9356.0,0.18586162440911044,15.478753541076488,4654.0
corpora_selected_txt/SupAdmCo/0019_5As__100_20110316023602_prevedeno.txt,CzCDC_SupA015872,0019_5As__100_20110316023602_prevedeno,TXT,https://lindat.mff.cuni.cz/repository/xmlui/bitstream/handle/11372/LRT-3052/SupAdmCo.zip,CzCDC,http://hdl.handle.net/11372/LRT-3052,0019_5As__100_20110316023602_prevedeno.txt,5 As 19/2010 - 42,False,,,,,individual,quasiobjective,True,authority,combined,individual,Anonymized by source,,bad,1.0,,4.0,618,1.4466019417475728,0.4889937653425889,0.999730312837109,0.006706125111764798,,6.0,6.0,0.8881941729649485,,,,,2.0,,,,1.0,,15.0,2.6666666666666665,0.7039429765866795,9.0,103,20.563106796116504,0.785821665070375,62.0,2.596774193548387,0.6883802133725346,3.0,162,3.6790123456790123,0.9758816775242556,98.0,2.183673469387755,0.9716614814363761,169,2.78698224852071,1.1170755602067066,,3.0,3.0,98,0.14923974675529092,0.46396706243563074,7.0,39.0,1.2820512820512822,0.4364449684969639,0.08378725545312828,0.49933772534039045,225,3.7111111111111112,1.1469380103153812,0.32839195412721234,0.37327402008771704,149,1.0,,,0.3248811410459588,16.035388537807805,5.01699716713881,14168.0,9.626628895184139,8.239884524291975,15.992999999999995,37.173769230769224,16.994682937459142,23.0,5.905071133385858,0.03428432142304186,0.09967339449541279,0.6937394495412844,0.10502656099316277,373.0,104.0,14.785708603475342,5648.0,0.25106232294617564,16.495098039215687,2824.0
corpora_selected_txt/SupAdmCo/0004_5Aps_11_20111003095507_prevedeno.txt,CzCDC_SupA016211,0004_5Aps_11_20111003095507_prevedeno,TXT,https://lindat.mff.cuni.cz/repository/xmlui/bitstream/handle/11372/LRT-3052/SupAdmCo.zip,CzCDC,http://hdl.handle.net/11372/LRT-3052,0004_5Aps_11_20111003095507_prevedeno.txt,5 Aps 4/2011-326,False,,,,,individual,quasiobjective,True,authority,combined,individual,Anonymized by source,,bad,40.0,,2.0,2294,1.4629468177855274,0.5376024187005523,0.9992639528929852,0.010696925767712582,2.0,37.0,4.864864864864865,0.9014315698773079,,1.0,1.0,,9.0,1.0,,4.0,1.0,1.0,106.0,2.009433962264151,0.9354337722177636,30.0,339,23.339233038348084,0.7662737745895737,212.0,2.419811320754717,0.7737248071834716,8.0,679,3.312223858615611,1.03225563065802,327.0,2.3425076452599387,3.2851278430293234,562,2.512455516014235,1.2252636125258336,2.0,1.0,1.0,311,0.15080148524020434,0.44097276932697843,42.0,141.0,1.3617021276595744,0.46674795675388736,0.0877221595167798,0.5153743181742019,829,3.767189384800965,0.8524073212773103,0.33064049044800425,0.42211052384276104,560,25.0,,2.0,0.3348124243646632,19.909484950555694,5.328991754122939,56871.0,11.237771739130432,8.783509406467921,19.603736957295688,20.674984784156578,20.23850729502506,44.6,5.97099774905951,0.03811395066444781,0.08460134304360167,0.7221299536555377,0.10057899556889573,677.0,339.0,17.143037310336915,22934.0,0.14449025487256373,15.237635705669481,10672.0
corpora_selected_txt/SupAdmCo/0007_5Ans_130_20131205101157_prevedeno.txt,CzCDC_SupA016272,0007_5Ans_130_20131205101157_prevedeno,TXT,https://lindat.mff.cuni.cz/repository/xmlui/bitstream/handle/11372/LRT-3052/SupAdmCo.zip,CzCDC,http://hdl.handle.net/11372/LRT-3052,0007_5Ans_130_20131205101157_prevedeno.txt,5 Ans 7/2013-21,False,,,,,individual,quasiobjective,True,authority,combined,individual,Anonymized by source,,bad,11.0,,2.0,1347,1.4313288789903489,0.5367315019722189,0.99896033192247,0.012846178565552157,,9.0,2.6666666666666665,0.2651650429449553,,,,1.0,4.0,1.0,,,1.0,,28.0,2.8214285714285716,1.2907898739521406,20.0,179,23.480446927374302,0.649104280317667,105.0,2.3714285714285714,0.7096210096158423,7.0,345,4.176811594202898,1.0615008934889463,194.0,2.38659793814433,1.5026001365221442,336,2.6666666666666665,1.2769848466240559,1.0,2.0,,173,0.15052694224197125,0.4349960251493445,30.0,91.0,1.3186813186813187,0.5287724545038018,0.08249549944611176,0.5151733932190687,461,3.6767895878524945,0.942225714181938,0.3092510565668461,0.39079881924075066,279,7.0,,1.0,0.30267921795800146,20.583331697846504,5.284011578409672,31033.0,11.063170441001192,8.388099860921931,20.125422307558395,19.60661213278837,20.111933124505953,34.5,5.95935288732912,0.02428616043689702,0.09489781780394879,0.7128108763422237,0.07591783032932978,428.0,179.0,16.806139484123722,12512.0,0.16686531585220502,16.27817745803357,5873.0
corpora_selected_txt/SupAdmCo/0128_5Afs_130_20140214135346_prevedeno.txt,CzCDC_SupA017242,0128_5Afs_130_20140214135346_prevedeno,TXT,https://lindat.mff.cuni.cz/repository/xmlui/bitstream/handle/11372/LRT-3052/SupAdmCo.zip,CzCDC,http://hdl.handle.net/11372/LRT-3052,0128_5Afs_130_20140214135346_prevedeno.txt,5 Afs 128/2013-32,False,,,,,individual,quasiobjective,True,authority,combined,individual,Anonymized by source,,bad,,,,75,1.4666666666666666,0.5177225431377268,0.9977777777777778,0.019287870908339392,,,,,,,,,,,,,,,,,,4.0,17,24.0,1.0290907529357056,8.0,3.375,0.547203533284567,,14,6.5,0.914655868239753,11.0,4.181818181818182,1.377101418770724,20,2.7,0.9392799205701887,,,,13,0.09405423718889802,0.6057738634325398,,8.0,1.0,-1.0,0.07857784576534577,0.23150817883976801,22,6.681818181818182,0.9480929894387596,0.365714191068024,0.32974808927020716,20,,,,0.19230769230769232,15.220898705428112,4.223938223938224,2188.0,6.013899613899616,7.164798763361954,13.15120588235294,62.71817647058826,15.97201907790143,9.0,5.762072243693415,0.03243349156768162,0.07515513126491646,0.6501909307875895,0.07072831831345992,116.0,17.0,12.827911418992354,777.0,0.40733590733590735,40.92857142857143,518.0
corpora_selected_txt/SupAdmCo/0011_5Afs_0600077A_prevedeno.txt,CzCDC_SupA017315,0011_5Afs_0600077A_prevedeno,TXT,https://lindat.mff.cuni.cz/repository/xmlui/bitstream/handle/11372/LRT-3052/SupAdmCo.zip,CzCDC,http://hdl.handle.net/11372/LRT-3052,0011_5Afs_0600077A_prevedeno.txt,5 Afs 11/2006 - 77,False,,,,,individual,quasiobjective,True,authority,combined,individual,Anonymized by source,,bad,9.0,,4.0,682,1.6143695014662756,0.5262840881809892,0.9993628683144812,0.00966510662083505,2.0,7.0,6.285714285714286,0.7038119348728192,,,,,,1.0,2.0,,2.0,,17.0,1.0588235294117647,0.2290614236454256,18.0,105,21.83809523809524,0.6710189606912559,72.0,1.9861111111111112,0.7293570356912724,7.0,195,3.5846153846153848,0.937589695979403,96.0,2.1458333333333335,1.2000466327862565,187,2.320855614973262,1.1594143771264758,2.0,3.0,,99,0.16153617216442012,0.48578911765670685,1.0,49.0,1.3673469387755102,0.6279530370238743,0.0833703293046298,0.5606777434963129,247,3.5668016194331984,0.9663661983924916,0.3128589535955861,0.3864588167400904,122,4.0,,,0.2977941176470588,18.374236959648726,5.17329093799682,16270.0,10.459618441971385,8.270651602959447,18.272966871072754,26.87963653569537,18.27665985313044,22.0,5.915378613763019,0.030136674514924217,0.0956664478003939,0.7059487852921865,0.08252158352603213,394.0,105.0,15.532846611407376,6574.0,0.246422893481717,14.801652892561984,3145.0
corpora_selected_txt/SupAdmCo/0109_5Afs_1500035_20160608083135_prevedeno.txt,CzCDC_SupA017317,0109_5Afs_1500035_20160608083135_prevedeno,TXT,https://lindat.mff.cuni.cz/repository/xmlui/bitstream/handle/11372/LRT-3052/SupAdmCo.zip,CzCDC,http://hdl.handle.net/11372/LRT-3052,0109_5Afs_1500035_20160608083135_prevedeno.txt,5 Afs 109/2015-35,False,,,,,individual,quasiobjective,True,authority,combined,individual,Anonymized by source,,bad,9.0,,2.0,942,1.424628450106157,0.45197937032079805,1.0,-1.0,1.0,11.0,7.363636363636363,0.9195997883680984,,,,1.0,1.0,1.0,1.0,,3.0,,22.0,1.4545454545454546,0.46129992309518,16.0,146,21.472602739726028,0.6775362187510626,92.0,2.0,0.7262730392025629,11.0,266,3.4511278195488724,0.8454200414810169,145.0,1.703448275862069,0.9664075171541113,271,2.5461254612546127,1.1920414388012421,2.0,2.0,,134,0.17590055336996238,0.42268469504406786,17.0,97.0,1.5360824742268042,0.671449174185065,0.10409410170404282,0.7217770011318754,392,2.9158163265306123,1.0143284391068752,0.29977314080525685,0.3880203671214004,144,10.0,,,0.3275696445725264,17.898639409235614,5.242374472078836,22343.0,10.746011262318161,8.457512512532682,17.52903382500285,29.78649142009209,18.032292921734502,26.0,5.953740251192374,0.026309825850332143,0.10288013451837619,0.7140932020177756,0.07990680598448116,425.0,148.0,15.499786848680152,8842.0,0.21281088690755515,15.105882352941176,4262.0
corpora_selected_txt/SupCo/rozhodnuti-4_Tz_51_2009.txt,CzCDC_SupC009353,rozhodnuti-4_Tz_51_2009,TXT,https://lindat.mff.cuni.cz/repository/xmlui/bitstream/handle/11372/LRT-3052/SupCoCo.zip,CzCDC,http://hdl.handle.net/11372/LRT-3052,rozhodnuti-4_Tz_51_2009.txt,4 Tz 51/2009,False,,,,,individual,quasiobjective,True,authority,combined,individual,Anonymized by source,,bad,12.0,,1.0,445,1.5056179775280898,0.5974253161213674,0.9997191011235955,0.005927233242407708,,9.0,6.111111111111111,0.6092265791915094,,,,,,,,3.0,,1.0,13.0,2.6153846153846154,0.8041307714407244,10.0,66,27.939393939393938,0.8520422755303629,45.0,3.422222222222222,1.0359034850302993,2.0,115,4.773913043478261,0.9969225674170544,83.0,2.963855421686747,1.041193445030902,104,3.4134615384615383,1.3823223932442308,2.0,,,59,0.1224607234744688,0.5396092276673392,2.0,30.0,1.3666666666666667,0.7312866747175829,0.08774995558277292,0.5556541622724559,152,4.282894736842105,0.8779228170936336,0.3097574551162397,0.3243466098649153,106,4.0,,,0.2724014336917563,21.51019126078934,4.802615447486718,11752.0,8.900899060073558,8.17290606037009,19.790095206251316,29.859241384007632,21.35257520030712,19.0,6.000230578563365,0.03030311521136796,0.06782793867120962,0.7307027257240204,0.09108506083443649,300.0,66.0,17.17531836846293,4529.0,0.26031875766244383,18.973509933774835,2447.0
corpora_selected_txt/SupCo/rozhodnuti-4_Tdo_268_2015.txt,CzCDC_SupC010423,rozhodnuti-4_Tdo_268_2015,TXT,https://lindat.mff.cuni.cz/repository/xmlui/bitstream/handle/11372/LRT-3052/SupCoCo.zip,CzCDC,http://hdl.handle.net/11372/LRT-3052,rozhodnuti-4_Tdo_268_2015.txt,4 Tdo 268/2015,False,,,,,individual,quasiobjective,True,authority,combined,individual,Anonymized by source,,bad,32.0,,4.0,719,1.454798331015299,0.5467606414712903,0.9993045897079277,0.01075824273048703,1.0,16.0,8.0,0.8990735972840785,,,,1.0,,4.0,,2.0,1.0,,23.0,2.0,0.8528028654224418,14.0,108,26.833333333333332,0.6548973313160801,68.0,2.7058823529411766,1.6821581576916727,5.0,223,4.170403587443946,1.137231882981164,113.0,2.2212389380530975,1.7150826748283705,179,3.0670391061452515,1.378803393328736,1.0,2.0,,99,0.141727857504038,0.4829885919228233,25.0,72.0,1.3611111111111112,0.5417930081108498,0.09055141372145119,0.5279108427265584,286,3.6853146853146854,0.8397668516411144,0.3002077570620383,0.3523114196812337,188,11.0,,,0.26586102719033233,21.827588650672112,5.026544155181215,19694.0,9.936396120469626,8.279942333312649,20.80271345924791,21.474185979241113,21.749498043219333,25.0,6.002164674240094,0.02991449735908116,0.07833726106310557,0.7298821681068343,0.08799188781232674,313.0,108.0,17.766238277151185,7864.0,0.19346605410923942,17.61596958174905,3918.0
corpora_selected_txt/SupCo/rozhodnuti-4_Tdo_128_2014.txt,CzCDC_SupC010946,rozhodnuti-4_Tdo_128_2014,TXT,https://lindat.mff.cuni.cz/repository/xmlui/bitstream/handle/11372/LRT-3052/SupCoCo.zip,CzCDC,http://hdl.handle.net/11372/LRT-3052,rozhodnuti-4_Tdo_128_2014.txt,4 Tdo 128/2014,False,,,,,individual,quasiobjective,True,authority,combined,individual,Anonymized by source,,bad,14.0,,3.0,858,1.486013986013986,0.6296706853433764,0.9977429977429977,0.018406065500703117,1.0,26.0,6.0,0.6847546194724714,,,,,,3.0,,3.0,,,26.0,3.730769230769231,2.5093672950546844,14.0,115,26.46086956521739,1.0773532947672357,95.0,20.36842105263158,1.6060080038471285,5.0,224,4.861607142857143,2.3739181630029957,108.0,2.5,1.146469591120709,192,2.8125,1.1714307560241308,1.0,,2.0,102,0.13875419022480048,0.40649369627631077,9.0,63.0,1.3968253968253967,0.4902916449360607,0.08951706086626188,0.7266666457764962,297,3.7003367003367003,1.0968808238519596,0.30763229675444825,0.41538525573714724,169,8.0,,,0.25946969696969696,22.31019321495465,5.307158781273222,21425.0,11.236016844191232,8.734564371414516,21.846126861617748,12.753325819502948,21.833973464749313,26.0,6.008406270663337,0.030769522033792164,0.08124174707973586,0.7353453529710513,0.08643013694538765,559.0,114.0,18.014585035323574,8763.0,0.26405746841714145,16.641025641025642,4037.0
corpora_selected_txt/SupAdmCo/0040_4As__0800050A_prevedeno.txt,CzCDC_SupA018688,0040_4As__0800050A_prevedeno,TXT,https://lindat.mff.cuni.cz/repository/xmlui/bitstream/handle/11372/LRT-3052/SupAdmCo.zip,CzCDC,http://hdl.handle.net/11372/LRT-3052,0040_4As__0800050A_prevedeno.txt,4 As 40/2008-50,False,,,,,individual,quasiobjective,True,authority,combined,individual,Anonymized by source,,bad,11.0,,8.0,1087,1.4737810487580496,0.5180300122579568,0.9988336180838481,0.013627889828079569,,15.0,4.133333333333334,0.3642448319560069,,1.0,,2.0,1.0,2.0,3.0,1.0,1.0,1.0,28.0,1.7857142857142858,0.6705663720015038,14.0,142,23.887323943661972,0.6232712844016144,67.0,2.5223880597014925,0.8684631964805183,2.0,250,4.216,1.1579392904623018,136.0,2.073529411764706,0.8619754058337752,261,2.532567049808429,1.0904626478043864,2.0,1.0,,137,0.14375102809074322,0.4576497024058823,9.0,88.0,1.3636363636363635,0.4741060014791732,0.09449232193128196,0.5597760379838341,349,4.157593123209169,0.8815119170253877,0.3400854394983542,0.3605644560808878,226,,,,0.3114754098360656,20.37350634536385,5.288628472222222,24370.0,11.07521701388889,8.354937807709303,19.873135294405316,20.652873924100163,20.0202122456964,29.0,5.989919049867276,0.028410875470246868,0.08927478376580167,0.7231049013084941,0.08932254581490727,426.0,142.0,16.78156873666568,9784.0,0.19249131944444445,16.658385093167702,4608.0
corpora_selected_txt/SupAdmCo/0017_4As__1300001_prevedeno.txt,CzCDC_SupA018761,0017_4As__1300001_prevedeno,TXT,https://lindat.mff.cuni.cz/repository/xmlui/bitstream/handle/11372/LRT-3052/SupAdmCo.zip,CzCDC,http://hdl.handle.net/11372/LRT-3052,0017_4As__1300001_prevedeno.txt,4 As 31/2010-73,False,,,,,individual,quasiobjective,True,authority,combined,individual,Anonymized by source,,bad,4.0,,2.0,379,1.4116094986807388,0.46346176752937585,0.9995602462620932,0.008564858043964708,2.0,5.0,5.0,0.6324555320336759,,,,,,1.0,,,1.0,1.0,3.0,3.3333333333333335,0.9643650760992953,5.0,67,19.597014925373134,0.806584754474907,46.0,2.739130434782609,1.2008460759464363,1.0,88,4.170454545454546,1.149794142750967,44.0,2.2045454545454546,1.1681277070874148,112,2.982142857142857,1.450173635703995,1.0,1.0,,61,0.1374039873524057,0.46440083423330636,3.0,23.0,1.2173913043478262,0.42585720602778154,0.09213941784274265,0.6289919590839868,133,4.0,0.9687347261748024,0.3391016445146177,0.3707356969260672,66,,,,0.2611111111111111,13.880355088269376,4.734067207415991,8171.0,8.223348783314018,7.685085434409667,13.373276020721146,51.69988896462411,14.97333515097812,19.0,5.892335532820189,0.029996490629768623,0.08776275353411178,0.6869698832206516,0.09466737364026784,224.0,68.0,13.120403394923596,3131.0,0.25550405561993045,22.333333333333332,1726.0
corpora_selected_txt/SupAdmCo/0156_4Ads_1400029_20140918075555_prevedeno.txt,CzCDC_SupA020303,0156_4Ads_1400029_20140918075555_prevedeno,TXT,https://lindat.mff.cuni.cz/repository/xmlui/bitstream/handle/11372/LRT-3052/SupAdmCo.zip,CzCDC,http://hdl.handle.net/11372/LRT-3052,0156_4Ads_1400029_20140918075555_prevedeno.txt,4 Ads 156/2014-29,False,,,,,individual,quasiobjective,True,authority,combined,individual,Anonymized by source,,bad,2.0,,5.0,537,1.4338919925512104,0.491205159214985,0.999733971801011,0.006166381174165233,1.0,6.0,2.6666666666666665,0.45414755311462374,,,,,,,,,,1.0,12.0,2.75,0.9447549859466604,5.0,88,20.5,0.6206980123626061,48.0,1.6666666666666667,0.8424887144897273,4.0,130,4.376923076923077,0.9669234856261084,78.0,2.282051282051282,1.098398340468558,153,3.176470588235294,1.2494439597873912,1.0,,,82,0.1538129565236178,0.44338885783727167,13.0,50.0,1.5,0.5429406786186372,0.11299718496158125,0.504674817404635,186,4.010752688172043,0.7729501830958615,0.33630611301983204,0.3373319618355987,113,2.0,,,0.32633587786259544,16.185929502337828,5.19118252987227,12599.0,10.414421096003293,8.138455576474083,15.794032514645025,37.083427258558615,17.111712437971374,20.0,6.0078497557330675,0.02689719313183249,0.08308419243986254,0.73106529209622,0.08291977402000833,295.0,92.0,15.011182354829753,4908.0,0.2517511330861145,16.9,2427.0
corpora_selected_txt/SupCo/rozhodnuti-33_Cdo_1232_2010.txt,CzCDC_SupC014518,rozhodnuti-33_Cdo_1232_2010,TXT,https://lindat.mff.cuni.cz/repository/xmlui/bitstream/handle/11372/LRT-3052/SupCoCo.zip,CzCDC,http://hdl.handle.net/11372/LRT-3052,rozhodnuti-33_Cdo_1232_2010.txt,33 Cdo 1232/2010,False,,,,,individual,quasiobjective,True,authority,combined,individual,Anonymized by source,,bad,,,,172,1.447674418604651,0.5553532299558204,0.9990310077519381,0.012720540299324925,,10.0,10.3,0.7437031214832491,,,,,,,,1.0,1.0,,6.0,1.5,0.36514837167011077,7.0,26,30.846153846153847,0.7723983912982545,10.0,2.4,1.0613873985857112,1.0,44,4.318181818181818,1.0697410011044965,25.0,1.84,0.7134553865041744,45,1.9777777777777779,0.865672484990673,,,,22,0.1236614887115966,0.6369932647953124,,8.0,1.0,-1.0,0.07267316017316017,0.4527450878857274,59,5.0508474576271185,0.9498118204981312,0.32401849405322825,0.3532412641099845,22,1.0,,,0.25,22.62555270111568,4.550572519083969,4769.0,7.778148854961833,7.9337166253932345,20.436458969465647,31.496855255431598,22.00093951849677,11.0,5.948219845463682,0.04337307951485454,0.05987355110642778,0.7114225500526871,0.12128708421977738,238.0,26.0,17.03242331605538,1821.0,0.3950381679389313,25.693877551020407,1048.0
corpora_selected_txt/SupCo/rozhodnuti-32_Cdo_626_2010.txt,CzCDC_SupC015261,rozhodnuti-32_Cdo_626_2010,TXT,https://lindat.mff.cuni.cz/repository/xmlui/bitstream/handle/11372/LRT-3052/SupCoCo.zip,CzCDC,http://hdl.handle.net/11372/LRT-3052,rozhodnuti-32_Cdo_626_2010.txt,32 Cdo 626/2010,False,,,,,individual,quasiobjective,True,authority,combined,individual,Anonymized by source,,bad,4.0,,2.0,700,1.4442857142857144,0.5137373542070623,0.9990816326530613,0.012158987335169513,,8.0,9.0,0.9465429533889252,,,,,,,2.0,2.0,3.0,1.0,18.0,1.8333333333333333,0.5690100914749154,25.0,86,24.8953488372093,0.7512758252620666,38.0,1.9210526315789473,0.644752669146701,1.0,167,3.341317365269461,0.9048966999744968,124.0,2.3870967741935485,1.1073374385410946,168,2.9345238095238093,1.2335465665086076,,1.0,,78,0.14791435955739876,0.38562302707188023,22.0,49.0,1.510204081632653,0.470602166199077,0.10434398674905404,0.46888003451682436,238,3.76890756302521,0.7788772834505807,0.3378328196443462,0.36241886469536466,131,1.0,,,0.3368580060422961,20.026331937021524,4.979296066252588,14430.0,9.653968253968253,8.331811250993557,19.465123340876616,25.760452485274556,20.228552169098176,21.0,5.936247546989111,0.029302190592223904,0.07880314397999288,0.7065273311897106,0.08738086127526096,338.0,86.0,16.75139056909436,5818.0,0.24706694271911664,15.31981981981982,2898.0
corpora_selected_txt/SupCo/rozhodnuti-32_Cdo_3525_2016.txt,CzCDC_SupC016118,rozhodnuti-32_Cdo_3525_2016,TXT,https://lindat.mff.cuni.cz/repository/xmlui/bitstream/handle/11372/LRT-3052/SupCoCo.zip,CzCDC,http://hdl.handle.net/11372/LRT-3052,rozhodnuti-32_Cdo_3525_2016.txt,32 Cdo 3525/2016,False,,,,,individual,quasiobjective,True,authority,combined,individual,Anonymized by source,,bad,,,,203,1.5320197044334976,0.5782717214014859,0.9992962702322309,0.010033666794911978,,8.0,5.5,0.5323091306991999,,,,,,,1.0,,1.0,,2.0,2.5,0.282842712474619,13.0,28,36.57142857142857,0.8544220167947247,18.0,2.2222222222222223,0.5888673075340088,1.0,61,3.7540983606557377,1.0483332908650345,29.0,3.6206896551724137,1.2160757780763383,54,3.5185185185185186,1.186359519816721,,3.0,1.0,23,0.1336090384316425,0.5761684033619304,2.0,17.0,1.3529411764705883,0.6369602314775483,0.10378745604342034,0.5775109526178013,97,4.010309278350515,0.8250604026916396,0.358662057436443,0.5067555401459275,41,,,,0.2744360902255639,29.9011066774804,4.739416058394161,6493.0,8.811605839416059,7.898789798802053,26.671576426061094,8.53855447418222,27.507975128413086,14.0,5.962470011153397,0.029154931631099175,0.04925255704169951,0.7185208497246263,0.0866124582422697,227.0,27.0,20.40781854173348,2502.0,0.32116788321167883,22.90277777777778,1370.0
corpora_selected_txt/SupCo/rozhodnuti-32_Cdo_1917_2011.txt,CzCDC_SupC016878,rozhodnuti-32_Cdo_1917_2011,TXT,https://lindat.mff.cuni.cz/repository/xmlui/bitstream/handle/11372/LRT-3052/SupCoCo.zip,CzCDC,http://hdl.handle.net/11372/LRT-3052,rozhodnuti-32_Cdo_1917_2011.txt,32 Cdo 1917/2011,False,,,,,individual,quasiobjective,True,authority,combined,individual,Anonymized by source,,bad,6.0,,1.0,626,1.4488817891373802,0.4991266137568256,0.9995055530199299,0.008770900307268783,,19.0,3.789473684210526,0.5463551443507907,,,1.0,1.0,1.0,,4.0,,1.0,,8.0,1.75,0.6656941400122486,8.0,63,33.111111111111114,0.7546849162591686,34.0,2.6470588235294117,1.2815534905129853,4.0,160,4.825,1.5680180702551048,112.0,2.8214285714285716,2.15629075584918,138,3.181159420289855,1.9274261916804518,,,1.0,57,0.1407043412876906,0.474331423807361,,52.0,1.3461538461538463,0.4625035825002118,0.09472575002103902,0.4539407552397686,224,3.8080357142857144,0.8098243598265413,0.32757022201624275,0.3250689187789847,152,3.0,,,0.28936170212765955,28.833242606976256,5.242257398485891,15234.0,11.118582243633858,8.309261444128214,26.823873796960854,-1.1182300549492368,25.938749603993926,22.0,5.946065216023877,0.025924964206716163,0.08569647310295692,0.7126932668329177,0.07756331565359724,338.0,63.0,19.91613944515927,6119.0,0.24982794218857537,16.60591133004926,2906.0
corpora_selected_txt/SupCo/rozhodnuti-32_Cdo_111_2014.txt,CzCDC_SupC017244,rozhodnuti-32_Cdo_111_2014,TXT,https://lindat.mff.cuni.cz/repository/xmlui/bitstream/handle/11372/LRT-3052/SupCoCo.zip,CzCDC,http://hdl.handle.net/11372/LRT-3052,rozhodnuti-32_Cdo_111_2014.txt,32 Cdo 111/2014,False,,,,,individual,quasiobjective,True,authority,combined,individual,Anonymized by source,,bad,,1.0,,387,1.4521963824289406,0.5495787233760322,0.9982773471145564,0.01690743713039351,,3.0,51.0,1.6471755327464603,,,,,,,,,,,12.0,1.3333333333333333,0.36927447293799825,15.0,54,27.87037037037037,0.7470308009118155,37.0,2.2162162162162162,0.6393173060022561,1.0,110,3.4909090909090907,0.8989745505728884,43.0,2.0697674418604652,1.0926008601285684,106,2.4150943396226414,1.0347506645912452,1.0,3.0,,49,0.14246028944047065,0.42019934016049554,1.0,30.0,1.2666666666666666,0.41118194191751667,0.10272983738541014,0.4485019702019763,156,3.7756410256410255,0.775586129112893,0.3468735482260331,0.41701591129890453,113,1.0,,,0.2995169082125604,22.314337995081303,4.9712586719524285,10032.0,9.699603567888998,8.114918316858079,20.984263058400323,22.27944143449693,22.10374775171604,17.0,5.952552746114019,0.03222328452608375,0.06742053152683691,0.7105158936946326,0.09566817982472324,242.0,54.0,17.89981970337111,3965.0,0.26610505450941524,19.016260162601625,2018.0
corpora_selected_txt/SupCo/rozhodnuti-32_Cdo_1024_2013.txt,CzCDC_SupC017281,rozhodnuti-32_Cdo_1024_2013,TXT,https://lindat.mff.cuni.cz/repository/xmlui/bitstream/handle/11372/LRT-3052/SupCoCo.zip,CzCDC,http://hdl.handle.net/11372/LRT-3052,rozhodnuti-32_Cdo_1024_2013.txt,32 Cdo 1024/2013,False,,,,,individual,quasiobjective,True,authority,combined,individual,Anonymized by source,,bad,2.0,,,541,1.4066543438077634,0.5808848812480559,0.9989437549511487,0.01226259965671343,,8.0,3.5,0.7935600855193298,,,,2.0,1.0,,,,2.0,,17.0,3.2941176470588234,0.8435019476647848,27.0,82,25.902439024390244,0.8657048975524091,34.0,1.7941176470588236,0.6691256272773294,3.0,164,4.530487804878049,1.1322218642349025,81.0,4.333333333333333,2.1103085951736795,139,3.0,1.3643730016387179,,1.0,,75,0.14328317616736677,0.49977952866525466,2.0,44.0,1.0909090909090908,0.26656974983022325,0.08571705739767942,0.4177679511844775,213,3.784037558685446,0.6688627743309196,0.32979931245444866,0.4281921763707527,140,,,,0.3191126279863481,20.768787355831208,4.984949247462374,14242.0,9.708400420021006,8.110448919129732,19.280891392130584,29.15170075211077,20.08289268121943,23.0,5.938076580214503,0.026102148354789575,0.07821247280638144,0.7053553299492386,0.07763135617061914,295.0,82.0,16.34723763587653,5492.0,0.21736086804340218,18.193548387096776,2857.0
corpora_selected_txt/SupCo/rozhodnuti-30_Nd_15_2018.txt,CzCDC_SupC017625,rozhodnuti-30_Nd_15_2018,TXT,https://lindat.mff.cuni.cz/repository/xmlui/bitstream/handle/11372/LRT-3052/SupCoCo.zip,CzCDC,http://hdl.handle.net/11372/LRT-3052,rozhodnuti-30_Nd_15_2018.txt,30 Nd 15/2018,False,,,,,individual,quasiobjective,True,authority,combined,individual,Anonymized by source,,bad,4.0,,1.0,153,1.4444444444444444,0.5139747469339618,0.9989106753812637,0.013488895176502702,,6.0,2.3333333333333335,0.2213133340689952,,,,,,,,,,,,,,8.0,23,29.304347826086957,0.7258959712775309,11.0,2.090909090909091,0.7238836656788665,1.0,45,5.622222222222222,1.1939352410686215,25.0,2.72,0.9222984177562145,40,2.775,1.1262970533251146,,,,19,0.14945471951986491,0.5375094681958368,2.0,12.0,1.1666666666666667,0.33364240464065265,0.07860676725808305,0.3208458388955194,60,3.7,0.995588939109615,0.3246926745035996,0.4117933817681577,32,1.0,,,0.24623115577889448,22.65875165642985,4.769744160177975,4288.0,8.786095661846494,7.579294264130965,20.90801605648788,26.00565763892247,22.353358804468737,11.0,5.921975199977666,0.04054945254282074,0.06241249999999998,0.6993375000000001,0.12372397995682034,150.0,23.0,17.76668706950675,1671.0,0.3381535038932147,20.979166666666668,899.0
corpora_selected_txt/SupCo/rozhodnuti-30_Cdo_4890_2016.txt,CzCDC_SupC018829,rozhodnuti-30_Cdo_4890_2016,TXT,https://lindat.mff.cuni.cz/repository/xmlui/bitstream/handle/11372/LRT-3052/SupCoCo.zip,CzCDC,http://hdl.handle.net/11372/LRT-3052,rozhodnuti-30_Cdo_4890_2016.txt,30 Cdo 4890/2016,False,,,,,individual,quasiobjective,True,authority,combined,individual,Anonymized by source,,bad,3.0,,,225,1.3777777777777778,0.4468093366537292,1.0,-1.0,,1.0,2.0,,,,,,1.0,1.0,,,,,1.0,4.0,,14.0,33,24.939393939393938,0.66235827236816,18.0,2.2777777777777777,0.5173952057462543,2.0,62,3.7096774193548385,1.1880007886145532,31.0,2.225806451612903,0.9259119231595386,49,2.836734693877551,1.3866459354485117,,1.0,,27,0.13184189090130435,0.428249180096426,2.0,19.0,1.3157894736842106,0.509989106637474,0.09410076914557931,0.5381167975823582,80,3.6,0.9618443501089647,0.32972992075228047,0.4593074147805782,47,1.0,,,0.28169014084507044,18.816635803506415,4.805914972273568,5200.0,8.815526802218118,7.773624281862122,17.876031535316194,34.87965557609364,19.584652439365936,11.0,5.984195581808081,0.026574373149441773,0.06048830111902348,0.7217293997965412,0.07903563776456986,180.0,33.0,16.28458883028055,2040.0,0.33548983364140483,20.796610169491526,1082.0
corpora_selected_txt/SupCo/rozhodnuti-30_Cdo_4051_2011.txt,CzCDC_SupC019625,rozhodnuti-30_Cdo_4051_2011,TXT,https://lindat.mff.cuni.cz/repository/xmlui/bitstream/handle/11372/LRT-3052/SupCoCo.zip,CzCDC,http://hdl.handle.net/11372/LRT-3052,rozhodnuti-30_Cdo_4051_2011.txt,30 Cdo 4051/2011,False,,,,,individual,quasiobjective,True,authority,combined,individual,Anonymized by source,,bad,13.0,,1.0,809,1.4338689740420272,0.6277836478198497,0.9982669267279897,0.01647636396419904,1.0,10.0,2.9,0.6389398671120596,,1.0,,,,,,2.0,4.0,,13.0,1.8461538461538463,0.8228507357554792,13.0,119,24.89075630252101,0.8320102717401425,78.0,2.58974358974359,1.5785760585725266,3.0,223,4.430493273542601,2.255491924193906,116.0,1.9741379310344827,0.8435602520858949,208,2.701923076923077,1.0716588673037963,,1.0,,109,0.13074623539853558,0.46228635567153165,6.0,65.0,1.6,0.6327642728536431,0.11991606175042707,0.6319357614419844,301,4.04983388704319,0.7216275824319383,0.34047680956926013,0.41952933408851373,207,5.0,,,0.2746478873239437,19.894978457999173,5.037515842839037,19873.0,9.91361216730038,8.534312643946205,19.382520100968136,25.301970763971,21.321340703581814,24.0,5.979179066332215,0.02538185277150079,0.07466458658346342,0.7222828913156526,0.07927806969150049,464.0,119.0,17.894833283916675,8007.0,0.23624841571609634,20.240343347639485,3945.0
corpora_selected_txt/SupCo/rozhodnuti-30_Cdo_3550_2010.txt,CzCDC_SupC020186,rozhodnuti-30_Cdo_3550_2010,TXT,https://lindat.mff.cuni.cz/repository/xmlui/bitstream/handle/11372/LRT-3052/SupCoCo.zip,CzCDC,http://hdl.handle.net/11372/LRT-3052,rozhodnuti-30_Cdo_3550_2010.txt,30 Cdo 3550/2010,False,,,,,individual,quasiobjective,True,authority,combined,individual,Anonymized by source,,bad,4.0,,,391,1.5063938618925832,0.6214028830395688,0.9977347460723419,0.018449098978369934,,4.0,10.0,0.7745966692414834,,1.0,,,,2.0,,,1.0,,6.0,1.5,0.5577733510227171,9.0,40,38.0,0.7174278700850497,28.0,2.7857142857142856,1.4731631469016406,2.0,91,4.857142857142857,1.307734363586695,49.0,4.081632653061225,1.980839731443881,74,3.8513513513513513,1.5893994623329033,,1.0,,35,0.11664869986452686,0.5696750760807004,2.0,28.0,1.1785714285714286,0.40353503748359953,0.08658267374735655,0.39707270631686614,122,4.540983606557377,0.8781995611442056,0.324362461770664,0.39377710499495894,63,2.0,,,0.2141280353200883,31.760713053722903,4.849198868991517,10290.0,9.352120640904806,8.140059625852514,28.081733270499527,3.252214326107449,27.666748350612632,20.0,5.95165504436631,0.03427254097610278,0.053806228373702525,0.7101482946119624,0.10088454686064978,289.0,40.0,19.833388925302984,3924.0,0.27191328934967013,26.697916666666668,2122.0
corpora_selected_txt/SupCo/rozhodnuti-30_Cdo_3208_2013.txt,CzCDC_SupC020615,rozhodnuti-30_Cdo_3208_2013,TXT,https://lindat.mff.cuni.cz/repository/xmlui/bitstream/handle/11372/LRT-3052/SupCoCo.zip,CzCDC,http://hdl.handle.net/11372/LRT-3052,rozhodnuti-30_Cdo_3208_2013.txt,30 Cdo 3208/2013,False,,,,,individual,quasiobjective,True,authority,combined,individual,Anonymized by source,,bad,,,,86,1.5348837209302326,0.6453361176115892,0.9941860465116279,0.030940125517040087,1.0,1.0,5.0,,,,,,,,,,,,3.0,1.0,-1.0,3.0,14,29.571428571428573,0.8418878667047843,14.0,2.4285714285714284,0.5286570789840689,,21,4.238095238095238,1.3817072811311981,9.0,3.2222222222222223,0.8608612229530985,21,4.238095238095238,1.7952827131678923,,2.0,,11,0.14025980190029427,0.7513419666570044,2.0,5.0,1.0,-1.0,0.07642357642357642,0.11043624345565883,32,4.53125,1.0620718547264345,0.3410210928652947,0.2769482967816184,8,1.0,,,0.22105263157894736,20.151089052890526,4.594095940959409,2490.0,7.900738007380072,7.195997510188343,18.791921894218945,34.89434710947111,19.10277982779828,8.0,5.721328581047842,0.05201188446459534,0.049322799097065384,0.6528442437923251,0.1426241132594126,139.0,15.0,14.836745963215662,973.0,0.4317343173431734,29.9,542.0
corpora_selected_txt/SupCo/rozhodnuti-30_Cdo_3038_2016.txt,CzCDC_SupC020836,rozhodnuti-30_Cdo_3038_2016,TXT,https://lindat.mff.cuni.cz/repository/xmlui/bitstream/handle/11372/LRT-3052/SupCoCo.zip,CzCDC,http://hdl.handle.net/11372/LRT-3052,rozhodnuti-30_Cdo_3038_2016.txt,30 Cdo 3038/2016,False,,,,,individual,quasiobjective,True,authority,combined,individual,Anonymized by source,,bad,7.0,,,400,1.5275,0.49018825188774473,0.9995833333333333,0.00833680700291788,,8.0,7.875,1.663218547384547,,,,,1.0,1.0,,,4.0,,14.0,1.6428571428571428,0.7004433669331487,13.0,50,30.12,0.6964408905580178,39.0,2.2051282051282053,0.7442816646038021,2.0,120,4.275,1.0416924122578266,52.0,3.3076923076923075,2.091609189444335,102,3.372549019607843,1.686598240772169,,,,46,0.14476027234896433,0.3776365475155698,9.0,47.0,1.6595744680851063,0.565766018021623,0.11346424981607546,0.629843322653679,149,3.8456375838926173,0.8199238018646425,0.3199833907415516,0.36920338538541164,82,6.0,,,0.3104166666666667,24.519625000000005,5.1201923076923075,10650.0,10.449903846153846,8.229205496685159,23.586299999999994,9.477000000000004,23.384615384615387,17.0,6.021710888404077,0.022401782672901185,0.07748611812216055,0.7393538616860171,0.07009912859046302,328.0,52.0,18.65328738118533,4368.0,0.29903846153846153,16.02027027027027,2080.0
corpora_selected_txt/SupCo/rozhodnuti-30_Cdo_2626_2018.txt,CzCDC_SupC021329,rozhodnuti-30_Cdo_2626_2018,TXT,https://lindat.mff.cuni.cz/repository/xmlui/bitstream/handle/11372/LRT-3052/SupCoCo.zip,CzCDC,http://hdl.handle.net/11372/LRT-3052,rozhodnuti-30_Cdo_2626_2018.txt,30 Cdo 2626/2018,False,,,,,individual,quasiobjective,True,authority,combined,individual,Anonymized by source,,bad,,,,84,1.380952380952381,0.4339700617200363,1.0,-1.0,,,,,,,,,,1.0,,,,,,,,,17,20.11764705882353,0.8336000393972616,3.0,1.0,-1.0,,14,4.214285714285714,1.1252815605841406,9.0,2.2222222222222223,0.7035623639735143,16,3.25,1.0327955589886444,,,,13,0.11668554446771094,0.5885556341372503,1.0,8.0,1.5,0.5039526306789696,0.1389155982905983,0.2863638519183692,24,4.458333333333333,0.6239110980528824,0.38155289507191675,0.36074784228843804,16,,,,0.22666666666666666,13.924952861505773,4.62979683972912,2051.0,7.7625282167042915,7.226013096753528,13.568125481343777,51.637152702164414,17.285831894834683,7.0,5.949408841220651,0.02067489694419278,0.05874999999999997,0.7062209302325582,0.06344879287021925,123.0,17.0,15.207996813670285,796.0,0.47404063205417607,29.0625,443.0
corpora_selected_txt/SupCo/rozhodnuti-30_Cdo_1602_2004.txt,CzCDC_SupC022650,rozhodnuti-30_Cdo_1602_2004,TXT,https://lindat.mff.cuni.cz/repository/xmlui/bitstream/handle/11372/LRT-3052/SupCoCo.zip,CzCDC,http://hdl.handle.net/11372/LRT-3052,rozhodnuti-30_Cdo_1602_2004.txt,30 Cdo 1602/2004,False,,,,,individual,quasiobjective,True,authority,combined,individual,Anonymized by source,,bad,2.0,,2.0,380,1.3921052631578947,0.46757261177664794,0.9995614035087719,0.008553571167010948,,5.0,4.6,1.2638645090216203,,,,1.0,,,,1.0,,,8.0,3.125,1.3297475592865629,10.0,51,30.529411764705884,0.7906820515886175,29.0,2.0689655172413794,0.983192080250175,,116,4.163793103448276,1.1726996303722308,69.0,2.36231884057971,1.0469439533802265,96,3.4791666666666665,1.4554520137676203,,4.0,2.0,46,0.14100889701945954,0.48337794699878095,,22.0,1.4090909090909092,0.5210023386666227,0.0976764164862251,0.47374925391018197,151,3.6357615894039736,0.8524834842543779,0.3282969067670981,0.3628649583697118,73,1.0,,,0.3202933985330073,22.767328471884625,4.584832280019445,9431.0,7.939620807000486,7.886769757172765,21.172467995462654,26.533806676389574,22.103192351320697,20.0,5.766527623969594,0.04686193562051203,0.0679366700715015,0.6448110316649642,0.14100623059718373,228.0,51.0,17.145259644370157,3737.0,0.2396694214876033,19.3,2057.0
corpora_selected_txt/SupCo/rozhodnuti-30_Cdo_1101_2016.txt,CzCDC_SupC023294,rozhodnuti-30_Cdo_1101_2016,TXT,https://lindat.mff.cuni.cz/repository/xmlui/bitstream/handle/11372/LRT-3052/SupCoCo.zip,CzCDC,http://hdl.handle.net/11372/LRT-3052,rozhodnuti-30_Cdo_1101_2016.txt,30 Cdo 1101/2016,False,,,,,individual,quasiobjective,True,authority,combined,individual,Anonymized by source,,bad,2.0,,,160,1.44375,0.48355154948724477,1.0,-1.0,,4.0,3.75,0.4554200340426488,,,,,1.0,,,,,,,,,3.0,26,27.346153846153847,0.8981762143952227,17.0,1.9411764705882353,0.4632995409521411,,45,4.666666666666667,1.3217356610530877,23.0,1.565217391304348,0.5032860592779459,45,3.7777777777777777,1.390294629554326,1.0,,,21,0.1298188395508294,0.5939869079678491,,14.0,1.2857142857142858,0.3646278462854964,0.10352602579493335,0.5017966701006681,61,3.8360655737704916,0.7837588196344651,0.3294475628996658,0.39404690904050926,29,,,,0.273224043715847,21.100324141267535,4.756813417190775,4538.0,8.677568134171905,7.984289988206763,19.49784696016772,31.13254749233994,20.21151427189163,10.0,6.0420100860995705,0.022215416777028683,0.05498245614035091,0.748608187134503,0.06502868642628575,234.0,26.0,16.001076179640435,1756.0,0.42872117400419285,21.836734693877553,954.0
corpora_selected_txt/SupCo/rozhodnuti-3_Tdo_603_2015.txt,CzCDC_SupC024183,rozhodnuti-3_Tdo_603_2015,TXT,https://lindat.mff.cuni.cz/repository/xmlui/bitstream/handle/11372/LRT-3052/SupCoCo.zip,CzCDC,http://hdl.handle.net/11372/LRT-3052,rozhodnuti-3_Tdo_603_2015.txt,3 Tdo 603/2015,False,,,,,individual,quasiobjective,True,authority,combined,individual,Anonymized by source,,bad,8.0,,2.0,493,1.4462474645030425,0.5120547271894694,0.9993721626581668,0.009882637428066958,1.0,10.0,4.4,0.6356417261637282,,,,,,2.0,,,1.0,,15.0,2.2,0.7125125571088416,8.0,80,25.075,0.9429471109406192,44.0,2.8636363636363638,0.9211184941976618,2.0,153,5.437908496732026,2.19417634305992,74.0,2.635135135135135,1.0707283319264673,138,5.811594202898551,2.774118074799871,,1.0,2.0,70,0.1457650277779598,0.624918650569097,8.0,38.0,1.4736842105263157,0.6454260128034115,0.08641097293684771,0.4684713544011369,194,3.2938144329896906,0.9058696705448935,0.2922640812087548,0.4777183338934451,112,1.0,,,0.29439252336448596,18.726466691957512,4.753414264036419,12530.0,8.573065250379363,8.263057845599167,18.054202200303493,33.9695119878604,19.932655538694995,22.0,5.961824405509142,0.029545298718738514,0.07598344501379584,0.7148009459992116,0.09166695532333952,371.0,80.0,16.602585142122656,4997.0,0.26479514415781485,17.29787234042553,2636.0
corpora_selected_txt/SupCo/rozhodnuti-3_Tdo_1372_2009.txt,CzCDC_SupC025409,rozhodnuti-3_Tdo_1372_2009,TXT,https://lindat.mff.cuni.cz/repository/xmlui/bitstream/handle/11372/LRT-3052/SupCoCo.zip,CzCDC,http://hdl.handle.net/11372/LRT-3052,rozhodnuti-3_Tdo_1372_2009.txt,3 Tdo 1372/2009,False,,,,,individual,quasiobjective,True,authority,combined,individual,Anonymized by source,,bad,9.0,,3.0,606,1.5627062706270627,0.5488859666881729,0.9984284142699984,0.01579332612239963,1.0,23.0,5.695652173913044,0.8705454943934104,,,,,,2.0,,1.0,1.0,2.0,15.0,2.6666666666666665,0.8698829970584714,12.0,89,26.730337078651687,0.641775871206299,69.0,2.5652173913043477,0.7923935410318985,3.0,173,3.531791907514451,0.8676349465818277,86.0,2.5232558139534884,1.130344278908596,128,2.7578125,0.9311588729803081,,,1.0,83,0.12159492177400198,0.40305350956893227,9.0,50.0,1.3,0.4184490717507642,0.08939345905212778,0.44646008361180767,234,4.119658119658119,0.7271122893888605,0.3120357237027778,0.3683684446756627,141,11.0,,,0.2458808618504436,22.203225164190357,4.977623223465376,16461.0,9.725128515270638,8.32918786252034,20.92414943106722,22.290637690564452,22.18073205288068,23.5,5.983896425856118,0.038001861616999796,0.063216957605985,0.7260473815461347,0.11313394166628554,424.0,89.0,18.023657994958043,6516.0,0.24916843060175387,20.512953367875646,3307.0
corpora_selected_txt/SupCo/rozhodnuti-3_Tdo_1354_2009.txt,CzCDC_SupC025438,rozhodnuti-3_Tdo_1354_2009,TXT,https://lindat.mff.cuni.cz/repository/xmlui/bitstream/handle/11372/LRT-3052/SupCoCo.zip,CzCDC,http://hdl.handle.net/11372/LRT-3052,rozhodnuti-3_Tdo_1354_2009.txt,3 Tdo 1354/2009,False,,,,,individual,quasiobjective,True,authority,combined,individual,Anonymized by source,,bad,2.0,,,272,1.5073529411764706,0.49354270998138855,1.0,-1.0,,11.0,4.818181818181818,0.607359633542683,,,,,,,,,1.0,,3.0,1.0,-1.0,2.0,49,22.979591836734695,0.933311398425293,25.0,2.64,0.8100512592093656,3.0,95,3.3263157894736843,1.3340196328199712,57.0,2.0,0.773443136703847,72,2.611111111111111,0.9802206108889543,1.0,,1.0,39,0.14702382862781382,0.47217504705888425,3.0,29.0,1.4827586206896552,0.6892066414639576,0.09379437695275905,0.5520260919285818,110,3.4363636363636365,0.803530564419551,0.28588281224997436,0.37396996862122633,42,2.0,,1.0,0.29222520107238603,18.357501838991936,4.925178919973975,7570.0,9.336564736499673,8.082097570355769,17.987931273485316,31.46382519618126,19.93796024590708,17.0,6.016287736791098,0.026040471880427025,0.07812239221140471,0.729923504867872,0.08400077203945124,331.0,49.0,16.882373064983476,3041.0,0.35393623942745606,16.555555555555557,1537.0
corpora_selected_txt/SupAdmCo/0001_3Azs_110_20110214091930_prevedeno.txt,CzCDC_SupA021276,0001_3Azs_110_20110214091930_prevedeno,TXT,https://lindat.mff.cuni.cz/repository/xmlui/bitstream/handle/11372/LRT-3052/SupAdmCo.zip,CzCDC,http://hdl.handle.net/11372/LRT-3052,0001_3Azs_110_20110214091930_prevedeno.txt,3 Azs 1/2011-94,False,,,,,individual,quasiobjective,True,authority,combined,individual,Anonymized by source,,bad,12.0,,2.0,543,1.4217311233885819,0.4986607984868461,0.9991668859072174,0.011228179085126903,,13.0,7.615384615384615,1.0360964732006042,,,,,,,,,,,6.0,1.8333333333333333,0.6376610151545521,6.0,84,24.666666666666668,0.7732423082463751,43.0,2.255813953488372,0.8493654920376869,,157,4.312101910828026,1.0977822313570882,85.0,2.0470588235294116,0.8458007047786378,141,2.950354609929078,1.321021931697095,,1.0,,78,0.13491590670603978,0.5279445186309147,3.0,40.0,1.325,0.46453192147703365,0.09571187165517661,0.5333614152387024,193,4.181347150259067,1.1183767861745344,0.32555846825651563,0.4406416509351289,98,9.0,,,0.3037300177619893,18.977586297890994,4.9953220582943505,13882.0,9.68265563152213,8.421920782837704,18.17090371546864,31.29271268090315,18.879926211777164,20.0,6.033878539102119,0.02503836793797442,0.07583208955223875,0.7413805970149254,0.0781895961969209,361.0,87.0,15.740643371328371,5463.0,0.26844188557034904,19.405882352941177,2779.0
corpora_selected_txt/SupAdmCo/0208_3As__1500024_20160104145407_prevedeno.txt,CzCDC_SupA021775,0208_3As__1500024_20160104145407_prevedeno,TXT,https://lindat.mff.cuni.cz/repository/xmlui/bitstream/handle/11372/LRT-3052/SupAdmCo.zip,CzCDC,http://hdl.handle.net/11372/LRT-3052,0208_3As__1500024_20160104145407_prevedeno.txt,3 As 208/2015-24,False,,,,,individual,quasiobjective,True,authority,combined,individual,Anonymized by source,,bad,2.0,,2.0,428,1.4065420560747663,0.5453765644584042,0.9992211838006231,0.01138861974022978,,2.0,4.0,0.7071067811865476,,,,,,2.0,,,1.0,,10.0,2.6,1.0288411614225066,10.0,70,19.37142857142857,0.6984828662114012,32.0,2.5,0.4977368134706041,,94,4.297872340425532,0.9013526996761455,62.0,2.6451612903225805,0.852509651295471,104,2.730769230769231,1.104183770359886,,1.0,,60,0.13723417071600966,0.43188595233816274,1.0,23.0,1.173913043478261,0.3301380711583913,0.07959050473016013,0.39345951253765427,129,4.37984496124031,0.9178088479038681,0.3459727750514688,0.3465217855742686,81,1.0,,,0.30303030303030304,14.272992412386785,4.8900112233445565,8714.0,8.943546576879909,7.918453263183363,14.293875349741544,44.90204045146298,15.516428763377121,18.0,5.931293507461116,0.02845128305097436,0.0938621509209745,0.7044563279857398,0.08584860464884192,279.0,71.0,13.719458809705639,3441.0,0.29124579124579125,19.05504587155963,1782.0
corpora_selected_txt/SupCo/rozhodnuti-29_Nd_74_2015.txt,CzCDC_SupC026811,rozhodnuti-29_Nd_74_2015,TXT,https://lindat.mff.cuni.cz/repository/xmlui/bitstream/handle/11372/LRT-3052/SupCoCo.zip,CzCDC,http://hdl.handle.net/11372/LRT-3052,rozhodnuti-29_Nd_74_2015.txt,29 Nd 74/2015,False,,,,,individual,quasiobjective,True,authority,combined,individual,Anonymized by source,,bad,1.0,,,94,1.3297872340425532,0.4728921766668254,1.0,-1.0,,2.0,2.5,0.282842712474619,,,,,,,,,1.0,,,,,4.0,16,27.3125,0.7936125603133535,6.0,1.3333333333333333,0.38729833462074165,,27,5.814814814814815,1.0050832458547125,16.0,2.625,0.9624860729720484,25,2.8,1.387045261634648,,,,14,0.13106730692000923,0.6791849167675692,,6.0,1.1666666666666667,0.34992710611188255,0.08374572051042639,0.49910314673787687,36,3.7777777777777777,1.0980142053974404,0.2984674103935406,0.38978840329745573,15,,,,0.272,20.796006313131315,4.5993265993265995,2732.0,7.94646464646465,7.374517085178557,19.51745454545454,31.807454545454547,20.708585858585863,8.0,5.892048750583641,0.03102215343661163,0.07561616161616158,0.6855959595959596,0.10083186498050307,131.0,16.0,16.450337484745926,1080.0,0.4090909090909091,19.363636363636363,594.0
corpora_selected_txt/SupCo/rozhodnuti-29_NSCR_132_2016.txt,CzCDC_SupC027279,rozhodnuti-29_NSCR_132_2016,TXT,https://lindat.mff.cuni.cz/repository/xmlui/bitstream/handle/11372/LRT-3052/SupCoCo.zip,CzCDC,http://hdl.handle.net/11372/LRT-3052,rozhodnuti-29_NSCR_132_2016.txt,29 NSCR 132/2016,False,,,,,individual,quasiobjective,True,authority,combined,individual,Anonymized by source,,bad,2.0,,,177,1.3389830508474576,0.42747402975773624,1.0,-1.0,,,,,,,,,,,,,,,1.0,1.0,,7.0,25,37.76,0.8637251240612637,11.0,2.3636363636363638,0.9511749196707464,,50,4.96,1.291890300092826,24.0,3.875,1.7224508936220035,40,5.775,1.1549477005678865,1.0,,,20,0.1054079845450933,0.6116949704215234,3.0,12.0,1.5,0.6666666666666666,0.11336910280408731,0.6591914567824249,62,4.516129032258065,0.8512315679856035,0.34002148769382773,0.43526724149530266,26,,,,0.25365853658536586,27.855813134328358,4.611940298507463,5562.0,8.183250414593699,7.906406360005625,24.602606799336648,17.952529286898837,26.161671641791045,13.0,5.935017247388165,0.02770655210144107,0.044101174345076766,0.7054652213188799,0.08584792784406092,227.0,25.0,19.567521201563125,2101.0,0.3474295190713101,30.058823529411764,1206.0
corpora_selected_txt/SupCo/rozhodnuti-29_ICdo_40_2017.txt,CzCDC_SupC027503,rozhodnuti-29_ICdo_40_2017,TXT,https://lindat.mff.cuni.cz/repository/xmlui/bitstream/handle/11372/LRT-3052/SupCoCo.zip,CzCDC,http://hdl.handle.net/11372/LRT-3052,rozhodnuti-29_ICdo_40_2017.txt,29 ICdo 40/2017,False,,,,,individual,quasiobjective,True,authority,combined,individual,Anonymized by source,,bad,22.0,,2.0,875,1.4857142857142858,0.5263951218425398,0.9991768707482993,0.010919190262325856,1.0,14.0,6.428571428571429,2.35573293962007,,,,,4.0,7.0,,,1.0,,11.0,2.8181818181818183,1.206641351303849,16.0,122,30.188524590163933,0.9684599934323648,72.0,6.902777777777778,1.4566604335321223,2.0,222,5.13963963963964,1.669964909562537,99.0,3.808080808080808,2.432262598729166,196,6.13265306122449,1.7427647915344349,,12.0,,89,0.11424655484788966,0.5283870147427792,11.0,51.0,1.196078431372549,0.3352448995936766,0.11185638853413395,1.2977649199975174,293,4.354948805460751,0.8573943604320612,0.339048219559085,0.38998775468185476,191,1.0,,,0.25,25.499397082971115,5.099616858237548,25289.0,10.381891510385158,8.621589529469937,23.177922844636946,15.38165241196296,23.88003883949224,28.5,5.944336321811606,0.036143060919161335,0.06654115226337443,0.7086358024691358,0.1080062272959685,488.0,119.0,18.787241539486356,9720.0,0.20790481952006454,24.543650793650794,4959.0
corpora_selected_txt/SupCo/rozhodnuti-29_Cdo_539_2014.txt,CzCDC_SupC028106,rozhodnuti-29_Cdo_539_2014,TXT,https://lindat.mff.cuni.cz/repository/xmlui/bitstream/handle/11372/LRT-3052/SupCoCo.zip,CzCDC,http://hdl.handle.net/11372/LRT-3052,rozhodnuti-29_Cdo_539_2014.txt,29 Cdo 539/2014,False,,,,,individual,quasiobjective,True,authority,combined,individual,Anonymized by source,,bad,,,,127,1.5118110236220472,0.5582022458745419,0.9986876640419947,0.01480870915845551,,2.0,6.5,0.10878565864408424,,,,,,,,2.0,,,,,,3.0,21,26.38095238095238,0.8885311910170097,5.0,3.0,0.6666666666666666,,29,5.0,1.0650285039780458,19.0,3.0,1.594744454934147,24,3.0,1.2078647267254858,,1.0,,15,0.11894136954622461,0.7723528387683393,1.0,9.0,1.7777777777777777,0.5466517401417469,0.13683473389355744,0.5746941446981167,41,4.2682926829268295,1.013166384385595,0.35360576045842324,0.4064587405381158,27,2.0,,,0.23943661971830985,22.567729509981852,4.904827586206896,3556.0,9.403172413793099,7.787040023326886,20.556159056261336,26.665427586206917,21.93901996370236,9.0,6.00045117954163,0.02207509966762356,0.04964856230031944,0.7245047923322684,0.06936502361562798,179.0,19.0,17.545632669491866,1358.0,0.44,24.757575757575758,725.0
corpora_selected_txt/SupCo/rozhodnuti-29_Cdo_1457_2016.txt,CzCDC_SupC030507,rozhodnuti-29_Cdo_1457_2016,TXT,https://lindat.mff.cuni.cz/repository/xmlui/bitstream/handle/11372/LRT-3052/SupCoCo.zip,CzCDC,http://hdl.handle.net/11372/LRT-3052,rozhodnuti-29_Cdo_1457_2016.txt,29 Cdo 1457/2016,False,,,,,individual,quasiobjective,True,authority,combined,individual,Anonymized by source,,bad,,,,64,1.21875,0.42544140152151527,1.0,-1.0,,,,,,,,,,1.0,,,,,,,,,8,49.25,1.0941210261052776,2.0,2.5,0.8485281374238569,,12,9.833333333333334,1.1714661429959636,12.0,3.75,1.7509593330110742,11,3.6363636363636362,1.261843888918118,,,,5,0.12270303372659579,1.0499735240170194,,3.0,1.3333333333333333,0.4330127018922193,0.1115079365079365,0.3573457025987096,20,5.1,1.1519635289693495,0.30611962392612546,0.5452929260649296,8,,,,0.24050632911392406,31.31639285714286,4.220238095238095,2127.0,6.424404761904759,7.2877462423387085,26.136563492063488,22.006968253968267,28.034920634920635,8.0,5.8182283893781275,0.05764292352328371,0.027703703703703675,0.6784691358024691,0.1419993051720031,146.0,9.0,19.174585242480724,740.0,0.4603174603174603,21.27777777777778,504.0
corpora_selected_txt/SupCo/rozhodnuti-28_Cdo_4714_2009.txt,CzCDC_SupC032048,rozhodnuti-28_Cdo_4714_2009,TXT,https://lindat.mff.cuni.cz/repository/xmlui/bitstream/handle/11372/LRT-3052/SupCoCo.zip,CzCDC,http://hdl.handle.net/11372/LRT-3052,rozhodnuti-28_Cdo_4714_2009.txt,28 Cdo 4714/2009,False,,,,,individual,quasiobjective,True,authority,combined,individual,Anonymized by source,,bad,,,2.0,197,1.3401015228426396,0.5696294175169724,0.9991539763113367,0.011884562953106012,,4.0,4.75,0.7566266193981693,,,,,,,,,,,8.0,1.75,0.7935600855193298,5.0,36,20.055555555555557,0.7002904077702976,9.0,2.3333333333333335,0.9340497736158586,2.0,47,4.23404255319149,1.1456840831692172,19.0,1.631578947368421,0.7701507346008595,50,3.0,1.3299276232160897,,2.0,,31,0.14026537727568741,0.5156745499277257,1.0,17.0,1.2941176470588236,0.36292544142434796,0.11350958123403944,0.5307506857724259,63,4.190476190476191,0.6828895541460739,0.3376515852525222,0.2648155926112417,46,1.0,,,0.33152173913043476,14.845745283018871,4.80503144654088,4584.0,8.60440251572327,7.966125054610184,14.341447589098532,47.19641299790358,16.17651991614256,11.0,6.112233169387802,0.019582029179046136,0.06578947368421062,0.7695204678362573,0.06281699022611527,218.0,36.0,14.109534000226645,1771.0,0.40985324947589097,18.016666666666666,954.0
corpora_selected_txt/SupCo/rozhodnuti-28_Cdo_4478_2016.txt,CzCDC_SupC032206,rozhodnuti-28_Cdo_4478_2016,TXT,https://lindat.mff.cuni.cz/repository/xmlui/bitstream/handle/11372/LRT-3052/SupCoCo.zip,CzCDC,http://hdl.handle.net/11372/LRT-3052,rozhodnuti-28_Cdo_4478_2016.txt,28 Cdo 4478/2016,False,,,,,individual,quasiobjective,True,authority,combined,individual,Anonymized by source,,bad,6.0,,3.0,862,1.4153132250580047,0.5012439652742686,0.9997890740350138,0.006194058335824133,1.0,2.0,6.0,-1.0,,,,1.0,6.0,2.0,,,1.0,,15.0,1.8666666666666667,0.9891908523000262,15.0,100,28.75,0.7750772135375064,84.0,2.4166666666666665,1.3644189915719689,3.0,193,4.077720207253886,0.977074392006512,97.0,2.4742268041237114,1.1521892846097141,219,2.853881278538813,1.7897395835374295,,5.0,,94,0.14383867893595623,0.43773730959427715,15.0,56.0,1.4107142857142858,0.5536674185620145,0.08646706287503454,0.5421543955222259,281,3.7793594306049823,0.7170478984893375,0.3334847190083838,0.3767596027924057,161,1.0,,,0.265625,23.46098629437678,5.074112464369008,19581.0,10.20720393884426,8.188743281281475,21.57059865250065,20.56614529152631,21.458285566208865,26.0,5.8841347915510775,0.0374333271293234,0.08541755319148936,0.6877632978723405,0.11499079167352147,295.0,100.0,16.899070250512526,7562.0,0.183208084996113,19.713080168776372,3859.0
corpora_selected_txt/SupCo/rozhodnuti-28_Cdo_2827_2013.txt,CzCDC_SupC033655,rozhodnuti-28_Cdo_2827_2013,TXT,https://lindat.mff.cuni.cz/repository/xmlui/bitstream/handle/11372/LRT-3052/SupCoCo.zip,CzCDC,http://hdl.handle.net/11372/LRT-3052,rozhodnuti-28_Cdo_2827_2013.txt,28 Cdo 2827/2013,False,,,,,individual,quasiobjective,True,authority,combined,individual,Anonymized by source,,bad,,,,138,1.3695652173913044,0.529885101690662,1.0,-1.0,,3.0,12.333333333333334,1.1067889313212578,,,,,,,,,,,2.0,1.5,0.47140452079103173,4.0,25,25.0,1.063516180726305,13.0,3.3076923076923075,1.00561789548598,,33,6.0606060606060606,1.4187477973551186,18.0,5.222222222222222,1.4487765456007686,27,4.814814814814815,1.50105106552708,,,,19,0.1160316457806843,0.5678959260569267,,2.0,1.0,-1.0,0.09722222222222221,0.20203050891044214,45,5.066666666666666,0.8409503518840582,0.31998901260152685,0.38852112125427457,28,,,,0.2318840579710145,17.826794472152955,4.427680798004988,3551.0,7.054239401496263,7.719532319361777,16.243292601828756,47.170562759767265,19.451454696591853,10.0,5.976269741038643,0.019220913391067185,0.06503556187766724,0.7088193456614509,0.055205705589051184,166.0,24.0,16.00919986374329,1340.0,0.39526184538653364,30.612903225806452,802.0
corpora_selected_txt/SupCo/rozhodnuti-26_Cdo_5410_2016.txt,CzCDC_SupC036847,rozhodnuti-26_Cdo_5410_2016,TXT,https://lindat.mff.cuni.cz/repository/xmlui/bitstream/handle/11372/LRT-3052/SupCoCo.zip,CzCDC,http://hdl.handle.net/11372/LRT-3052,rozhodnuti-26_Cdo_5410_2016.txt,26 Cdo 5410/2016,False,,,,,individual,quasiobjective,True,authority,combined,individual,Anonymized by source,,bad,,,,228,1.4605263157894737,0.5114124045630694,1.0,-1.0,,5.0,3.2,0.2614562582918986,,,,,,,,,,,2.0,1.5,0.47140452079103173,12.0,27,35.629629629629626,0.8307352463862993,14.0,2.142857142857143,0.7055336829505574,,60,4.233333333333333,1.1849929249346927,29.0,2.0,0.8660254037844387,61,3.557377049180328,1.7141508874519131,,,,21,0.12967346033714236,0.5440037655335197,1.0,19.0,1.4210526315789473,0.5408196571310989,0.09314098783913025,0.40095934416201445,82,3.9634146341463414,1.1929824271007408,0.33915572185405474,0.4606521718480589,27,,,,0.24806201550387597,30.291520000000006,4.987179487179487,6224.0,9.96682692307692,8.187361664189387,27.128861538461535,3.891836923076923,26.570564102564106,11.0,6.08319017801767,0.028087521716331634,0.06386422976501305,0.7627763272410792,0.06908228963219784,258.0,25.0,19.52776679946879,2400.0,0.3798076923076923,24.428571428571427,1248.0
corpora_selected_txt/SupCo/rozhodnuti-26_Cdo_533_2004.txt,CzCDC_SupC036874,rozhodnuti-26_Cdo_533_2004,TXT,https://lindat.mff.cuni.cz/repository/xmlui/bitstream/handle/11372/LRT-3052/SupCoCo.zip,CzCDC,http://hdl.handle.net/11372/LRT-3052,rozhodnuti-26_Cdo_533_2004.txt,26 Cdo 533/2004,False,,,,,individual,quasiobjective,True,authority,combined,individual,Anonymized by source,,bad,5.0,,1.0,518,1.4671814671814671,0.5268772328643547,0.9994024636881779,0.009641384590102567,,8.0,4.625,0.38221988172245813,,,,,2.0,,,,,,10.0,3.8,0.9266745716662635,18.0,62,30.822580645161292,0.7286095950774287,34.0,3.588235294117647,1.010938360075001,,139,4.381294964028777,1.0611319795228027,66.0,2.590909090909091,1.1977399778439612,124,3.2580645161290325,1.5020525019327993,,2.0,,58,0.13862519809955726,0.3911343037587309,19.0,40.0,1.225,0.39160554840488965,0.09285452035065038,0.5698796533185835,196,4.025510204081633,0.8860617325158303,0.34037633834685177,0.35354590880348974,90,1.0,,,0.3184257602862254,24.26410175953079,4.758994197292069,12302.0,8.781315280464211,8.185827078712489,22.571450190303864,19.55044318961751,22.72770949023523,21.0,5.938475414169769,0.04350162724790545,0.0644810941271119,0.7121681415929203,0.1243292784411354,329.0,62.0,17.475319446925898,4892.0,0.2549323017408124,17.7909604519774,2585.0
corpora_selected_txt/SupCo/rozhodnuti-26_Cdo_4684_2016.txt,CzCDC_SupC037216,rozhodnuti-26_Cdo_4684_2016,TXT,https://lindat.mff.cuni.cz/repository/xmlui/bitstream/handle/11372/LRT-3052/SupCoCo.zip,CzCDC,http://hdl.handle.net/11372/LRT-3052,rozhodnuti-26_Cdo_4684_2016.txt,26 Cdo 4684/2016,False,,,,,individual,quasiobjective,True,authority,combined,individual,Anonymized by source,,bad,1.0,,,93,1.4086021505376345,0.482363916559764,1.0,-1.0,,2.0,58.0,1.3410645850089695,,,,,,,,,,,4.0,1.5,0.38490017945975047,1.0,14,36.857142857142854,1.0947188664788088,2.0,1.0,-1.0,,24,5.208333333333333,1.489357024969529,13.0,2.076923076923077,1.2190381270451542,17,5.176470588235294,1.493626697943605,,,,10,0.1206169555583853,0.7805524498248718,,8.0,1.125,0.3142696805273545,0.11192481677679046,0.4876629866478585,36,4.138888888888889,0.788010435081392,0.3027979160613135,0.399318591969054,14,,,,0.26956521739130435,26.241663637527196,4.517470881863561,2715.0,7.713477537437607,7.645190425990115,23.02569550748752,24.934724561628073,23.683655446051457,8.0,6.056319270435438,0.024875323359590328,0.05193227091633468,0.7462151394422311,0.07425483237255269,157.0,13.0,17.122413403193683,1012.0,0.46755407653910147,21.733333333333334,601.0
corpora_selected_txt/SupCo/rozhodnuti-26_Cdo_4239_2009.txt,CzCDC_SupC037457,rozhodnuti-26_Cdo_4239_2009,TXT,https://lindat.mff.cuni.cz/repository/xmlui/bitstream/handle/11372/LRT-3052/SupCoCo.zip,CzCDC,http://hdl.handle.net/11372/LRT-3052,rozhodnuti-26_Cdo_4239_2009.txt,26 Cdo 4239/2009,False,,,,,individual,quasiobjective,True,authority,combined,individual,Anonymized by source,,bad,2.0,,,434,1.3709677419354838,0.5330800174099212,0.9981895984200132,0.016866051706577637,,19.0,5.894736842105263,0.9561310098184809,,1.0,1.0,,,,1.0,1.0,,,6.0,1.0,-1.0,10.0,62,30.080645161290324,0.7370501557633443,33.0,2.6363636363636362,0.7334175536259725,2.0,120,4.833333333333333,1.397418085587959,68.0,2.014705882352941,0.9295468558396714,99,4.929292929292929,1.8525926366731542,,2.0,,53,0.1366063620440529,0.45857553190101025,4.0,32.0,1.1875,0.3339433848052767,0.09095669932282574,0.5383665596524732,170,3.735294117647059,0.8759145054415838,0.33192421914667664,0.4061536390438655,64,,,,0.33752620545073375,21.578545974091952,4.503937007874016,10868.0,7.533651056775797,8.176655380506727,20.116414288196992,31.081971324679486,21.46910952769274,20.0,5.9633889482900315,0.033161634312815276,0.0675972342264477,0.7155012964563526,0.09978461964262375,317.0,62.0,16.818174593478055,4299.0,0.2610857853294654,18.6875,2413.0
corpora_selected_txt/SupCo/rozhodnuti-26_Cdo_412_2005.txt,CzCDC_SupC037521,rozhodnuti-26_Cdo_412_2005,TXT,https://lindat.mff.cuni.cz/repository/xmlui/bitstream/handle/11372/LRT-3052/SupCoCo.zip,CzCDC,http://hdl.handle.net/11372/LRT-3052,rozhodnuti-26_Cdo_412_2005.txt,26 Cdo 412/2005,False,,,,,individual,quasiobjective,True,authority,combined,individual,Anonymized by source,,bad,5.0,,1.0,528,1.4621212121212122,0.4906706977426929,0.9997632575757576,0.005441214915025366,1.0,10.0,4.6,1.1959815093204498,,,,1.0,,,,,,1.0,20.0,2.05,0.8143335366582853,17.0,63,28.22222222222222,0.8015932791032934,51.0,2.980392156862745,1.0578186343404499,3.0,145,4.324137931034483,1.431012284147947,87.0,2.5172413793103448,2.1486091483494643,130,3.5615384615384613,1.5190915267383858,,2.0,1.0,57,0.15783342417672452,0.38957847432749554,10.0,42.0,1.3333333333333333,0.45865657485588995,0.08901784049780319,0.523541609380519,204,3.2254901960784315,0.7248445050740293,0.30880404357765073,0.3826628317114897,94,2.0,,,0.32094594594594594,22.36397824783994,4.977513788714467,11732.0,9.729868476877384,8.333232679041997,21.273355402010893,20.390302152992447,21.82125246647945,19.0,6.03043354807962,0.03197809090874596,0.0711293179805137,0.7428653675819309,0.09466607265978425,344.0,63.0,17.5956623652154,4700.0,0.2880780653372932,14.873015873015873,2357.0
corpora_selected_txt/SupCo/rozhodnuti-26_Cdo_3861_2016.txt,CzCDC_SupC037677,rozhodnuti-26_Cdo_3861_2016,TXT,https://lindat.mff.cuni.cz/repository/xmlui/bitstream/handle/11372/LRT-3052/SupCoCo.zip,CzCDC,http://hdl.handle.net/11372/LRT-3052,rozhodnuti-26_Cdo_3861_2016.txt,26 Cdo 3861/2016,False,,,,,individual,quasiobjective,True,authority,combined,individual,Anonymized by source,,bad,1.0,,,147,1.5238095238095237,0.5815827041623762,0.9988662131519275,0.013762038198617642,,3.0,10.0,0.9643650760992954,,,,,,1.0,1.0,,,,7.0,1.4285714285714286,0.37416573867739417,5.0,19,38.8421052631579,0.8899100706547918,9.0,1.7777777777777777,0.46875000000000006,1.0,44,5.636363636363637,1.534871621083396,27.0,5.111111111111111,2.000672418590473,31,3.193548387096774,1.9876964001627127,1.0,,1.0,15,0.1477909716710914,0.6023211218731988,1.0,15.0,1.6666666666666667,0.4898979485566356,0.1158041030177253,0.41834634547027055,65,3.8153846153846156,0.8143108722134925,0.3157655476246246,0.3860677019003517,31,,,,0.3118811881188119,29.92603865472811,4.746887966804979,4576.0,8.84668049792531,7.96358874050212,26.7403072723302,8.063331950207484,27.058222319283686,11.0,5.999723297004773,0.022606659225803977,0.05419653179190753,0.7249017341040462,0.06692985575276526,221.0,19.0,19.861642528668025,1768.0,0.40767634854771784,18.612903225806452,964.0
corpora_selected_txt/SupCo/rozhodnuti-26_Cdo_3662_2007.txt,CzCDC_SupC037797,rozhodnuti-26_Cdo_3662_2007,TXT,https://lindat.mff.cuni.cz/repository/xmlui/bitstream/handle/11372/LRT-3052/SupCoCo.zip,CzCDC,http://hdl.handle.net/11372/LRT-3052,rozhodnuti-26_Cdo_3662_2007.txt,26 Cdo 3662/2007,False,,,,,individual,quasiobjective,True,authority,combined,individual,Anonymized by source,,bad,2.0,,1.0,543,1.4825046040515655,0.5228001404801542,0.9997369113391213,0.006132200104068974,,7.0,7.0,0.8728715609439694,,,1.0,,1.0,,,,,,9.0,1.6666666666666667,0.4242640687119285,15.0,67,29.970149253731343,1.2611111987325012,36.0,13.722222222222221,2.4477655690289106,1.0,136,5.169117647058823,2.337492408229968,83.0,11.325301204819278,2.3559644088982576,116,5.146551724137931,2.0743319023599924,1.0,2.0,,59,0.1442114987167823,0.3888162278604514,13.0,34.0,1.2058823529411764,0.44631379685577954,0.09391475435570318,0.5876077757072976,200,3.86,0.867254133686182,0.3643410895689123,0.4760664358016157,95,4.0,,,0.30442477876106194,22.830289728496055,4.757002271006813,12568.0,8.732626797880394,8.189448895763126,21.30645085699436,23.93921069519928,22.2833538590168,22.0,5.929746080244184,0.03574233236734694,0.07550924105387335,0.6978254030672434,0.11160419555584743,289.0,67.0,17.601540149490926,4974.0,0.24072672218016655,19.07017543859649,2642.0
corpora_selected_txt/SupCo/rozhodnuti-26_Cdo_1164_2011.txt,CzCDC_SupC040059,rozhodnuti-26_Cdo_1164_2011,TXT,https://lindat.mff.cuni.cz/repository/xmlui/bitstream/handle/11372/LRT-3052/SupCoCo.zip,CzCDC,http://hdl.handle.net/11372/LRT-3052,rozhodnuti-26_Cdo_1164_2011.txt,26 Cdo 1164/2011,False,,,,,individual,quasiobjective,True,authority,combined,individual,Anonymized by source,,bad,1.0,,,218,1.4954128440366972,0.5264568280677553,0.9993446920052425,0.009681851187038302,,3.0,8.666666666666666,0.6354889093022426,,,,,,,,,,,2.0,3.0,0.47140452079103173,8.0,34,29.264705882352942,0.8343147890447375,17.0,1.6470588235294117,0.47715675771026383,1.0,60,4.466666666666667,1.2539662242486378,33.0,2.272727272727273,1.0217142457654194,47,5.25531914893617,1.8788846661674523,,,,29,0.13666074293086244,0.5303042045179317,5.0,20.0,1.45,0.4171071164339996,0.11521527578029127,0.46146687745235454,84,4.380952380952381,1.007134569004919,0.32511757216675247,0.3858424087362503,31,1.0,,,0.27091633466135456,21.91156734803178,4.6213960546282244,6091.0,8.082776934749619,7.958007117856635,20.000321565652058,31.58343149156478,21.87917522092297,14.0,5.969588365415029,0.03136051307103251,0.05215750615258408,0.7156521739130435,0.09383088528567911,229.0,34.0,17.326706156963056,2343.0,0.3338391502276176,24.238805970149254,1318.0
corpora_selected_txt/SupCo/rozhodnuti-25_Cdo_3674_2014.txt,CzCDC_SupC041257,rozhodnuti-25_Cdo_3674_2014,TXT,https://lindat.mff.cuni.cz/repository/xmlui/bitstream/handle/11372/LRT-3052/SupCoCo.zip,CzCDC,http://hdl.handle.net/11372/LRT-3052,rozhodnuti-25_Cdo_3674_2014.txt,25 Cdo 3674/2014,False,,,,,individual,quasiobjective,True,authority,combined,individual,Anonymized by source,,bad,,,,65,1.4307692307692308,0.5089633342092825,1.0,-1.0,,,,,,,,,,,,,,,,,,2.0,10,34.6,0.623188231246236,6.0,1.0,-1.0,,18,3.388888888888889,0.9228589220663502,11.0,1.3636363636363635,0.4944132324730442,14,2.642857142857143,1.2021127287582394,1.0,,,8,0.12963581426069581,0.7009418735907478,,8.0,1.375,0.54110822483116,0.10583160800552105,0.5164723942602972,25,3.48,0.905362444323149,0.3025789371883875,0.38034421557314596,13,,,,0.23958333333333334,26.932560869565222,4.745652173913044,2183.0,8.782826086956524,7.406752904445126,24.303923913043477,15.801043478260894,25.87826086956522,7.0,6.02990692719558,0.022798798898389136,0.035457063711911374,0.7390858725761773,0.08028056407526248,145.0,10.0,19.882160675589997,845.0,0.5130434782608696,22.363636363636363,460.0
corpora_selected_txt/SupCo/rozhodnuti-25_Cdo_2682_2005.txt,CzCDC_SupC041790,rozhodnuti-25_Cdo_2682_2005,TXT,https://lindat.mff.cuni.cz/repository/xmlui/bitstream/handle/11372/LRT-3052/SupCoCo.zip,CzCDC,http://hdl.handle.net/11372/LRT-3052,rozhodnuti-25_Cdo_2682_2005.txt,25 Cdo 2682/2005,False,,,,,individual,quasiobjective,True,authority,combined,individual,Anonymized by source,,bad,5.0,,1.0,526,1.5114068441064639,0.616240907738674,0.9982662035893974,0.016369637036378306,,10.0,7.6,0.8643801074438605,,,,,1.0,1.0,,1.0,,,10.0,1.5,0.7200822998230957,16.0,70,27.928571428571427,0.6896602631901785,31.0,2.967741935483871,1.1426217379530499,1.0,136,4.088235294117647,1.041379435236487,65.0,1.8615384615384616,0.6570767690861132,112,3.517857142857143,1.3820993772054777,,3.0,,63,0.12788686249375544,0.5028272939506432,,35.0,1.2,0.3939908097531396,0.091552723653564,0.5568207898080086,180,4.527777777777778,0.8255305839774899,0.3318681273260105,0.4344712277676329,170,4.0,,,0.30141843971631205,23.02660766615311,4.985868352547415,13407.0,9.78906656749721,8.231580398810394,21.508785581469475,20.658698071508297,22.029901715985762,23.0,6.020882025707444,0.03262738416887955,0.053934362934362934,0.7342471042471043,0.09912965623605863,307.0,70.0,17.58133193835471,5278.0,0.23986612123465972,19.19526627218935,2689.0
corpora_selected_txt/SupCo/rozhodnuti-25_Cdo_1088_2015.txt,CzCDC_SupC042761,rozhodnuti-25_Cdo_1088_2015,TXT,https://lindat.mff.cuni.cz/repository/xmlui/bitstream/handle/11372/LRT-3052/SupCoCo.zip,CzCDC,http://hdl.handle.net/11372/LRT-3052,rozhodnuti-25_Cdo_1088_2015.txt,25 Cdo 1088/2015,False,,,,,individual,quasiobjective,True,authority,combined,individual,Anonymized by source,,bad,3.0,,,455,1.4725274725274726,0.5569906077124382,0.9990450026164313,0.011828178070187566,1.0,13.0,6.615384615384615,1.0609044717500233,,,,,,1.0,,,,,14.0,2.857142857142857,1.5401048915327415,9.0,69,28.0,0.7806127352900406,42.0,2.0952380952380953,1.1681690923927448,2.0,135,4.481481481481482,1.3385242826159036,72.0,2.2777777777777777,1.029530217185634,117,3.299145299145299,1.395995078423341,,2.0,2.0,61,0.13328751929355767,0.5477984090875533,3.0,39.0,1.4102564102564104,0.42164160633543674,0.10411785379117146,0.5702453364332193,178,3.853932584269663,0.9081532647098542,0.309340624006532,0.4220244944900707,104,3.0,,,0.26405451448040884,22.316503387952586,4.9108720706876685,12783.0,9.422973492124475,8.401206292616164,21.05824839789095,22.437607871630846,21.543946505425737,20.0,6.054748078645093,0.022827548613183573,0.06120607028753988,0.7480231629392972,0.06818814547871568,370.0,69.0,17.223449469078794,5083.0,0.27545140222819825,20.681818181818183,2603.0
corpora_selected_txt/SupCo/rozhodnuti-23_Cdo_5658_2017.txt,CzCDC_SupC043165,rozhodnuti-23_Cdo_5658_2017,TXT,https://lindat.mff.cuni.cz/repository/xmlui/bitstream/handle/11372/LRT-3052/SupCoCo.zip,CzCDC,http://hdl.handle.net/11372/LRT-3052,rozhodnuti-23_Cdo_5658_2017.txt,23 Cdo 5658/2017,False,,,,,individual,quasiobjective,True,authority,combined,individual,Anonymized by source,,bad,2.0,,1.0,266,1.481203007518797,0.5445511564981088,0.9988363766559256,0.013449734353127523,1.0,8.0,4.625,0.7118501730651128,,,,,,,1.0,1.0,1.0,,4.0,1.25,0.4,7.0,35,28.17142857142857,0.6946617144681951,25.0,2.48,0.9320827122357962,3.0,67,3.537313432835821,0.8031158418971645,37.0,2.324324324324324,1.0782267211527454,71,3.2253521126760565,1.2903151639061599,,,1.0,30,0.14410081554150903,0.4832696387016704,1.0,25.0,1.32,0.475123427328959,0.10314534055555727,0.6457631847558909,91,3.978021978021978,0.7246855555209561,0.34702632265355066,0.37531090156293967,45,1.0,,,0.27450980392156865,22.582706766917298,4.93609022556391,6565.0,9.546992481203008,7.911208259514971,21.516262406015038,19.83378195488723,22.839097744360902,14.0,5.94206205322997,0.0362749032556825,0.07017871649065799,0.7063038180341186,0.10559971205753042,228.0,35.0,18.518715589741024,2643.0,0.32781954887218046,19.313253012048193,1330.0
corpora_selected_txt/SupCo/rozhodnuti-23_Cdo_3140_2010.txt,CzCDC_SupC044039,rozhodnuti-23_Cdo_3140_2010,TXT,https://lindat.mff.cuni.cz/repository/xmlui/bitstream/handle/11372/LRT-3052/SupCoCo.zip,CzCDC,http://hdl.handle.net/11372/LRT-3052,rozhodnuti-23_Cdo_3140_2010.txt,23 Cdo 3140/2010,False,,,,,individual,quasiobjective,True,authority,combined,individual,Anonymized by source,,bad,1.0,,2.0,634,1.4794952681388012,0.5183131848295499,0.9989860297431276,0.012774569714634471,,18.0,7.833333333333333,0.7823649441701588,,,,,,2.0,,,1.0,,17.0,1.588235294117647,0.3893295563264562,15.0,80,28.8875,0.7774434215373006,46.0,2.6739130434782608,1.5789307239506483,3.0,164,4.152439024390244,0.9553502475049114,85.0,3.5764705882352943,2.5660276883987323,172,3.0813953488372094,1.265648324915666,1.0,1.0,,74,0.14334653037941641,0.5148072179995247,3.0,56.0,1.4107142857142858,0.5857404463372003,0.09693155333842529,0.6376423037508449,230,3.9478260869565216,0.8085677501023228,0.3389775931144978,0.4217520855011405,107,4.0,,,0.2896253602305475,23.74233863225382,5.082467532467533,15654.0,10.25402597402597,8.426725827577336,22.31247226697353,16.257619102416584,23.075456189380244,22.0,6.009384900618839,0.03571042517878606,0.06901039919490104,0.7342167058034217,0.10625551535881388,383.0,79.0,18.554720115553444,6216.0,0.25227272727272726,18.35,3080.0
corpora_selected_txt/SupCo/rozhodnuti-23_Cdo_2919_2011.txt,CzCDC_SupC044152,rozhodnuti-23_Cdo_2919_2011,TXT,https://lindat.mff.cuni.cz/repository/xmlui/bitstream/handle/11372/LRT-3052/SupCoCo.zip,CzCDC,http://hdl.handle.net/11372/LRT-3052,rozhodnuti-23_Cdo_2919_2011.txt,23 Cdo 2919/2011,False,,,,,individual,quasiobjective,True,authority,combined,individual,Anonymized by source,,bad,4.0,,3.0,453,1.5717439293598234,0.5460316788256306,0.998252391464312,0.01668234410621637,,16.0,5.8125,1.1100330068488882,,,,,,,1.0,,1.0,,13.0,1.5384615384615385,0.7788880963698614,15.0,58,28.25862068965517,0.70751765067363,43.0,1.6511627906976745,0.5267160878873919,5.0,134,3.8582089552238807,1.1604954107246206,64.0,1.6875,0.586684243704883,122,2.5081967213114753,1.1326090307493568,,4.0,,54,0.15645819738705152,0.42764701262865623,6.0,35.0,1.4,0.6051003706687291,0.09153747235613667,0.8716996195839298,173,3.653179190751445,0.8779143171003816,0.3156803933321574,0.3464335707684179,85,5.0,,,0.2724014336917563,23.167751377446606,5.040247678018575,11396.0,10.04285714285714,8.031805908934167,22.204393938485296,15.750448751489884,21.715368181170774,21.0,5.890326084914857,0.02834480666123319,0.08483348751156339,0.6896947271045328,0.08390637384932956,292.0,59.0,17.2600881082412,4622.0,0.26006191950464397,17.43046357615894,2261.0
corpora_selected_txt/SupCo/rozhodnuti-22_Cdo_3565_2013.txt,CzCDC_SupC046596,rozhodnuti-22_Cdo_3565_2013,TXT,https://lindat.mff.cuni.cz/repository/xmlui/bitstream/handle/11372/LRT-3052/SupCoCo.zip,CzCDC,http://hdl.handle.net/11372/LRT-3052,rozhodnuti-22_Cdo_3565_2013.txt,22 Cdo 3565/2013,False,,,,,individual,quasiobjective,True,authority,combined,individual,Anonymized by source,,bad,7.0,,3.0,1275,1.5294117647058822,0.5512776047352663,0.9988935574229693,0.013201677740644766,1.0,20.0,4.5,1.0583987562471298,,,,2.0,,1.0,3.0,1.0,5.0,,38.0,1.5263157894736843,0.5436265029606387,31.0,159,27.29559748427673,0.6583711823138505,115.0,2.6782608695652175,0.7982766442278182,2.0,374,3.7941176470588234,1.1022075347388613,202.0,1.9554455445544554,0.7128888368867737,317,2.3406940063091484,1.1115730861818582,4.0,3.0,1.0,150,0.15378865027478378,0.3850413196576411,12.0,99.0,1.404040404040404,0.46536616743773507,0.08968681485738922,0.5041134056931192,487,3.4517453798767965,0.7143213603205528,0.3268055434036508,0.4019485612593312,210,7.0,,,0.3185454545454545,23.307220376629544,5.323163456621783,31231.0,11.343787284813368,8.525491285696909,22.397854991086483,11.775344976110915,22.497945121042648,34.5,5.928971923926088,0.02674149883118345,0.08800797503467406,0.7039615117891816,0.08044573715166109,503.0,159.0,18.392254641902884,12593.0,0.1851031191409579,15.935926773455378,5867.0
corpora_selected_txt/SupCo/rozhodnuti-22_Cdo_3533_2013.txt,CzCDC_SupC046617,rozhodnuti-22_Cdo_3533_2013,TXT,https://lindat.mff.cuni.cz/repository/xmlui/bitstream/handle/11372/LRT-3052/SupCoCo.zip,CzCDC,http://hdl.handle.net/11372/LRT-3052,rozhodnuti-22_Cdo_3533_2013.txt,22 Cdo 3533/2013,False,,,,,individual,quasiobjective,True,authority,combined,individual,Anonymized by source,,bad,,,,61,1.3278688524590163,0.6105933709055578,1.0,-1.0,,4.0,27.0,1.3084090172337552,,1.0,,,,,,,,,,,,,16,28.75,0.740414911185434,6.0,1.0,-1.0,,15,6.2,1.1111152403999711,11.0,3.0,1.8915014612148144,19,5.315789473684211,1.3595156667309094,,1.0,,13,0.11319122061859896,0.9128388753907817,1.0,8.0,1.25,0.3703280399090206,0.13306693306693307,0.6579610684702228,21,5.476190476190476,0.8158727800305063,0.3332460685931342,0.2771957544072493,20,,,,0.18478260869565216,18.731565258913413,4.089983022071308,2409.0,5.546010186757217,7.33475461884713,16.596306451612904,51.11159677419356,20.293760611205435,10.0,5.947732929550359,0.018298519731604544,0.04951020408163265,0.7042857142857143,0.057106419712796404,127.0,16.0,16.061879428645646,893.0,0.41086587436332767,42.375,589.0
corpora_selected_txt/SupCo/rozhodnuti-22_Cdo_1536_2011.txt,CzCDC_SupC048352,rozhodnuti-22_Cdo_1536_2011,TXT,https://lindat.mff.cuni.cz/repository/xmlui/bitstream/handle/11372/LRT-3052/SupCoCo.zip,CzCDC,http://hdl.handle.net/11372/LRT-3052,rozhodnuti-22_Cdo_1536_2011.txt,22 Cdo 1536/2011,False,,,,,individual,quasiobjective,True,authority,combined,individual,Anonymized by source,,bad,4.0,,,438,1.4292237442922375,0.5090406303030193,0.9989671667753859,0.012498770277564334,,11.0,8.272727272727273,1.0497583116991853,,,,,,1.0,1.0,,1.0,,6.0,1.8333333333333333,0.4106032651140442,13.0,51,35.588235294117645,0.7896453023808603,31.0,2.6129032258064515,0.8539367341572791,1.0,116,4.301724137931035,1.3279000335050846,62.0,2.870967741935484,1.706950002497526,110,2.9909090909090907,1.3688369862503198,,2.0,,45,0.13210605686438318,0.5319989241993689,3.0,38.0,1.2894736842105263,0.5070281738039039,0.08976834474572712,0.6027046955863248,164,4.0182926829268295,0.7383839999105215,0.3417383007095217,0.3911789791469148,70,1.0,,,0.26452905811623245,29.463285816391362,4.887335874629394,11539.0,9.48903007200339,8.298296346486445,26.657503388394744,5.732441126641248,26.688977128335456,20.0,5.92424033620139,0.037930219526551893,0.06730769230769229,0.702290008841733,0.10775486433672885,345.0,48.0,19.906493383657665,4517.0,0.2846251588310038,22.015267175572518,2361.0
corpora_selected_txt/SupCo/rozhodnuti-22_Cdo_1236_2001.txt,CzCDC_SupC048630,rozhodnuti-22_Cdo_1236_2001,TXT,https://lindat.mff.cuni.cz/repository/xmlui/bitstream/handle/11372/LRT-3052/SupCoCo.zip,CzCDC,http://hdl.handle.net/11372/LRT-3052,rozhodnuti-22_Cdo_1236_2001.txt,22 Cdo 1236/2001,False,,,,,individual,quasiobjective,True,authority,combined,individual,Anonymized by source,,bad,4.0,,,385,1.3818181818181818,0.4475628850438679,1.0,-1.0,3.0,8.0,4.375,0.6795642575760787,,,,,1.0,1.0,,,,,3.0,1.6666666666666667,0.3464101615137754,2.0,64,21.171875,0.8065626285688235,38.0,2.4473684210526314,0.5832708883312729,3.0,105,3.6,0.988568324110174,33.0,3.303030303030303,1.79347972466026,92,3.0217391304347827,1.3728155353559908,1.0,1.0,1.0,60,0.15656841570263882,0.46309916718262073,8.0,29.0,1.2758620689655173,0.356510971845214,0.10492036343429532,0.45977799620639676,143,3.6433566433566433,0.8952807328104879,0.33033138435751563,0.39969527049711545,53,1.0,,,0.2881844380403458,15.853501933352078,4.859392575928009,8640.0,8.909673790776152,8.115444264067174,15.620662823397076,40.88092547806525,16.8042885264342,15.666666666666666,5.9640005929427735,0.02533165267672091,0.09303752233472307,0.7229779630732579,0.06546859828039607,300.0,64.0,14.487449014876677,3420.0,0.31496062992125984,21.21212121212121,1778.0
corpora_selected_txt/SupCo/rozhodnuti-20_Cdo_4907_2008.txt,CzCDC_SupC053183,rozhodnuti-20_Cdo_4907_2008,TXT,https://lindat.mff.cuni.cz/repository/xmlui/bitstream/handle/11372/LRT-3052/SupCoCo.zip,CzCDC,http://hdl.handle.net/11372/LRT-3052,rozhodnuti-20_Cdo_4907_2008.txt,20 Cdo 4907/2008,False,,,,,individual,quasiobjective,True,authority,combined,individual,Anonymized by source,,bad,,,,195,1.4871794871794872,0.5477158432852924,0.9984126984126985,0.01570448852570762,,6.0,5.833333333333333,0.5880441466143056,,,1.0,,,1.0,1.0,,1.0,,3.0,1.0,-1.0,4.0,29,27.75862068965517,0.7283445728465251,19.0,1.736842105263158,0.8761716542303613,1.0,53,3.509433962264151,0.8704461620766811,35.0,2.7142857142857144,1.2040478142470061,54,2.9814814814814814,1.0082989395950301,,,,26,0.15687201071275217,0.49638947025782815,,19.0,1.5789473684210527,0.4867376914179891,0.1286290816619153,0.471267625147666,79,3.962025316455696,0.9175733453988586,0.33596042068911736,0.3493077877295098,39,,,,0.2916666666666667,21.3685090158382,4.800748362956034,5132.0,8.887652011225443,7.840749850621253,20.30653498274249,25.943940614818885,22.191038998741977,12.0,5.985951756495219,0.02686123382259654,0.06648453608247418,0.7214639175257732,0.08249547210589774,217.0,29.0,18.093953686624168,2052.0,0.3676333021515435,18.420289855072465,1069.0
corpora_selected_txt/SupCo/rozhodnuti-20_Cdo_3541_2016.txt,CzCDC_SupC053967,rozhodnuti-20_Cdo_3541_2016,TXT,https://lindat.mff.cuni.cz/repository/xmlui/bitstream/handle/11372/LRT-3052/SupCoCo.zip,CzCDC,http://hdl.handle.net/11372/LRT-3052,rozhodnuti-20_Cdo_3541_2016.txt,20 Cdo 3541/2016,False,,,,,individual,quasiobjective,True,authority,combined,individual,Anonymized by source,,bad,6.0,,,195,1.4820512820512821,0.4909011124355003,1.0,-1.0,,5.0,5.2,0.7246709108237219,,,,,,,,,,,1.0,1.0,,2.0,30,28.3,0.6861357658554458,7.0,1.7142857142857142,0.6490734136415512,,48,3.75,0.7410936905385367,24.0,2.0416666666666665,0.9302105330146984,38,3.3421052631578947,1.0510525708642318,,3.0,,27,0.13085993972311646,0.6165978040255761,,11.0,1.0,-1.0,0.06631768409843276,0.2280312238916914,64,4.21875,0.6763603815837552,0.3221034288473827,0.3749356943306447,40,,,,0.2616033755274262,21.441256707674285,4.6362038664323375,5276.0,8.136203866432338,7.859697717912907,19.632089923842997,32.53719777387231,22.238359695371997,13.0,6.015556856049937,0.023449873910634408,0.062463907603464874,0.7323099133782484,0.0717218829496128,209.0,30.0,17.916177094544413,2031.0,0.3532513181019332,20.262295081967213,1138.0
corpora_selected_txt/SupCo/rozhodnuti-20_Cdo_2325_2011.txt,CzCDC_SupC055019,rozhodnuti-20_Cdo_2325_2011,TXT,https://lindat.mff.cuni.cz/repository/xmlui/bitstream/handle/11372/LRT-3052/SupCoCo.zip,CzCDC,http://hdl.handle.net/11372/LRT-3052,rozhodnuti-20_Cdo_2325_2011.txt,20 Cdo 2325/2011,False,,,,,individual,quasiobjective,True,authority,combined,individual,Anonymized by source,,bad,2.0,,,282,1.425531914893617,0.4245744916878549,1.0,-1.0,1.0,7.0,8.571428571428571,0.81626974481252,,,,,,,,,,,6.0,1.3333333333333333,0.6123724356957946,13.0,43,27.837209302325583,0.8693926851588291,25.0,1.84,0.6596790382620696,,79,4.69620253164557,1.635022894220038,42.0,3.261904761904762,1.4025248534869197,77,3.7532467532467533,1.9774334046685607,,,,37,0.14239939694045894,0.5284328565957677,2.0,26.0,1.5769230769230769,0.5720851161591904,0.11769538435024264,0.5992863338554345,107,3.7476635514018692,0.91857285058908,0.3116393862525727,0.4727864503651676,54,1.0,,,0.25287356321839083,21.53576345829954,4.625319693094629,7234.0,8.08925831202046,7.973686237641185,19.95724334102676,30.72142704759527,22.266209219636956,16.0,5.9673433884286275,0.027388509186394405,0.06104436860068263,0.7190648464163822,0.07389696773758941,253.0,41.0,17.897324607202467,2828.0,0.3075447570332481,22.183908045977013,1564.0
corpora_selected_txt/SupAdmCo/0008_2Azs_13_20130826105342_prevedeno.txt,CzCDC_SupA023047,0008_2Azs_13_20130826105342_prevedeno,TXT,https://lindat.mff.cuni.cz/repository/xmlui/bitstream/handle/11372/LRT-3052/SupAdmCo.zip,CzCDC,http://hdl.handle.net/11372/LRT-3052,0008_2Azs_13_20130826105342_prevedeno.txt,2 Azs 8/2013-59,False,,,,,individual,quasiobjective,True,authority,combined,individual,Anonymized by source,,bad,4.0,,1.0,525,1.4228571428571428,0.5083325810620999,0.9990476190476191,0.012586736607433383,,10.0,8.2,1.8313448015434615,,,,1.0,1.0,,,,2.0,1.0,11.0,1.4545454545454546,0.4726917600297259,9.0,90,19.477777777777778,0.6743899406052445,38.0,2.4210526315789473,0.9242499558517949,,133,3.8646616541353382,0.8425543474340039,88.0,2.2613636363636362,1.3862773922473839,127,2.6692913385826773,0.8703790036315014,,1.0,,78,0.14840093759897505,0.49100269670336805,5.0,43.0,1.4883720930232558,0.49442342186559657,0.10621534847901037,0.490569504258889,172,4.011627906976744,0.8945150769298404,0.3284646678354179,0.39648997323304996,98,3.0,,,0.32629558541266795,16.434896190384272,5.277289836888332,12618.0,10.814763697197824,8.404255882940525,16.700878054609547,30.711873477003962,17.736991741006797,18.0,6.012208640404146,0.022674025401008904,0.07675392670157066,0.738520942408377,0.06843760955454146,419.0,91.0,15.576140797530336,5087.0,0.3136762860727729,16.284023668639055,2391.0
corpora_selected_txt/SupAdmCo/0018_2Azs_13_20131218112003_prevedeno.txt,CzCDC_SupA023724,0018_2Azs_13_20131218112003_prevedeno,TXT,https://lindat.mff.cuni.cz/repository/xmlui/bitstream/handle/11372/LRT-3052/SupAdmCo.zip,CzCDC,http://hdl.handle.net/11372/LRT-3052,0018_2Azs_13_20131218112003_prevedeno.txt,2 Azs 18/2013-16,False,,,,,individual,quasiobjective,True,authority,combined,individual,Anonymized by source,,bad,,,,191,1.513089005235602,0.5502753982583835,0.9975068561455995,0.019887944466731554,,2.0,17.5,1.0909647481163878,,,,,,,1.0,,,,9.0,1.8888888888888888,0.8954904322140194,1.0,33,23.303030303030305,0.933261582996124,17.0,2.235294117647059,0.7338991982833862,,52,3.5576923076923075,0.7781059995667842,30.0,1.6333333333333333,0.8274228249301815,41,1.975609756097561,0.6146176985811883,,,,28,0.1456098526024725,0.4851415762510812,1.0,18.0,1.5,0.8003267306650413,0.096130659322879,0.693118426846258,68,4.044117647058823,1.1570024604445643,0.2886144229731507,0.3662628366467189,44,,,,0.30701754385964913,18.698969696969698,5.024177949709864,5195.0,9.800870406189555,8.080614479316093,18.05150838168923,30.967426821405553,18.91631205673759,11.0,6.07559941169955,0.02277064951612923,0.06196791443850258,0.7579358288770054,0.068168352734674,264.0,33.0,15.903189008614273,2055.0,0.42359767891682787,17.579710144927535,1034.0
corpora_selected_txt/SupAdmCo/0020_2As__1400028_20141121101319_prevedeno.txt,CzCDC_SupA024995,0020_2As__1400028_20141121101319_prevedeno,TXT,https://lindat.mff.cuni.cz/repository/xmlui/bitstream/handle/11372/LRT-3052/SupAdmCo.zip,CzCDC,http://hdl.handle.net/11372/LRT-3052,0020_2As__1400028_20141121101319_prevedeno.txt,2 As 20/2014-28,False,,,,,individual,quasiobjective,True,authority,combined,individual,Anonymized by source,,bad,12.0,,2.0,879,1.459613196814562,0.49174059785981816,0.9994311717861206,0.009731209978896295,1.0,8.0,4.0,0.48181205582971576,,,,1.0,1.0,,2.0,1.0,1.0,,24.0,1.7916666666666667,0.8705851473784936,13.0,118,25.5,0.6265233212868035,53.0,3.4716981132075473,1.3146562589979092,2.0,223,3.8520179372197307,0.946677302962127,115.0,1.8434782608695652,0.8728807924081532,192,2.828125,1.2749752934858218,,,1.0,106,0.13459382773634265,0.4770704321576201,6.0,52.0,1.2115384615384615,0.44272933933125863,0.07603090560044597,0.43955125252435956,266,4.454887218045113,0.8190343046457323,0.31711331422749917,0.36782061171084474,240,4.0,,,0.3017142857142857,20.950669460292026,5.085380685964486,20906.0,10.173412794940406,8.442332301415613,20.08807447941473,23.104566765942593,20.27920254942162,28.0,5.973037062256956,0.03258278802237539,0.07619890329012957,0.7177243270189432,0.10173867913163805,457.0,119.0,16.623559516670493,8335.0,0.22014108489418632,18.69961977186312,4111.0
corpora_selected_txt/SupAdmCo/0015_9Ans_1200001_prevedeno.txt,CzCDC_SupA025582,0015_9Ans_1200001_prevedeno,TXT,https://lindat.mff.cuni.cz/repository/xmlui/bitstream/handle/11372/LRT-3052/SupAdmCo.zip,CzCDC,http://hdl.handle.net/11372/LRT-3052,0015_9Ans_1200001_prevedeno.txt,2 Ans 2/2006-90,False,,,,,individual,quasiobjective,True,authority,combined,individual,Anonymized by source,,bad,13.0,,2.0,613,1.3539967373572595,0.48340227891672466,1.0,-1.0,,12.0,3.6666666666666665,0.640482537851159,,,,1.0,4.0,,,1.0,,,21.0,1.9047619047619047,0.5963954225176447,11.0,102,22.96078431372549,0.8295701216438801,59.0,2.4237288135593222,0.7820920995813043,1.0,169,4.378698224852071,1.221720562957211,95.0,2.4,1.1229788779330123,168,2.6726190476190474,1.3972975399234473,,,,85,0.15011071820466843,0.4628357302898759,10.0,46.0,1.2608695652173914,0.3521070712376237,0.093736399535464,0.4600046566981738,217,4.055299539170507,0.9502162278290293,0.3315030279210087,0.3709173586599011,123,3.0,,,0.34281200631911535,16.861363077434362,4.738917861799218,14539.0,8.4220664928292,8.215624803177564,16.45699976352992,39.47874540481121,17.077004882787534,24.0,5.9830217376720105,0.022561464780694915,0.08476591444930959,0.7194341529134388,0.06870516875403741,338.0,102.0,14.25666993449418,5781.0,0.227509778357236,16.77777777777778,3068.0
corpora_selected_txt/SupAdmCo/0038_5Afs_1200006_prevedeno.txt,CzCDC_SupA026421,0038_5Afs_1200006_prevedeno,TXT,https://lindat.mff.cuni.cz/repository/xmlui/bitstream/handle/11372/LRT-3052/SupAdmCo.zip,CzCDC,http://hdl.handle.net/11372/LRT-3052,0038_5Afs_1200006_prevedeno.txt,2 Afs 204/2004-70,False,,,,,individual,quasiobjective,True,authority,combined,individual,Anonymized by source,,bad,9.0,,1.0,396,1.4545454545454546,0.48942536054469393,0.9992183742183742,0.011025751877710467,,9.0,3.5555555555555554,0.7185801429729325,,,,,,,1.0,,1.0,,8.0,2.625,0.7324227936704637,4.0,72,19.13888888888889,0.6618013014762786,34.0,2.5588235294117645,1.0145018772484231,4.0,103,3.5145631067961167,0.6853141285178848,55.0,2.036363636363636,1.2572012428571537,89,2.550561797752809,0.9585724927082473,1.0,1.0,,64,0.14167461812896345,0.4571674872913114,2.0,31.0,1.1612903225806452,0.32195071575395756,0.08193987579161853,0.5494549300377912,138,4.0,0.7587686913726076,0.3245859327344488,0.3417601327381184,55,7.0,,,0.293398533007335,15.342314603691634,5.098262757871878,9391.0,9.943919652551573,8.247709690446744,15.563072747014111,37.16663735070577,16.183387622149837,16.666666666666668,6.040886273770698,0.02461755979657129,0.08251864601262193,0.7448823866896156,0.07577073263716899,363.0,72.0,14.273430135394708,3762.0,0.33659066232356133,17.403361344537814,1842.0
corpora_selected_txt/SupCo/rozhodnuti-11_Tdo_732_2005.txt,CzCDC_SupC056821,rozhodnuti-11_Tdo_732_2005,TXT,https://lindat.mff.cuni.cz/repository/xmlui/bitstream/handle/11372/LRT-3052/SupCoCo.zip,CzCDC,http://hdl.handle.net/11372/LRT-3052,rozhodnuti-11_Tdo_732_2005.txt,11 Tdo 732/2005,False,,,,,individual,quasiobjective,True,authority,combined,individual,Anonymized by source,,bad,20.0,,4.0,859,1.4330616996507568,0.5530265491082322,0.9989767540698855,0.012360215788318326,1.0,38.0,5.105263157894737,1.307085875414484,,,1.0,1.0,,1.0,,1.0,1.0,,8.0,1.375,0.54110822483116,19.0,116,32.55172413793103,0.8019520023286584,104.0,2.5384615384615383,1.0643275188961996,7.0,279,4.845878136200717,1.555647846306418,150.0,2.7266666666666666,1.3116341590988632,233,3.278969957081545,1.3919415204312924,,2.0,,110,0.1398550463379142,0.479375611854283,7.0,75.0,1.2533333333333334,0.4924242245994167,0.08585700761002955,0.576359590718196,354,3.6610169491525424,0.8961154414409745,0.3087035105731327,0.46385310080376874,173,3.0,,,0.2848324514991182,24.926599837515795,4.747482883608538,23576.0,8.745106725734997,8.482822822160621,22.984938110183734,18.821818309331036,23.422969989028843,32.0,5.938397996468571,0.04312567747629966,0.07675775631806037,0.7053379905485926,0.128283072815419,505.0,116.0,17.961769423990386,9307.0,0.20378574305275876,18.779503105590063,4966.0
corpora_selected_txt/SupAdmCo/002010As__1700049_20171229082658_20180104130027_prevedeno.txt,CzCDC_SupA027769,002010As__1700049_20171229082658_20180104130027_prevedeno,TXT,https://lindat.mff.cuni.cz/repository/xmlui/bitstream/handle/11372/LRT-3052/SupAdmCo.zip,CzCDC,http://hdl.handle.net/11372/LRT-3052,002010As__1700049_20171229082658_20180104130027_prevedeno.txt,10 As 20/2017-49,False,,,,,individual,quasiobjective,True,authority,combined,individual,Anonymized by source,,bad,12.0,,,840,1.5702380952380952,0.5411755904323379,0.9988662131519275,0.01342396951597831,4.0,17.0,3.764705882352941,0.8215578344770531,,,,1.0,1.0,,1.0,,2.0,,12.0,1.75,0.6030226891555273,11.0,149,17.469798657718123,0.7506450784544554,54.0,2.1296296296296298,0.5914756302616557,5.0,216,3.8287037037037037,1.0667784640855629,77.0,2.3636363636363638,1.0914648627228933,190,2.4526315789473685,1.0812131316293663,,8.0,8.0,129,0.14515730234694318,0.5019954909893335,6.0,41.0,1.1219512195121952,0.40820970184517824,0.09279519213577896,0.6448722978134284,262,4.2748091603053435,0.871224582888403,0.33372743975032293,0.3402214474381591,173,2.0,,,0.24798154555940022,15.804324233179877,5.434435261707989,19727.0,11.467906336088154,8.35475535017346,16.176842050770055,30.706880488842074,16.77526947325605,24.0,5.943730720534585,0.03674630187930219,0.09711696403285186,0.7188161993769471,0.09611194539257674,406.0,149.0,14.950315673525289,7910.0,0.23057851239669422,20.233644859813083,3630.0
corpora_selected_txt/SupAdmCo/0046_1Afs_100_20101119092414_prevedeno.txt,CzCDC_SupA030867,0046_1Afs_100_20101119092414_prevedeno,TXT,https://lindat.mff.cuni.cz/repository/xmlui/bitstream/handle/11372/LRT-3052/SupAdmCo.zip,CzCDC,http://hdl.handle.net/11372/LRT-3052,0046_1Afs_100_20101119092414_prevedeno.txt,1 Afs 46/2010-45,False,,,,,individual,quasiobjective,True,authority,combined,individual,Anonymized by source,,bad,16.0,,,660,1.3727272727272728,0.49502883151085275,0.9992424242424243,0.01122810647487004,1.0,23.0,4.260869565217392,0.6832094900541038,,,,,4.0,,,1.0,2.0,,24.0,1.8333333333333333,0.6760626641336064,5.0,98,24.040816326530614,0.7091312238373202,56.0,2.232142857142857,0.782939542539989,4.0,165,4.278787878787878,1.0440997267855965,92.0,2.3260869565217392,1.1114316883314714,155,2.4064516129032256,1.0186517594099394,,,1.0,94,0.13041922704456826,0.6081756453253737,11.0,44.0,1.2954545454545454,0.42702818114411323,0.09959254945885963,0.43666929264826726,215,4.790697674418604,0.9343305244460907,0.3566823027422023,0.3733617356537231,123,6.0,,,0.3339130434782609,18.833008947161474,5.0051052967453735,15686.0,9.72054881940013,8.421903528678618,18.17704911269685,30.716607033964394,18.572007245395888,23.0,5.9996983213139305,0.02337389802064321,0.08019439868204281,0.7285502471169687,0.07413101514598008,398.0,99.0,15.48339120638336,6214.0,0.2552648372686662,18.79581151832461,3134.0
corpora_selected_txt/SupAdmCo/0009_0Pst_0800034A_prevedeno.txt,CzCDC_SupA031824,0009_0Pst_0800034A_prevedeno,TXT,https://lindat.mff.cuni.cz/repository/xmlui/bitstream/handle/11372/LRT-3052/SupAdmCo.zip,CzCDC,http://hdl.handle.net/11372/LRT-3052,0009_0Pst_0800034A_prevedeno.txt,Pst 9/2008-34,False,,,,,individual,quasiobjective,True,authority,combined,individual,Anonymized by source,,bad,5.0,,,83,1.3132530120481927,0.48928148518349396,1.0,-1.0,,1.0,2.0,,,,,,,,,,,,,,,3.0,20,21.55,0.9309364826693243,4.0,2.5,0.5163977794943222,,19,4.526315789473684,0.6844021813031353,19.0,3.0,1.1055415967851332,22,4.5,1.875301269153355,,,,14,0.12909235103091957,0.7052970710325103,1.0,7.0,1.1428571428571428,0.33071891388307384,0.08708513708513708,0.5217348563465076,28,4.892857142857143,1.167251113074082,0.2985461256027377,0.39423672494947115,33,,,,0.29545454545454547,14.799836535008978,4.560143626570915,2540.0,7.505745062836622,7.40911359540986,13.731517055655296,53.87120035906642,16.669622980251347,9.0,5.945985004902364,0.024615955637328137,0.060283842794759845,0.7040174672489082,0.06763009394584311,138.0,20.0,14.33831761319674,954.0,0.4398563734290844,25.32,557.0
corpora_selected_txt/ConCo/4-673-2000.txt,CzCDC_ConC038132,4-673-2000,TXT,https://lindat.mff.cuni.cz/repository/xmlui/bitstream/handle/11372/LRT-3052/ConCo.zip,CzCDC,http://hdl.handle.net/11372/LRT-3052,4-673-2000.txt,IV. US 673/2000,False,,,,,individual,quasiobjective,True,authority,combined,individual,Anonymized by source,,bad,7.0,,1.0,214,1.3691588785046729,0.5196837530595264,0.9993324432576769,0.009772036632149496,1.0,6.0,7.666666666666667,1.136106174649013,,,,,,,,,,1.0,5.0,1.4,0.3912303982179758,2.0,38,26.55263157894737,0.8943445626573691,30.0,2.7333333333333334,1.0609248559537627,,60,4.016666666666667,0.647419206525957,21.0,2.2857142857142856,1.3705895173245708,61,2.8360655737704916,0.7809945217503119,,1.0,,29,0.12315823892537509,0.44858129814016545,2.0,17.0,1.1176470588235294,0.2971470997535846,0.07220340356242583,0.493258245344924,81,3.6666666666666665,0.7962982538539873,0.28619733700680855,0.36187891766746183,56,2.0,,,0.2537878787878788,20.61571654472504,4.8796711509716,6529.0,9.222197309417043,7.868494740210256,19.438454999606634,28.768485799701068,20.27255133349068,14.0,5.906140524173781,0.03766604089647262,0.07892655367231638,0.7030104923325262,0.10948692653705162,276.0,38.0,16.462420242318135,2567.0,0.34902840059790735,23.272727272727273,1338.0
corpora_selected_txt/ConCo/4-61-05.txt,CzCDC_ConC038512,4-61-05,TXT,https://lindat.mff.cuni.cz/repository/xmlui/bitstream/handle/11372/LRT-3052/ConCo.zip,CzCDC,http://hdl.handle.net/11372/LRT-3052,4-61-05.txt,IV. US 61/05,False,,,,,individual,quasiobjective,True,authority,combined,individual,Anonymized by source,,bad,11.0,,1.0,443,1.4153498871331829,0.5699031844496716,0.999175893081085,0.010075797129032208,1.0,8.0,7.125,1.0514613378085402,,,,,1.0,,,1.0,1.0,1.0,8.0,2.25,0.8143336722781371,5.0,51,31.19607843137255,0.6542431551429805,31.0,3.6451612903225805,0.8427331607967445,1.0,115,4.191304347826087,0.8909809839133048,72.0,2.3194444444444446,1.089804603648713,103,3.0776699029126213,1.5224451057866353,1.0,1.0,1.0,45,0.13660435993299286,0.47322848959653413,4.0,37.0,1.2972972972972974,0.4400005699350966,0.08859300167013183,0.5555674056273889,150,3.96,0.7909512498381657,0.31493130997087787,0.3468989846754084,118,3.0,,,0.33047210300429186,26.40193726221832,5.282649253731344,11326.0,11.24813432835821,8.293027983403059,25.066707921788115,3.2078474173251266,24.11046239391279,17.0,6.010948174041851,0.02298471326646054,0.08993154034229833,0.7349486552567237,0.0739562679167223,354.0,51.0,18.946978176291534,4601.0,0.30783582089552236,16.169934640522875,2144.0
corpora_selected_txt/ConCo/4-416-05.txt,CzCDC_ConC040022,4-416-05,TXT,https://lindat.mff.cuni.cz/repository/xmlui/bitstream/handle/11372/LRT-3052/ConCo.zip,CzCDC,http://hdl.handle.net/11372/LRT-3052,4-416-05.txt,IV. US 416/05,False,,,,,individual,quasiobjective,True,authority,combined,individual,Anonymized by source,,bad,3.0,,2.0,369,1.5067750677506775,0.5770746982160649,0.9987095109046329,0.014327691714095574,,5.0,3.8,0.6282808624375433,,,,,,1.0,,,1.0,,7.0,2.0,0.5,7.0,62,21.983870967741936,0.8552347624403953,31.0,2.2903225806451615,0.7826222079223584,1.0,99,3.909090909090909,1.0816849232859316,61.0,2.4754098360655736,1.1368979184770975,111,2.828828828828829,1.2076381813675063,,2.0,,57,0.14263136405590138,0.4743185360435979,2.0,17.0,1.2352941176470589,0.35395401779329766,0.08009010506278763,0.4210355646554188,141,3.7163120567375887,0.7873547509277308,0.31761671297254196,0.3992436717683317,83,2.0,,,0.29024390243902437,19.16076093457302,5.332445391582312,10009.0,11.217794352690467,8.141133254405906,18.74929881244951,24.237880299723315,19.589698729956865,18.0,5.957474652419517,0.02678140955372499,0.09212035995500567,0.7100562429696288,0.08036927785206364,272.0,62.0,16.72170352117544,3987.0,0.29461907298881196,18.364406779661017,1877.0
corpora_selected_txt/ConCo/4-34-13_1.txt,CzCDC_ConC041091,4-34-13_1,TXT,https://lindat.mff.cuni.cz/repository/xmlui/bitstream/handle/11372/LRT-3052/ConCo.zip,CzCDC,http://hdl.handle.net/11372/LRT-3052,4-34-13_1.txt,IV. US 34/13,False,,,,,individual,quasiobjective,True,authority,combined,individual,Anonymized by source,,bad,6.0,,1.0,198,1.398989898989899,0.45970293854692623,1.0,-1.0,2.0,7.0,5.0,0.4898979485566356,,,,,,,,1.0,,,6.0,1.5,0.5577733510227171,,30,23.7,0.5890677640317642,10.0,2.6,0.6832262868961142,,42,3.9523809523809526,0.805835174711753,27.0,2.259259259259259,0.6790009698041808,46,3.739130434782609,1.5424642497578809,,1.0,1.0,26,0.1350995628306331,0.48822349551074845,1.0,19.0,1.736842105263158,0.3761863525158803,0.12011486738959445,0.5006833867101488,66,4.045454545454546,0.7627346535774672,0.32081097902888966,0.3342189510692389,29,,,,0.3284313725490196,20.61069689440994,5.39648033126294,5213.0,11.575258799171847,7.749562167050122,20.64970703933747,14.897366045548665,21.53424430641822,12.0,5.976204938006234,0.017821554598618977,0.09254901960784312,0.7190426758938869,0.062387614237773184,217.0,30.0,18.207576083477402,2147.0,0.38405797101449274,16.348484848484848,966.0
corpora_selected_txt/ConCo/4-205-97.txt,CzCDC_ConC043926,4-205-97,TXT,https://lindat.mff.cuni.cz/repository/xmlui/bitstream/handle/11372/LRT-3052/ConCo.zip,CzCDC,http://hdl.handle.net/11372/LRT-3052,4-205-97.txt,IV. US 205/97,False,,,,,individual,quasiobjective,True,authority,combined,individual,Anonymized by source,,bad,7.0,,1.0,405,1.4691358024691359,0.49408160586875327,0.9995884773662551,0.008285142773774455,1.0,2.0,2.0,-1.0,,,,,2.0,,1.0,1.0,,,17.0,2.5294117647058822,0.7411821642085249,8.0,58,27.70689655172414,0.614663767718406,39.0,2.4871794871794872,1.3266816234411096,,114,4.692982456140351,1.0906272992019153,47.0,3.25531914893617,1.0746253677547248,106,3.6132075471698113,1.3480675072772268,2.0,1.0,2.0,51,0.14411072866288382,0.4642302211232268,3.0,33.0,1.4242424242424243,0.39368889510560273,0.09835089270425605,0.3552254807046556,155,3.445161290322581,0.7723246111663599,0.2871975362020434,0.424600382610816,50,3.0,,,0.33940774487471526,22.004126404764193,4.926648096564531,10612.0,9.48514391829155,8.343019827736107,20.68864196522908,23.857844491403313,21.46612877405309,17.0,6.075419940858363,0.0258101275845102,0.08248175182481743,0.7620827250608273,0.0784045109998873,381.0,58.0,17.282342177604786,4191.0,0.3115134633240483,17.39189189189189,2154.0
corpora_selected_txt/ConCo/4-1660-17_1.txt,CzCDC_ConC044821,4-1660-17_1,TXT,https://lindat.mff.cuni.cz/repository/xmlui/bitstream/handle/11372/LRT-3052/ConCo.zip,CzCDC,http://hdl.handle.net/11372/LRT-3052,4-1660-17_1.txt,IV. US 1660/17,False,,,,,individual,quasiobjective,True,authority,combined,individual,Anonymized by source,,bad,1.0,,,131,1.4198473282442747,0.4700644922134826,1.0,-1.0,,2.0,10.5,0.20203050891044214,,,,,,,,1.0,,,1.0,3.0,,1.0,24,20.416666666666668,0.8613964680662027,3.0,2.3333333333333335,0.24743582965269678,,35,4.8,1.0103124314539176,29.0,1.5862068965517242,0.5464206066219272,35,3.1142857142857143,1.0470851027520987,,1.0,,21,0.15847536529063658,0.5175713538951091,2.0,9.0,1.4444444444444444,0.36487819155789,0.10156332602153036,0.5234362328141806,55,3.0,0.8037975708966928,0.32995965895177143,0.4815631464831189,23,,,,0.38235294117647056,16.92686333333333,5.272307692307693,3427.0,10.823846153846153,7.558527460561923,16.602668717948717,32.891235897435905,17.048717948717947,8.0,5.94371741813828,0.029954512186864384,0.07838475499092556,0.7154264972776769,0.08993780418257685,189.0,24.0,14.848354935788365,1346.0,0.46,13.607843137254902,650.0
corpora_selected_txt/ConCo/4-133-03.txt,CzCDC_ConC045508,4-133-03,TXT,https://lindat.mff.cuni.cz/repository/xmlui/bitstream/handle/11372/LRT-3052/ConCo.zip,CzCDC,http://hdl.handle.net/11372/LRT-3052,4-133-03.txt,IV. US 133/03,False,,,,,individual,quasiobjective,True,authority,combined,individual,Anonymized by source,,bad,,,,40,1.2,0.3375797890278889,1.0,-1.0,,,,,,,,,,,,,,,,,,,11,14.727272727272727,0.6319492492920942,3.0,2.0,-1.0,1.0,5,5.2,0.7619851060061135,5.0,5.0,1.0677078252031311,11,3.3636363636363638,1.2349310849250836,,,,7,0.1200359665634808,0.35721362817657065,,4.0,1.0,-1.0,0.10238095238095238,0.35274867073036736,10,4.3,0.502980719302584,0.3596927925875294,0.3086569359376227,9,,,,0.28,7.756607310215557,4.396907216494846,853.0,6.143814432989695,6.227277793510942,7.889728678537956,74.56153608247423,12.621555763823807,5.0,5.688752085150929,0.010805071402703354,0.12010526315789471,0.6173684210526316,0.037522197416259034,61.0,11.0,12.079253325248374,321.0,0.5103092783505154,25.0,194.0
corpora_selected_txt/ConCo/3-432-05.txt,CzCDC_ConC048957,3-432-05,TXT,https://lindat.mff.cuni.cz/repository/xmlui/bitstream/handle/11372/LRT-3052/ConCo.zip,CzCDC,http://hdl.handle.net/11372/LRT-3052,3-432-05.txt,III. US 432/05,False,,,,,individual,quasiobjective,True,authority,combined,individual,Anonymized by source,,bad,7.0,,2.0,383,1.5013054830287207,0.4743723551446982,1.0,-1.0,,10.0,6.1,1.0664841284284514,,,,,,,,,,,10.0,1.7,0.9217771979249537,18.0,49,30.285714285714285,0.6108118720621714,48.0,2.0625,0.9079296257864333,4.0,119,3.9243697478991595,0.8620001058441583,54.0,2.5,0.9508685205622418,103,2.8640776699029127,1.106332545267045,,1.0,,46,0.1386757609952003,0.4490268270987354,4.0,30.0,1.5666666666666667,0.6200623316071769,0.1001380712311524,0.6880670289385088,168,3.113095238095238,0.8734874502259002,0.28671546167629186,0.3957696690174201,85,5.0,,,0.3273942093541203,24.987408305553288,5.0791832669322705,10199.0,10.274252988047808,8.229259074213676,23.39615817342873,12.601714082445724,23.20458573867794,17.0,5.9856040345952515,0.030397509214297777,0.08148768988999477,0.7216134101623887,0.08902578298727544,296.0,49.0,18.221557056423915,4063.0,0.29780876494023906,15.91095890410959,2008.0
corpora_selected_txt/ConCo/3-376-98.txt,CzCDC_ConC049636,3-376-98,TXT,https://lindat.mff.cuni.cz/repository/xmlui/bitstream/handle/11372/LRT-3052/ConCo.zip,CzCDC,http://hdl.handle.net/11372/LRT-3052,3-376-98.txt,III. US 376/98,False,,,,,individual,quasiobjective,True,authority,combined,individual,Anonymized by source,,bad,,,,51,1.1764705882352942,0.3272613634390714,1.0,-1.0,,,,,,,,,,,,,,,,,,,13,14.538461538461538,0.5549841690867238,4.0,1.25,0.4,,10,4.1,0.9013030277668675,5.0,4.0,0.82915619758885,13,2.0,1.0801234497346435,,,,8,0.1032409462169524,0.19768991020647755,,3.0,1.3333333333333333,0.4330127018922193,0.1275252525252525,0.297524340620133,13,3.769230769230769,0.5432176185390271,0.3405155516997622,0.3946716196735413,6,,,,0.25,8.33003238866397,4.5701754385964914,1042.0,6.949122807017547,6.4322207447270205,8.629635964912278,69.34113090418354,13.682051282051283,6.0,5.819951813378163,0.03372187516086792,0.1101550387596899,0.6631782945736434,0.10272042333130248,75.0,13.0,12.896187039172386,397.0,0.5131578947368421,26.142857142857142,228.0
corpora_selected_txt/ConCo/3-332-06.txt,CzCDC_ConC050288,3-332-06,TXT,https://lindat.mff.cuni.cz/repository/xmlui/bitstream/handle/11372/LRT-3052/ConCo.zip,CzCDC,http://hdl.handle.net/11372/LRT-3052,3-332-06.txt,III. US 332/06,False,,,,,individual,quasiobjective,True,authority,combined,individual,Anonymized by source,,bad,,,2.0,123,1.3333333333333333,0.47692663628009146,1.0,-1.0,,,,,,,,,,,,,,,2.0,1.5,0.47140452079103173,1.0,19,28.842105263157894,1.5005322056944292,8.0,2.25,0.6172133998483676,1.0,26,10.807692307692308,2.1759349307916405,20.0,9.0,2.8839363756580005,28,4.428571428571429,1.3057618722940472,1.0,,,15,0.13199770355636645,0.5043262797952368,4.0,9.0,1.5555555555555556,0.33881546358946923,0.11255935422602088,0.2880543565610034,47,3.0425531914893615,0.7931974935043842,0.36816256264942127,0.5403242717000638,26,,,,0.2982456140350877,20.389247746012174,4.691068814055637,3204.0,8.352415812591504,7.403144774494372,18.94763304307621,33.486783308931194,20.352593049240966,11.0,5.84168437786331,0.030732659100921676,0.08537671232876709,0.6708732876712329,0.09823786359309926,161.0,19.0,16.365449353599214,1245.0,0.4084919472913616,22.424242424242426,683.0
corpora_selected_txt/ConCo/3-2882-17_1.txt,CzCDC_ConC051090,3-2882-17_1,TXT,https://lindat.mff.cuni.cz/repository/xmlui/bitstream/handle/11372/LRT-3052/ConCo.zip,CzCDC,http://hdl.handle.net/11372/LRT-3052,3-2882-17_1.txt,III. US 2882/17,False,,,,,individual,quasiobjective,True,authority,combined,individual,Anonymized by source,,bad,,,1.0,130,1.376923076923077,0.4807706130711518,0.9987179487179488,0.014636398268281614,,1.0,12.0,,,,,,2.0,,,,,,3.0,1.6666666666666667,0.3464101615137755,2.0,26,16.884615384615383,0.5968161504927734,8.0,2.375,0.31327318279698735,1.0,27,3.4444444444444446,0.41320166014028537,19.0,2.736842105263158,1.247087336339197,30,3.8,1.0352466374463007,,,,20,0.12192163836687162,0.4074885353169919,4.0,6.0,1.0,-1.0,0.08966149591149591,0.22269682148039308,39,3.8205128205128207,0.6435884501253367,0.3096376913684606,0.3476863692553484,27,,,,0.30434782608695654,12.981673373796013,4.998284734133791,2914.0,9.316466552315608,6.9156472566137825,13.407675814751283,45.936857237102515,16.722232484496637,10.0,5.707320336751534,0.030667668591864993,0.13276859504132232,0.6289876033057851,0.09393201511797858,108.0,26.0,15.038708451227034,1158.0,0.34991423670668953,18.794117647058822,583.0
corpora_selected_txt/ConCo/3-157-12_1.txt,CzCDC_ConC053720,3-157-12_1,TXT,https://lindat.mff.cuni.cz/repository/xmlui/bitstream/handle/11372/LRT-3052/ConCo.zip,CzCDC,http://hdl.handle.net/11372/LRT-3052,3-157-12_1.txt,III. US 157/12,False,,,,,individual,quasiobjective,True,authority,combined,individual,Anonymized by source,,bad,5.0,2.0,2.0,318,1.4528301886792452,0.4932563066448845,0.9994758909853249,0.00935110356587677,,5.0,4.2,0.35315230890931726,,,,,,,,,1.0,,6.0,2.1666666666666665,0.7394224517352564,6.0,47,25.340425531914892,0.9648902003509657,25.0,3.68,1.580064321750721,,78,5.423076923076923,1.1595921428167997,35.0,3.3714285714285714,1.3783049572384607,81,4.012345679012346,1.7743996067676076,2.0,3.0,,40,0.13180384873487405,0.40859877887683826,6.0,25.0,1.56,0.5576063397734994,0.12186548814102993,0.6849246424211323,108,3.9074074074074074,0.8680835137048104,0.32013758538886,0.4611614731163246,52,1.0,,,0.2826086956521739,20.217230680259306,5.037926675094817,7970.0,9.928571428571429,8.054888741608076,19.520305524921312,25.31357454878018,20.240062404174626,14.0,5.9339626951824815,0.02303872843099654,0.06455832771409298,0.7032973701955496,0.07698933858874399,254.0,47.0,16.77064009524631,3189.0,0.3166877370417193,20.455555555555556,1582.0
corpora_selected_txt/ConCo/2-553-99.txt,CzCDC_ConC056606,2-553-99,TXT,https://lindat.mff.cuni.cz/repository/xmlui/bitstream/handle/11372/LRT-3052/ConCo.zip,CzCDC,http://hdl.handle.net/11372/LRT-3052,2-553-99.txt,II. US 553/99,False,,,,,individual,quasiobjective,True,authority,combined,individual,Anonymized by source,,bad,,,,54,1.3888888888888888,0.5123088690999703,0.9969135802469137,0.02275067872554035,,3.0,7.0,0.24743582965269675,,,,,,,,,,,1.0,4.0,,1.0,12,17.25,0.7461369326844673,3.0,2.3333333333333335,0.6546536707079771,,8,4.125,0.47500837140589447,9.0,1.3333333333333333,0.375,15,3.066666666666667,1.4813859915115342,,1.0,,8,0.10135281385281385,0.47600903166731656,,5.0,1.0,-1.0,0.09731601731601731,0.41426749192865625,15,4.733333333333333,0.6260423620034586,0.34928205322942163,0.3477309145276733,18,,,,0.25,13.579365757575758,5.076363636363636,1396.0,9.71090909090909,6.315804135108127,13.059026666666664,49.23273333333334,16.148484848484852,6.0,5.670438487842042,0.021563868137823326,0.08204545454545453,0.6172727272727273,0.08648078282154223,52.0,12.0,14.554592549557764,528.0,0.4036363636363636,23.272727272727273,275.0
corpora_selected_txt/ConCo/2-2825-08_1.txt,CzCDC_ConC059869,2-2825-08_1,TXT,https://lindat.mff.cuni.cz/repository/xmlui/bitstream/handle/11372/LRT-3052/ConCo.zip,CzCDC,http://hdl.handle.net/11372/LRT-3052,2-2825-08_1.txt,II. US 2825/08,False,,,,,individual,quasiobjective,True,authority,combined,individual,Anonymized by source,,bad,,,,60,1.25,0.37911583132246285,1.0,-1.0,,,,,,,,,,,,,,,,,,,12,17.916666666666668,0.6396874697850121,7.0,2.5714285714285716,0.805076485899413,,12,5.25,1.1603992801547371,6.0,3.5,1.1392801164215363,14,2.2857142857142856,1.1692679333668567,,,,9,0.12570751211102088,0.4195768035180179,,6.0,1.1666666666666667,0.34992710611188255,0.08510939596465912,0.31539919913283965,19,3.210526315789474,0.592612810329263,0.29507928618845297,0.32311959094907644,13,,,,0.29411764705882354,12.973154761904766,4.839285714285714,1355.0,8.61892857142857,6.6762536664966605,13.027797619047615,50.22380952380955,15.476190476190476,6.0,5.816601777868612,0.01829662811099877,0.11121546961325968,0.6707182320441989,0.05484893349227064,106.0,12.0,13.943154165760404,530.0,0.5285714285714286,18.857142857142858,280.0
corpora_selected_txt/ConCo/2-2435-08_1.txt,CzCDC_ConC060645,2-2435-08_1,TXT,https://lindat.mff.cuni.cz/repository/xmlui/bitstream/handle/11372/LRT-3052/ConCo.zip,CzCDC,http://hdl.handle.net/11372/LRT-3052,2-2435-08_1.txt,II. US 2435/08,False,,,,,individual,quasiobjective,True,authority,combined,individual,Anonymized by source,,bad,4.0,,2.0,237,1.4430379746835442,0.44308511954272406,1.0,-1.0,,1.0,2.0,,,,,,,1.0,,,,1.0,5.0,4.0,0.8100925873009825,3.0,41,17.5609756097561,0.8161202584390169,21.0,2.1904761904761907,0.6229313591888511,2.0,57,3.7719298245614037,0.9360111216767939,20.0,2.95,0.9866126375586894,51,1.9803921568627452,0.6265472955628334,1.0,2.0,,30,0.15752360033230187,0.4640174879243934,3.0,17.0,1.3529411764705883,0.5808864876472777,0.09593465681609917,0.6038019790657817,69,4.043478260869565,0.8359195550529023,0.30579232361206615,0.3510404392412817,57,1.0,,,0.2968036529680365,15.511146782250954,5.366465863453815,5345.0,11.14508032128514,7.824204542960636,16.137397933196198,30.845144186502125,17.026310118522872,12.0,5.997354139525381,0.02736979144689182,0.08743589743589741,0.7293979933110368,0.08999855678550622,227.0,41.0,15.165280761232907,2170.0,0.39759036144578314,16.328125,996.0
corpora_selected_txt/ConCo/2-227-97.txt,CzCDC_ConC060971,2-227-97,TXT,https://lindat.mff.cuni.cz/repository/xmlui/bitstream/handle/11372/LRT-3052/ConCo.zip,CzCDC,http://hdl.handle.net/11372/LRT-3052,2-227-97.txt,II. US 227/97,False,,,,,individual,quasiobjective,True,authority,combined,individual,Anonymized by source,,bad,5.0,,1.0,392,1.3673469387755102,0.516611185035321,0.9992559523809523,0.010517322237253596,,6.0,8.166666666666666,0.7564797139939037,,,,,1.0,1.0,1.0,,2.0,,18.0,1.5555555555555556,0.8017837257372731,6.0,72,22.0,0.9240132514654296,55.0,2.272727272727273,1.0106690120172142,,136,3.286764705882353,1.0783354626122472,80.0,1.8625,1.122810182203893,117,2.4871794871794872,1.4683900225554274,,1.0,,67,0.16362091367991022,0.43522954481459236,4.0,36.0,1.2777777777777777,0.4017246105305401,0.09886992713360103,0.4258039886889199,178,3.146067415730337,0.6569984181719593,0.3226627635614244,0.41339347707153706,100,2.0,2.0,,0.38929440389294406,17.22059123718482,5.220947630922693,10468.0,10.61142144638404,8.250750244768883,17.282798448323632,29.68790080354671,18.041632031033526,18.0,6.040795166106011,0.021909688118085947,0.0878698845750262,0.748105981112277,0.06702297602410602,360.0,72.0,15.652340960975984,4214.0,0.3167082294264339,14.628930817610064,2005.0
corpora_selected_txt/ConCo/2-1225-14_1.txt,CzCDC_ConC063175,2-1225-14_1,TXT,https://lindat.mff.cuni.cz/repository/xmlui/bitstream/handle/11372/LRT-3052/ConCo.zip,CzCDC,http://hdl.handle.net/11372/LRT-3052,2-1225-14_1.txt,II. US 1225/14,False,,,,,individual,quasiobjective,True,authority,combined,individual,Anonymized by source,,bad,2.0,,,61,1.5573770491803278,0.5685997120139161,0.9976580796252927,0.01833391942701093,,,,,,,,,,,,,,,,,,1.0,12,17.333333333333332,0.7788299661617424,3.0,4.666666666666667,0.5392738882336249,,13,2.6923076923076925,0.4645237485050361,6.0,5.0,1.3856406460551018,12,2.25,0.7122465682345129,1.0,1.0,1.0,9,0.15773420479302833,0.4068485944350354,,5.0,1.4,0.3912303982179758,0.08946532999164578,0.2859458080257448,18,3.6666666666666665,0.8923594001180778,0.2776359760428388,0.31466358127707034,18,,,,0.296875,15.383499999999998,5.468085106382978,1542.0,11.582978723404254,6.825855643914379,16.26289716312057,28.509737588652484,19.045390070921986,6.0,5.934143167360648,0.02627385444180774,0.1019672131147541,0.71224043715847,0.07678728749408031,107.0,12.0,16.728156217252725,631.0,0.549645390070922,13.777777777777779,282.0
corpora_selected_txt/ConCo/1-546-2000.txt,CzCDC_ConC065673,1-546-2000,TXT,https://lindat.mff.cuni.cz/repository/xmlui/bitstream/handle/11372/LRT-3052/ConCo.zip,CzCDC,http://hdl.handle.net/11372/LRT-3052,1-546-2000.txt,I. US 546/2000,False,,,,,individual,quasiobjective,True,authority,combined,individual,Anonymized by source,,bad,5.0,,,79,1.4683544303797469,0.5095863691565059,1.0,-1.0,,5.0,3.2,0.6774838558962124,,,,,,,,,2.0,,4.0,1.0,-1.0,1.0,16,26.9375,1.177406455914195,7.0,2.2857142857142856,0.7872684844871328,,21,6.619047619047619,1.817649782648943,18.0,7.611111111111111,2.6710999233931565,20,5.25,1.0931111525752872,,,,11,0.12590876145327987,0.6273523876397538,1.0,9.0,1.1111111111111112,0.3,0.07618593550134359,0.4194857882232002,35,3.142857142857143,1.0154374780137785,0.28588678675742285,0.58468426813983,22,,,,0.27350427350427353,22.059977283001807,5.3851717902350815,2978.0,11.582820976491865,7.467788060109768,21.13369891500904,16.01608408679928,20.913607594936707,8.0,5.981687735706158,0.02809110333084837,0.08240088105726873,0.7262775330396476,0.09270585678799044,159.0,16.0,17.267425705330172,1184.0,0.46835443037974683,18.322580645161292,553.0
corpora_selected_txt/ConCo/1-417-13_1.txt,CzCDC_ConC066778,1-417-13_1,TXT,https://lindat.mff.cuni.cz/repository/xmlui/bitstream/handle/11372/LRT-3052/ConCo.zip,CzCDC,http://hdl.handle.net/11372/LRT-3052,1-417-13_1.txt,I. US 417/13,False,,,,,individual,quasiobjective,True,authority,combined,individual,Anonymized by source,,bad,4.0,,,332,1.5271084337349397,0.6426068165102026,0.9982201533406353,0.01656893020776018,,7.0,7.571428571428571,0.9580621040071913,,,,1.0,,,,1.0,,,6.0,1.1666666666666667,0.34992710611188255,7.0,75,16.44,0.8720748995698433,34.0,2.3529411764705883,1.0560790833564644,1.0,93,3.860215053763441,1.090133018389773,44.0,2.909090909090909,1.625600850454994,90,2.8777777777777778,1.5901224390412891,,1.0,,56,0.155785006945289,0.42006097778177415,7.0,32.0,1.53125,0.5497632746982376,0.09696464847777482,0.41583825314416134,139,3.1223021582733814,0.8753831684994007,0.3107055838718383,0.47667726442245395,60,2.0,,,0.29219143576826195,14.63060294498382,5.525485436893204,9106.0,11.768203883495145,8.210798831061167,15.848393042071194,28.47951870550162,17.697100323624596,13.0,6.004935938520197,0.019294466246493367,0.08513879922530665,0.7336346029696579,0.05738286462464375,347.0,75.0,15.766197499030383,3756.0,0.3580097087378641,15.88695652173913,1648.0
corpora_selected_txt/ConCo/1-313-08_1.txt,CzCDC_ConC068425,1-313-08_1,TXT,https://lindat.mff.cuni.cz/repository/xmlui/bitstream/handle/11372/LRT-3052/ConCo.zip,CzCDC,http://hdl.handle.net/11372/LRT-3052,1-313-08_1.txt,I. US 313/08,False,,,,,individual,quasiobjective,True,authority,combined,individual,Anonymized by source,,bad,,,,66,1.4090909090909092,0.5129242937758371,1.0,-1.0,,,,,,,,,,,,,,,,,,1.0,14,14.571428571428571,0.71761038075217,5.0,5.2,1.3827444624805807,,9,3.0,0.40824829046386296,8.0,2.125,1.1646464631307842,14,4.785714285714286,1.267528369702395,,1.0,,9,0.12455404857365641,0.36013867272940386,,3.0,1.3333333333333333,0.4330127018922194,0.10243612596553774,0.6722104692835824,15,4.4,0.6122519255232814,0.3264267214267214,0.3869922878773992,10,,,,0.23529411764705882,10.75574828676858,4.918819188191882,1333.0,8.740959409594092,6.477330174297011,11.096186610437531,55.94601950448076,13.79451765946231,7.0,5.674807977591346,0.031160091688105483,0.12505813953488376,0.6423837209302325,0.08950671546325122,87.0,14.0,12.905362322585251,517.0,0.4907749077490775,23.818181818181817,271.0
corpora_selected_txt/ConCo/1-2909-11_1.txt,CzCDC_ConC068855,1-2909-11_1,TXT,https://lindat.mff.cuni.cz/repository/xmlui/bitstream/handle/11372/LRT-3052/ConCo.zip,CzCDC,http://hdl.handle.net/11372/LRT-3052,1-2909-11_1.txt,I. US 2909/11,False,,,,,individual,quasiobjective,True,authority,combined,individual,Anonymized by source,,bad,6.0,,2.0,568,1.4225352112676057,0.45600853794408003,0.9997065727699531,0.006995230576937467,,17.0,4.529411764705882,0.6765255307272259,,,,,1.0,,,2.0,1.0,,12.0,1.5833333333333333,0.7354737807671464,5.0,84,23.94047619047619,0.7259868295425554,52.0,2.9038461538461537,1.294386863275016,4.0,141,4.00709219858156,1.1940435951753257,64.0,2.9375,1.4364810100620893,164,2.6890243902439024,1.4741040404319365,2.0,3.0,1.0,77,0.1539772018725314,0.4678448597918217,13.0,54.0,1.5,0.5607721540920444,0.09621085475039948,0.4399971811247865,216,3.3935185185185186,0.8827925697789343,0.3012538941258614,0.349390844581201,77,2.0,,,0.2777777777777778,19.920486186272967,5.1791099668995955,14082.0,10.558256712026479,8.106662207622454,19.26249137463003,24.65774789400868,19.567699959719086,21.0,5.905254656404983,0.022431518697272133,0.10122900763358778,0.6981679389312977,0.06769983732045229,324.0,84.0,16.351538315227643,5604.0,0.24420742920191246,18.82758620689655,2719.0
corpora_selected_txt/ConCo/1-167-17_1.txt,CzCDC_ConC071515,1-167-17_1,TXT,https://lindat.mff.cuni.cz/repository/xmlui/bitstream/handle/11372/LRT-3052/ConCo.zip,CzCDC,http://hdl.handle.net/11372/LRT-3052,1-167-17_1.txt,I. US 167/17,False,,,,,individual,quasiobjective,True,authority,combined,individual,Anonymized by source,,bad,3.0,,,237,1.4388185654008439,0.5435828146199482,0.9986939923648785,0.014247621276340891,,11.0,10.454545454545455,1.3047767410731113,,,,,,1.0,,,,,7.0,1.5714285714285714,0.3401506715249038,3.0,40,21.9,0.889325033779367,16.0,1.8125,0.7324644439918209,1.0,63,4.238095238095238,0.8886561052211824,41.0,1.6097560975609757,0.7718801060214113,56,2.9642857142857144,1.2406926616975669,,2.0,,30,0.13616461646833988,0.4762286059738523,2.0,15.0,1.2,0.3450327796711771,0.07481541162655714,0.4322336210627194,77,4.207792207792208,0.8208519175776909,0.3203472006446924,0.41290481798831136,46,1.0,,,0.28793774319066145,18.59410675675676,5.293918918918919,6268.0,11.015202702702704,7.95372100285881,18.545471283783783,24.36599594594597,19.745405405405407,12.0,5.946264783381697,0.030629796332260345,0.07783410138248847,0.7133179723502304,0.08000960980152737,264.0,40.0,16.946389875369917,2534.0,0.38344594594594594,17.945205479452056,1184.0
corpora_selected_txt/ConCo/1-1437-11_1.txt,CzCDC_ConC072028,1-1437-11_1,TXT,https://lindat.mff.cuni.cz/repository/xmlui/bitstream/handle/11372/LRT-3052/ConCo.zip,CzCDC,http://hdl.handle.net/11372/LRT-3052,1-1437-11_1.txt,I. US 1437/11,False,,,,,individual,quasiobjective,True,authority,combined,individual,Anonymized by source,,bad,,,1.0,71,1.3661971830985915,0.4501811898727975,1.0,-1.0,,,,,,,,,,,,,,,,,,,16,15.625,0.657624006050063,5.0,2.2,0.7468943965979538,1.0,16,5.125,1.0896007633614009,8.0,1.125,0.3142696805273545,15,2.466666666666667,0.904785703903704,,2.0,,11,0.12497051874320476,0.4159123676309327,,6.0,1.1666666666666667,0.34992710611188255,0.08338712943976101,0.23808138782455993,19,4.526315789473684,0.676431550009642,0.32214762655735446,0.28399301313766256,20,,,,0.26153846153846155,12.477544324925816,5.094955489614243,1717.0,9.688427299703262,6.8945160996437815,12.906802670623144,46.80496884272996,15.902744807121662,6.0,5.940073901519546,0.022031796085908068,0.10394957983193276,0.7096638655462185,0.062172634952599816,103.0,16.0,14.464979459706687,677.0,0.49554896142433236,18.9375,337.0
corpora_selected_txt/SupAdmCo/0018_9Azs_13_20131101094509_prevedeno.txt,CzCDC_SupA033811,0018_9Azs_13_20131101094509_prevedeno,TXT,https://lindat.mff.cuni.cz/repository/xmlui/bitstream/handle/11372/LRT-3052/SupAdmCo.zip,CzCDC,http://hdl.handle.net/11372/LRT-3052,0018_9Azs_13_20131101094509_prevedeno.txt,9 Azs 18/2013-31,False,,,,,individual,quasiobjective,True,authority,combined,individual,Anonymized by source,,bad,,,1.0,141,1.3546099290780143,0.5079004365639789,0.9976359338061465,0.019825561206014423,,2.0,5.0,0.282842712474619,,,,2.0,1.0,,,,,,4.0,1.5,0.38490017945975047,7.0,28,21.464285714285715,0.7926202728297064,15.0,2.0,0.8864052604279182,,37,5.0,0.9786612170602134,20.0,1.95,1.0048499986788961,45,2.7333333333333334,1.0591964591844023,1.0,,,25,0.1316255831905162,0.4124843629735614,1.0,11.0,1.1818181818181819,0.3422860840197998,0.08551947903552182,0.3785545066565678,53,4.3584905660377355,1.050541109674982,0.3187704221282854,0.42290301538760827,27,,,,0.2619047619047619,15.483656428571422,4.6225,3698.0,7.824749999999996,7.499627257606962,14.743715357142854,48.32772142857144,15.928571428571429,12.0,5.874545791605835,0.02411600360560159,0.09151212553495003,0.6752924393723253,0.06859217087772188,148.0,28.0,13.371156678226303,1426.0,0.365,21.813953488372093,800.0
corpora_selected_txt/SupAdmCo/0176_9Azs_1700020_20180130203025_20180205084018_prevedeno.txt,CzCDC_SupA033815,0176_9Azs_1700020_20180130203025_20180205084018_prevedeno,TXT,https://lindat.mff.cuni.cz/repository/xmlui/bitstream/handle/11372/LRT-3052/SupAdmCo.zip,CzCDC,http://hdl.handle.net/11372/LRT-3052,0176_9Azs_1700020_20180130203025_20180205084018_prevedeno.txt,9 Azs 176/2017-20,False,,,,,individual,quasiobjective,True,authority,combined,individual,Anonymized by source,,bad,,,1.0,219,1.5022831050228311,0.7307862864414507,0.996538773251102,0.023187300011746407,,2.0,2.5,0.282842712474619,,,,,,,,,1.0,,7.0,1.4285714285714286,0.5507570547286103,5.0,40,20.325,1.3455388366771435,24.0,20.75,0.7971308056500365,,50,4.12,0.7398505998441954,29.0,2.586206896551724,1.2928668771009495,50,5.44,1.7616708093951865,,,,32,0.15391385916917943,0.47908385360635486,1.0,18.0,1.2777777777777777,0.36069542527498183,0.08595062345062345,0.4414079558123682,76,3.960526315789474,0.9205306438073526,0.3391825626580606,0.5493386496687855,39,,,,0.2620967741935484,16.43581772227178,4.989642184557439,5299.0,9.527966101694917,7.784464533026371,16.3368330855387,36.31539924670433,17.61962533452275,13.0,5.912634396315526,0.022261438003412064,0.09303219106957417,0.6916926272066459,0.07205676100008233,216.0,38.0,15.247664890283005,2116.0,0.3606403013182674,19.25,1062.0
corpora_selected_txt/SupAdmCo/0162_9Azs_0700061A_prevedeno.txt,CzCDC_SupA033828,0162_9Azs_0700061A_prevedeno,TXT,https://lindat.mff.cuni.cz/repository/xmlui/bitstream/handle/11372/LRT-3052/SupAdmCo.zip,CzCDC,http://hdl.handle.net/11372/LRT-3052,0162_9Azs_0700061A_prevedeno.txt,9 Azs 162/2007-,False,,,,,individual,quasiobjective,True,authority,combined,individual,Anonymized by source,,bad,1.0,,2.0,179,1.4245810055865922,0.5093853247824012,0.9990689013035382,0.012468861286355685,,2.0,4.5,0.4714045207910316,,,,,,,,,,,,,,4.0,29,24.862068965517242,0.8839494697870997,19.0,2.526315789473684,1.4172112243137887,,39,5.641025641025641,1.29215772889622,18.0,2.2222222222222223,0.7166096648557747,39,2.948717948717949,1.254393532355981,,,,23,0.09345424157592344,0.5122488370835041,1.0,7.0,1.2857142857142858,0.3795166950355407,0.08877551020408163,0.4733296773350715,46,6.173913043478261,0.9526271632700593,0.3770671380744213,0.4001993813538801,52,,,,0.17105263157894737,18.280516107799755,4.706256627783669,4438.0,8.339872746553551,7.626028571794387,17.251727977474673,38.62445449226607,18.563630379931986,12.0,5.958652115163639,0.02711698599648515,0.07982227488151661,0.7121208530805687,0.08609680358326113,166.0,29.0,15.270858337128992,1728.0,0.344644750795334,43.08,943.0
corpora_selected_txt/SupCo/rozhodnuti-8_Tdo_1036_2006.txt,CzCDC_SupC058597,rozhodnuti-8_Tdo_1036_2006,TXT,https://lindat.mff.cuni.cz/repository/xmlui/bitstream/handle/11372/LRT-3052/SupCoCo.zip,CzCDC,http://hdl.handle.net/11372/LRT-3052,rozhodnuti-8_Tdo_1036_2006.txt,8 Tdo 1036/2006,False,,,,,individual,quasiobjective,True,authority,combined,individual,Anonymized by source,,bad,1.0,,,167,1.3353293413173652,0.43968069653327335,1.0,-1.0,,8.0,7.0,0.9289638103462075,,,,,,1.0,,,1.0,,2.0,3.0,0.47140452079103173,6.0,35,22.885714285714286,1.0623498269050404,27.0,4.777777777777778,1.5536742146720375,1.0,59,3.4237288135593222,0.713805412973354,29.0,1.9655172413793103,1.1003291229755863,51,2.9411764705882355,1.6197876404022842,,,,28,0.14181795904982736,0.4658536077015817,2.0,11.0,1.2727272727272727,0.5080976926793925,0.10025713645893775,0.47479073150693946,78,3.4743589743589745,1.0575026958818285,0.3056984547501222,0.4172387760684092,21,2.0,,,0.32,14.426816438356163,4.226027397260274,4319.0,5.982876712328766,7.39071386473188,13.562867906066533,57.54162152641881,16.415812133072407,14.0,5.732045036815237,0.03422101462579328,0.06590465872156015,0.6416793066088841,0.09483467461069342,159.0,35.0,13.751034004690482,1653.0,0.30919765166340507,18.88888888888889,1022.0
corpora_selected_txt/SupCo/rozhodnuti-7_Tdo_1531_2015.txt,CzCDC_SupC060881,rozhodnuti-7_Tdo_1531_2015,TXT,https://lindat.mff.cuni.cz/repository/xmlui/bitstream/handle/11372/LRT-3052/SupCoCo.zip,CzCDC,http://hdl.handle.net/11372/LRT-3052,rozhodnuti-7_Tdo_1531_2015.txt,7 Tdo 1531/2015,False,,,,,individual,quasiobjective,True,authority,combined,individual,Anonymized by source,,bad,2.0,,,439,1.3644646924829158,0.5260809971718783,0.9989875980764363,0.012422183486749443,,12.0,4.333333333333333,0.6769866467290042,,,,1.0,,,,,2.0,1.0,14.0,1.6428571428571428,0.5124592785206668,6.0,64,25.5,0.9162856567395609,47.0,2.5319148936170213,0.8670754924166049,3.0,134,3.985074626865672,1.0191851285553948,69.0,2.5652173913043477,1.4424011745763203,119,2.504201680672269,1.195585885636018,,1.0,2.0,58,0.14923541013604827,0.39981384832505773,4.0,30.0,1.1666666666666667,0.3248991615338157,0.07924877882695221,0.42993436138955704,177,3.2768361581920904,0.9752490576854036,0.2930695474008915,0.3847911709111059,65,2.0,,,0.2936344969199179,19.71088933823529,4.749773755656109,10497.0,8.595701357466064,7.875539534426714,18.539885294117646,33.61710294117648,19.712952488687787,22.0,5.7940991331956395,0.03493308803982911,0.07568450971103746,0.6597631454287067,0.10498081191905456,287.0,64.0,16.02238993362439,4108.0,0.2529411764705882,18.028169014084508,2210.0
corpora_selected_txt/SupCo/rozhodnuti-7_Tdo_1127_2006.txt,CzCDC_SupC061580,rozhodnuti-7_Tdo_1127_2006,TXT,https://lindat.mff.cuni.cz/repository/xmlui/bitstream/handle/11372/LRT-3052/SupCoCo.zip,CzCDC,http://hdl.handle.net/11372/LRT-3052,rozhodnuti-7_Tdo_1127_2006.txt,7 Tdo 1127/2006,False,,,,,individual,quasiobjective,True,authority,combined,individual,Anonymized by source,,bad,1.0,,,264,1.375,0.4251467654555965,1.0,-1.0,2.0,5.0,7.8,0.7331271002818358,,,,,,,,1.0,,,7.0,2.857142857142857,0.7404953297174354,,47,22.23404255319149,0.933596336388282,24.0,2.5416666666666665,0.7694067366067429,,76,4.2368421052631575,1.0138036278623832,52.0,2.0384615384615383,0.7829887802945972,66,2.9545454545454546,1.1685983964165871,,,,39,0.1467832190953977,0.49255761705083384,3.0,26.0,1.3846153846153846,0.5035675197166515,0.09310033527109021,0.4806729212315893,99,3.6363636363636362,1.1543948852192685,0.3082342956990632,0.37909834422683,44,1.0,,,0.2962962962962963,16.131806844966846,4.758493353028065,6443.0,8.47215657311669,7.80022126021062,15.679760834721392,42.39780536786198,17.697702630503787,15.0,5.8949492164677135,0.037375110595805804,0.07794422310756977,0.6933386454183267,0.11942554927930776,223.0,47.0,15.175829255058439,2534.0,0.31388478581979323,18.183908045977013,1354.0
corpora_selected_txt/SupAdmCo/0096_7As__100_20110209090145_prevedeno.txt,CzCDC_SupA036639,0096_7As__100_20110209090145_prevedeno,TXT,https://lindat.mff.cuni.cz/repository/xmlui/bitstream/handle/11372/LRT-3052/SupAdmCo.zip,CzCDC,http://hdl.handle.net/11372/LRT-3052,0096_7As__100_20110209090145_prevedeno.txt,7 As 96/2010-76,False,,,,,individual,quasiobjective,True,authority,combined,individual,Anonymized by source,,bad,3.0,,1.0,622,1.3794212218649518,0.5223876804432662,0.9986602357984994,0.014914805138420091,,2.0,4.0,0.7071067811865476,,,,,3.0,,,,2.0,,11.0,2.6363636363636362,0.9636681801711808,13.0,66,28.318181818181817,0.5186661013705788,47.0,2.2127659574468086,1.1691518989637437,,139,4.539568345323741,1.0714117076194873,67.0,1.9850746268656716,0.9259533160903419,129,3.116279069767442,1.1808371426598008,,2.0,,62,0.12520273458990297,0.42643509783454736,19.0,45.0,1.511111111111111,0.5207343672358389,0.10657751633757825,0.48942737100588196,178,4.859550561797753,0.9152582035611558,0.35017697717324386,0.3804133075801966,150,2.0,,,0.3264887063655031,23.325161634007927,5.036906164114645,12829.0,10.032351786415388,7.94891206525668,22.70763118820716,12.82661052218296,22.25222543455759,23.0,5.930105061064761,0.027187409002173295,0.07272058823529404,0.7030759803921569,0.0811102180212763,314.0,66.0,17.77843237696889,5308.0,0.2336081664703573,18.373417721518987,2547.0
corpora_selected_txt/SupCo/rozhodnuti-6_Tdo_65_2018.txt,CzCDC_SupC062545,rozhodnuti-6_Tdo_65_2018,TXT,https://lindat.mff.cuni.cz/repository/xmlui/bitstream/handle/11372/LRT-3052/SupCoCo.zip,CzCDC,http://hdl.handle.net/11372/LRT-3052,rozhodnuti-6_Tdo_65_2018.txt,6 Tdo 65/2018,False,,,,,individual,quasiobjective,True,authority,combined,individual,Anonymized by source,,bad,19.0,,6.0,1048,1.4704198473282444,0.528829451925684,0.999213096064241,0.0114124270538505,1.0,22.0,6.545454545454546,1.721219199300303,,,,,,2.0,1.0,,,,22.0,2.9545454545454546,1.6530989026572944,15.0,166,23.957831325301203,1.3764528104651035,105.0,3.361904761904762,1.292694918796356,4.0,280,5.464285714285714,2.3779908860667263,133.0,3.9022556390977443,2.907304680293999,241,5.091286307053942,2.5240663444667906,,1.0,,122,0.14346548145639748,0.48311033074359483,14.0,81.0,1.345679012345679,0.457493785668828,0.09210866421524852,0.5500373500112413,381,3.8031496062992125,1.0140863658669346,0.33108743886835296,0.48326766429993645,207,7.0,,,0.28753993610223644,19.132549829465972,5.067340709652805,26563.0,10.016272415108736,8.521001413028914,18.617995762662872,27.925883530459117,19.918866960332053,31.4,5.966080432678262,0.026172141358816754,0.07370989694730712,0.7173478514485708,0.07692689368937743,480.0,165.0,16.800685031470465,10613.0,0.1995421594811141,17.899721448467968,5242.0
corpora_selected_txt/SupAdmCo/0031_6Azs_0500052A_prevedeno.txt,CzCDC_SupA038806,0031_6Azs_0500052A_prevedeno,TXT,https://lindat.mff.cuni.cz/repository/xmlui/bitstream/handle/11372/LRT-3052/SupAdmCo.zip,CzCDC,http://hdl.handle.net/11372/LRT-3052,0031_6Azs_0500052A_prevedeno.txt,6 Azs 31/2005-52,False,,,,,individual,quasiobjective,True,authority,combined,individual,Anonymized by source,,bad,,,1.0,65,1.4153846153846155,0.4484519028482787,1.0,-1.0,,1.0,6.0,,,,,,,,,,,,,,,1.0,13,20.923076923076923,0.9815189603032803,6.0,8.5,1.7666655785507304,1.0,13,4.846153846153846,0.8117254013224519,7.0,1.8571428571428572,0.6542231190857986,15,1.8,0.47882867076185254,,1.0,,10,0.10255803470813611,0.4084456140945349,,6.0,1.8333333333333333,0.4106032651140442,0.17706830206830207,0.7164692345445655,20,5.25,0.9079879170587921,0.32764973507033396,0.31060938593273996,15,,,,0.23333333333333334,15.026499999999999,4.596153846153846,1673.0,7.680494505494503,7.184319715513877,14.049387362637361,51.98729670329671,15.925274725274726,7.0,6.042467077151897,0.014863239263816731,0.06826415094339622,0.7389433962264151,0.045091828727769435,121.0,13.0,13.518907172268552,633.0,0.5274725274725275,31.23076923076923,364.0
corpora_selected_txt/SupAdmCo/0110_6Azs_0400075A_prevedeno.txt,CzCDC_SupA039304,0110_6Azs_0400075A_prevedeno,TXT,https://lindat.mff.cuni.cz/repository/xmlui/bitstream/handle/11372/LRT-3052/SupAdmCo.zip,CzCDC,http://hdl.handle.net/11372/LRT-3052,0110_6Azs_0400075A_prevedeno.txt,6 Azs 110/2004-75,False,,,,,individual,quasiobjective,True,authority,combined,individual,Anonymized by source,,bad,2.0,,,363,1.4269972451790633,0.4813778750575258,0.9995408631772268,0.00875174960186387,2.0,5.0,4.6,0.42377366716560716,,,,,,,,,,,11.0,2.3636363636363638,0.5442001894099691,11.0,56,22.142857142857142,0.7087159576163624,32.0,2.25,0.6773340106676826,1.0,93,3.752688172043011,1.2783683792813785,54.0,2.5,1.2255149091107909,103,3.0970873786407767,1.236150311427454,1.0,1.0,,51,0.1676865647973989,0.44079518609202245,2.0,30.0,1.5,0.7780514023342734,0.09521104325670889,0.6115540566680063,155,3.264516129032258,1.1100128959759623,0.31519894932706655,0.4142931593652698,70,4.0,,,0.3941798941798942,18.555395330633715,5.119228521332554,8759.0,10.224313267095267,8.099786124461803,18.235922601653172,28.255051014444348,18.112720213743007,17.0,5.997230468376204,0.02853593144705281,0.08535359801488829,0.7277915632754343,0.08468876880521677,278.0,56.0,15.247664890283005,3511.0,0.3138515488018703,13.202702702702704,1711.0
corpora_selected_txt/SupCo/rozhodnuti-5_Tdo_431_2002.txt,CzCDC_SupC063981,rozhodnuti-5_Tdo_431_2002,TXT,https://lindat.mff.cuni.cz/repository/xmlui/bitstream/handle/11372/LRT-3052/SupCoCo.zip,CzCDC,http://hdl.handle.net/11372/LRT-3052,rozhodnuti-5_Tdo_431_2002.txt,5 Tdo 431/2002,False,,,,,individual,quasiobjective,True,authority,combined,individual,Anonymized by source,,bad,3.0,,2.0,617,1.3792544570502432,0.5170277786820278,0.9994597514856833,0.00948643548629841,7.0,24.0,7.375,0.7542227980027791,,,1.0,1.0,,,,,,,5.0,2.6,0.5832981110808885,10.0,75,40.13333333333333,1.0561306205408412,91.0,25.087912087912088,1.5176386796595807,2.0,159,7.327044025157233,2.391605793307575,79.0,5.6835443037974684,1.99867532209839,142,6.830985915492958,2.5262094574837834,1.0,,,67,0.10853555493786966,0.4876972617548669,8.0,52.0,1.2307692307692308,0.4440165934896101,0.08515151508973795,0.590617502014989,224,4.495535714285714,1.3224650657490897,0.315863633128081,0.5313700057230553,159,4.0,1.0,,0.23566084788029926,30.07836152207001,4.474632166412988,17639.0,7.586631151699644,8.020065914703112,27.070386453576866,9.222275129375959,26.655659056316594,27.0,5.820144748782462,0.04344594535013265,0.06904501691386933,0.664616185271923,0.13502323775240113,318.0,75.0,18.669449996058646,6963.0,0.17909690512430237,25.170212765957448,3942.0
corpora_selected_txt/SupCo/rozhodnuti-5_Tdo_250_2006.txt,CzCDC_SupC064163,rozhodnuti-5_Tdo_250_2006,TXT,https://lindat.mff.cuni.cz/repository/xmlui/bitstream/handle/11372/LRT-3052/SupCoCo.zip,CzCDC,http://hdl.handle.net/11372/LRT-3052,rozhodnuti-5_Tdo_250_2006.txt,5 Tdo 250/2006,False,,,,,individual,quasiobjective,True,authority,combined,individual,Anonymized by source,,bad,11.0,,,302,1.5629139072847682,0.590418459344025,0.999448123620309,0.009595884702917053,2.0,19.0,4.315789473684211,0.7329370876185543,,,,1.0,,,1.0,1.0,,1.0,4.0,1.25,0.4,9.0,52,26.23076923076923,0.6337821166074996,33.0,2.303030303030303,0.9918458668987893,1.0,104,4.1923076923076925,1.0098623532065885,42.0,2.119047619047619,1.0891768623644398,87,2.9770114942528734,1.1187524124735717,1.0,,,47,0.1334172085226051,0.5039334473707076,1.0,22.0,1.4545454545454546,0.4096129125103823,0.09367564234402118,0.4138750425792318,127,4.047244094488189,0.865966398393234,0.31334845658905286,0.4164439055440133,73,3.0,,,0.26096997690531176,20.525808191808196,4.798701298701299,8868.0,8.8491341991342,7.840488371632722,19.320101190476187,30.186954212454225,20.449150849150854,19.0,5.811047014997617,0.0433217111507291,0.08744997141223554,0.6620468839336764,0.1255939610141489,248.0,52.0,16.573440645216312,3487.0,0.26515151515151514,19.25,1848.0
corpora_selected_txt/SupAdmCo/0091_5Azs_0500047A_prevedeno.txt,CzCDC_SupA041161,0091_5Azs_0500047A_prevedeno,TXT,https://lindat.mff.cuni.cz/repository/xmlui/bitstream/handle/11372/LRT-3052/SupAdmCo.zip,CzCDC,http://hdl.handle.net/11372/LRT-3052,0091_5Azs_0500047A_prevedeno.txt,5 Azs 91/2005-47,False,,,,,individual,quasiobjective,True,authority,combined,individual,Anonymized by source,,bad,8.0,,2.0,514,1.3910505836575875,0.5022437541429654,0.9994788771539745,0.008369048142880163,3.0,11.0,4.0,0.4031128874149275,,,,,1.0,2.0,,1.0,2.0,,12.0,1.4166666666666667,0.47192324006225045,5.0,71,23.014084507042252,0.7249859867003013,50.0,2.9,0.6870111172897219,5.0,137,3.7737226277372264,1.168396093702086,76.0,1.9605263157894737,1.031768113917103,137,2.3503649635036497,1.1647191507456613,,2.0,,64,0.172998328744183,0.48953072641361883,4.0,40.0,1.575,0.6726671445832049,0.10059973419085513,0.6197559987699708,195,3.3333333333333335,0.9257485129765807,0.3330365886331403,0.4058179026456475,121,1.0,,1.0,0.32677165354330706,19.45636323202372,5.234817813765182,11637.0,10.790193432298691,8.179250053639363,19.834467291377592,18.784690571680187,20.009323778930895,19.0,5.941380016091041,0.025263746454568296,0.09033427495291901,0.7138088512241054,0.07004271458796202,370.0,71.0,16.95719729968579,4855.0,0.3004948268106163,15.139393939393939,2223.0
corpora_selected_txt/SupCo/rozhodnuti-4_To_400_2010.txt,CzCDC_SupC066015,rozhodnuti-4_To_400_2010,TXT,https://lindat.mff.cuni.cz/repository/xmlui/bitstream/handle/11372/LRT-3052/SupCoCo.zip,CzCDC,http://hdl.handle.net/11372/LRT-3052,rozhodnuti-4_To_400_2010.txt,4 To 400/2010,False,,,,,individual,quasiobjective,True,authority,combined,individual,Anonymized by source,,bad,1.0,,,243,1.5061728395061729,0.4954125116457922,0.9993141289437586,0.010699009792807072,,1.0,2.0,,,,,,,1.0,,1.0,,,3.0,1.6666666666666667,0.3464101615137754,7.0,29,30.275862068965516,0.9290701653196654,22.0,2.409090909090909,0.7756092986788217,1.0,78,4.269230769230769,1.1887875982514684,59.0,2.1186440677966103,0.6014272679390997,52,3.1538461538461537,1.5191828800131988,,1.0,,27,0.15821564982187675,0.41254283766856326,4.0,18.0,1.8333333333333333,0.42867558981456866,0.11143475571365147,0.4952518378260967,108,2.861111111111111,0.691571690016989,0.30942463267212056,0.38542613465703857,36,2.0,,,0.33881578947368424,24.987451750195433,5.063811922753988,6031.0,10.203526448362721,7.9729057463388004,23.474249138654855,12.237026347028035,23.950676047366745,13.0,5.959816835932727,0.036449303607660424,0.07322344322344321,0.7144688644688645,0.11713451174199142,262.0,29.0,19.0061548819401,2414.0,0.3719563392107473,13.882352941176471,1191.0
corpora_selected_txt/SupCo/rozhodnuti-4_Nd_157_2009.txt,CzCDC_SupC067344,rozhodnuti-4_Nd_157_2009,TXT,https://lindat.mff.cuni.cz/repository/xmlui/bitstream/handle/11372/LRT-3052/SupCoCo.zip,CzCDC,http://hdl.handle.net/11372/LRT-3052,rozhodnuti-4_Nd_157_2009.txt,4 Nd 157/2009,False,,,,,individual,quasiobjective,True,authority,combined,individual,Anonymized by source,,bad,,,1.0,141,1.446808510638298,0.5252520991597983,0.9988179669030733,0.014052475842648415,,3.0,2.0,-1.0,,,,1.0,,,,,1.0,,1.0,1.0,,7.0,30,20.966666666666665,0.8043012245607752,12.0,2.75,1.1407353922630492,,45,4.511111111111111,1.0198163843606396,25.0,1.96,0.6157777887833903,39,2.6153846153846154,0.9225616589525575,,,1.0,23,0.13992177123279093,0.42591252646030053,1.0,15.0,1.0666666666666667,0.24206145913796354,0.06709695934154138,0.23278042692682868,58,3.913793103448276,1.215780902539274,0.31459714461329175,0.37893494477302025,27,,,,0.33152173913043476,14.43365547445255,4.537712895377129,3730.0,7.383454987834549,7.534548770079794,14.465504866180048,48.03327055961073,16.06948905109489,11.0,5.889613731327163,0.03223443543076956,0.06669432918395568,0.6903042876901798,0.09886373798124404,162.0,30.0,13.81666964889586,1495.0,0.3710462287104623,15.666666666666666,822.0
corpora_selected_txt/SupAdmCo/0170_4Azs_0500041A_prevedeno.txt,CzCDC_SupA044085,0170_4Azs_0500041A_prevedeno,TXT,https://lindat.mff.cuni.cz/repository/xmlui/bitstream/handle/11372/LRT-3052/SupAdmCo.zip,CzCDC,http://hdl.handle.net/11372/LRT-3052,0170_4Azs_0500041A_prevedeno.txt,4 Azs 170/2005-41,False,,,,,individual,quasiobjective,True,authority,combined,individual,Anonymized by source,,bad,,,,155,1.3870967741935485,0.5023527068528816,1.0,-1.0,,3.0,3.3333333333333335,0.458257569495584,,,,,1.0,1.0,,1.0,,,4.0,3.5,0.1649572197684645,8.0,33,20.727272727272727,0.601170252839704,18.0,2.611111111111111,0.9114087952530131,,40,4.2,1.063701617682859,27.0,2.3703703703703702,0.853014046039328,40,3.0,1.0070973211388332,,,,29,0.12768870714500002,0.5706835219642896,1.0,15.0,1.3333333333333333,0.6123724356957945,0.08191408780418068,0.5165607230069438,57,4.614035087719298,0.7779396397461819,0.34866369022648264,0.3347127376743504,40,1.0,,,0.2655367231638418,14.68511982268096,4.544759825327511,4163.0,7.430021834061135,7.52909440956502,14.462392450707952,48.72252110625911,16.081196241894933,11.666666666666666,5.892734936047797,0.02221733410673861,0.07086903304773562,0.6936964504283966,0.07040172159076231,177.0,33.0,13.747043046817236,1647.0,0.35807860262008734,22.717391304347824,916.0
corpora_selected_txt/SupAdmCo/0095_4Afs_1600036_20160719134811_prevedeno.txt,CzCDC_SupA044816,0095_4Afs_1600036_20160719134811_prevedeno,TXT,https://lindat.mff.cuni.cz/repository/xmlui/bitstream/handle/11372/LRT-3052/SupAdmCo.zip,CzCDC,http://hdl.handle.net/11372/LRT-3052,0095_4Afs_1600036_20160719134811_prevedeno.txt,4 Afs 95/2016-36,False,,,,,individual,quasiobjective,True,authority,combined,individual,Anonymized by source,,bad,95.0,,5.0,1558,1.4768934531450577,0.5556810291264429,0.9989047822809055,0.0130885459263366,3.0,39.0,3.717948717948718,0.7351662166088234,,,,1.0,,,1.0,1.0,2.0,,45.0,2.311111111111111,1.1329232819224317,19.0,216,21.48148148148148,0.6233285922052475,107.0,2.2710280373831777,0.7968508090906198,2.0,367,4.111716621253406,0.9066556548576847,241.0,2.112033195020747,1.243714051425957,323,3.154798761609907,1.1472738058426566,3.0,1.0,1.0,202,0.1473561247345384,0.4308114462554122,22.0,129.0,1.4108527131782946,0.5212477721554845,0.09768570432565556,0.6185035411544467,486,4.294238683127572,0.81117279201529,0.3317953356847776,0.3583439226298384,385,21.0,,,0.30412371134020616,19.767322865607923,5.475295544104274,36126.0,11.8932706880873,8.461100851094637,19.57193438173556,18.88252530231898,20.38288491275809,34.0,6.030416811586726,0.024948140567607267,0.08828435143868285,0.7392814279119865,0.07725866926935694,529.0,217.0,17.40964932529761,14560.0,0.1723249469536223,15.789808917197453,6598.0
corpora_selected_txt/SupAdmCo/0074_4Ads_0600040A_prevedeno.txt,CzCDC_SupA045025,0074_4Ads_0600040A_prevedeno,TXT,https://lindat.mff.cuni.cz/repository/xmlui/bitstream/handle/11372/LRT-3052/SupAdmCo.zip,CzCDC,http://hdl.handle.net/11372/LRT-3052,0074_4Ads_0600040A_prevedeno.txt,4 Ads 74/2006-40,False,,,,,individual,quasiobjective,True,authority,combined,individual,Anonymized by source,,bad,6.0,,,454,1.354625550660793,0.46779362195643664,0.9993182294944409,0.010298031227460269,2.0,10.0,3.4,0.749214634295796,,,,,3.0,,,1.0,,,14.0,3.0,1.8350807523161936,17.0,73,26.328767123287673,0.8543922665347741,49.0,2.0816326530612246,0.649246154406723,1.0,149,3.704697986577181,1.2782635299979512,60.0,1.65,0.7041787902195302,106,2.339622641509434,1.3820250759445782,1.0,2.0,,63,0.15535401139779206,0.43917213310636394,4.0,37.0,1.162162162162162,0.3801612352012164,0.08015283150732067,0.6634581726070828,184,3.239130434782609,0.9967260683796478,0.2900464026011596,0.3734401584585955,99,6.0,,,0.35084033613445376,19.003007130811852,4.6677908937605395,11072.0,8.19460370994941,8.050408926424913,18.269164177306678,34.254190267405434,18.798805107203084,19.0,5.914241632125015,0.027250479380963186,0.07643642762868463,0.7000791904971403,0.08329951678362532,295.0,70.0,15.170475793488048,4426.0,0.25168634064080947,14.94578313253012,2372.0
corpora_selected_txt/SupCo/rozhodnuti-33_Cdo_761_2014.txt,CzCDC_SupC069347,rozhodnuti-33_Cdo_761_2014,TXT,https://lindat.mff.cuni.cz/repository/xmlui/bitstream/handle/11372/LRT-3052/SupCoCo.zip,CzCDC,http://hdl.handle.net/11372/LRT-3052,rozhodnuti-33_Cdo_761_2014.txt,33 Cdo 761/2014,False,,,,,individual,quasiobjective,True,authority,combined,individual,Anonymized by source,,bad,,,1.0,83,1.4337349397590362,0.4772083611650816,1.0,-1.0,,1.0,10.0,,,,,,,,,,1.0,,,,,5.0,19,19.94736842105263,0.9069236135238,9.0,2.3333333333333335,0.5248906591678238,1.0,24,4.916666666666667,1.0575534241090068,21.0,3.4761904761904763,1.5454641287460404,21,2.857142857142857,1.422937103318344,,,,16,0.17018975057176378,0.5276839153102979,1.0,11.0,1.4545454545454546,0.3590351654086268,0.14088058406240223,0.39951658895085596,36,4.138888888888889,1.1216461328885599,0.3887500874456855,0.4017047633677158,25,,,,0.35106382978723405,13.616668563300138,4.673596673596673,2248.0,7.936174636174636,7.327149000806359,13.708083707188969,49.296064449064446,16.36332202647992,7.0,6.003902840326973,0.020380785170045906,0.07489528795811506,0.7268324607329844,0.06900679266355371,121.0,19.0,14.479175932971131,892.0,0.4594594594594595,16.09375,481.0
corpora_selected_txt/SupCo/rozhodnuti-32_Odo_174_2006.txt,CzCDC_SupC071773,rozhodnuti-32_Odo_174_2006,TXT,https://lindat.mff.cuni.cz/repository/xmlui/bitstream/handle/11372/LRT-3052/SupCoCo.zip,CzCDC,http://hdl.handle.net/11372/LRT-3052,rozhodnuti-32_Odo_174_2006.txt,32 Odo 174/2006,False,,,,,individual,quasiobjective,True,authority,combined,individual,Anonymized by source,,bad,12.0,,,550,1.4345454545454546,0.47521690828566066,1.0,-1.0,,17.0,4.352941176470588,1.0431259561572888,,,,1.0,,,1.0,3.0,1.0,,15.0,1.5333333333333334,0.5970491846309522,22.0,71,26.338028169014084,0.8626071344567579,26.0,2.3461538461538463,1.4312292241914017,2.0,151,3.4503311258278146,1.0517648292428834,96.0,2.53125,1.349132682034984,123,2.926829268292683,1.3986189682021821,1.0,1.0,,63,0.16453495334459023,0.40913146362413483,,46.0,1.608695652173913,0.5633332684995849,0.10422721518592137,0.5016943619133561,219,3.191780821917808,0.9072360078625928,0.32288201468974587,0.42660734219240626,118,7.0,,,0.3589315525876461,22.59255328577342,5.180261011419249,12702.0,10.66574225122349,8.262612798064335,22.03203626037837,13.701047162231248,22.403895692824623,20.0,5.934642888072662,0.03167052195182691,0.07642158946026345,0.7042073948151296,0.09994335271861453,310.0,67.0,18.355983002445026,5207.0,0.2642740619902121,13.74766355140187,2452.0
corpora_selected_txt/SupCo/rozhodnuti-32_Cdo_4890_2007.txt,CzCDC_SupC072716,rozhodnuti-32_Cdo_4890_2007,TXT,https://lindat.mff.cuni.cz/repository/xmlui/bitstream/handle/11372/LRT-3052/SupCoCo.zip,CzCDC,http://hdl.handle.net/11372/LRT-3052,rozhodnuti-32_Cdo_4890_2007.txt,32 Cdo 4890/2007,False,,,,,individual,quasiobjective,True,authority,combined,individual,Anonymized by source,,bad,,,6.0,517,1.5087040618955512,0.7446152001529678,0.9960348162475823,0.023482637227368028,3.0,15.0,7.0,1.0744854351908721,,,3.0,,,,,,,,6.0,1.0,-1.0,6.0,71,27.760563380281692,0.7659047645545557,40.0,2.075,0.5498884040807787,,102,5.0588235294117645,1.2553981454016612,72.0,2.7083333333333335,1.6782832655901576,110,3.7454545454545456,1.1073071800474483,,,,66,0.11319455899648541,0.4999201959930563,6.0,36.0,1.9166666666666667,0.45612227421001467,0.162380049144755,0.6072611889859734,169,4.633136094674557,0.6807561734604013,0.3246002881883663,0.31664928988103924,93,,,,0.236084452975048,21.025572624569165,4.632552870090635,12267.0,8.106155589123867,7.486531355979794,19.604376079741286,31.534727628611563,22.33522828815795,24.0,5.83760400328867,0.029411122751069094,0.06939584150647304,0.6656924284032955,0.09864524857053027,5.0,71.0,18.15209447373081,4814.0,0.11895770392749244,26.78688524590164,2648.0
corpora_selected_txt/SupCo/rozhodnuti-32_Cdo_2528_2008.txt,CzCDC_SupC073317,rozhodnuti-32_Cdo_2528_2008,TXT,https://lindat.mff.cuni.cz/repository/xmlui/bitstream/handle/11372/LRT-3052/SupCoCo.zip,CzCDC,http://hdl.handle.net/11372/LRT-3052,rozhodnuti-32_Cdo_2528_2008.txt,32 Cdo 2528/2008,False,,,,,individual,quasiobjective,True,authority,combined,individual,Anonymized by source,,bad,8.0,,2.0,491,1.4134419551934827,0.5104518299284521,0.9990301619629521,0.01242516814815848,,9.0,19.22222222222222,2.282620462600796,,,,,,,1.0,,2.0,,10.0,1.9,0.5233836452693439,19.0,56,29.964285714285715,0.7974559746853698,59.0,2.3728813559322033,0.8315123195171532,8.0,133,3.9473684210526314,1.1822150071929907,61.0,3.721311475409836,1.4986999526241493,133,3.0902255639097747,1.4342246604152504,,2.0,,52,0.15023485078711493,0.5148000607691714,7.0,35.0,1.4857142857142858,0.5257260903100761,0.09039850598029935,0.42744189950683575,175,3.9314285714285715,0.9226026267356733,0.3350995720758929,0.33910089998404713,106,1.0,,,0.2681912681912682,23.774591071428574,4.916964285714286,11014.0,9.494732142857144,8.034212814740524,22.326435267857136,18.054508928571437,22.46428571428572,20.0,5.871379023071735,0.031003186286991065,0.08382998598785607,0.6807519850537133,0.09251327394288031,267.0,56.0,17.653734332746556,4395.0,0.25223214285714285,20.7421875,2240.0
corpora_selected_txt/SupCo/rozhodnuti-31_Cdo_4356_2008.txt,CzCDC_SupC073768,rozhodnuti-31_Cdo_4356_2008,TXT,https://lindat.mff.cuni.cz/repository/xmlui/bitstream/handle/11372/LRT-3052/SupCoCo.zip,CzCDC,http://hdl.handle.net/11372/LRT-3052,rozhodnuti-31_Cdo_4356_2008.txt,31 Cdo 4356/2008,False,,,,,individual,quasiobjective,True,authority,combined,individual,Anonymized by source,,bad,11.0,,2.0,1161,1.6063738156761413,0.6592981685020753,0.9964666040247435,0.023586861767043634,,33.0,5.515151515151516,0.8661659215037543,,,,1.0,4.0,3.0,1.0,,3.0,1.0,20.0,1.65,0.6889139889506254,30.0,132,27.393939393939394,0.6538167615154722,66.0,20.272727272727273,1.283869050620033,1.0,272,4.0036764705882355,1.4790629540323368,146.0,3.4383561643835616,1.9881542697006294,263,3.338403041825095,1.2593384123082774,,1.0,,125,0.13031261389205442,0.41332739580230277,15.0,88.0,1.4090909090909092,0.4645120092100912,0.09626758846432361,0.42398659078764456,366,4.73224043715847,0.792972574318626,0.36641101687856154,0.3712408030697947,292,4.0,,,0.2900355871886121,24.73648953627948,5.457590597453477,27861.0,12.00556317335945,8.31608149709653,23.929142080961455,4.1226446061284605,23.35338345864662,34.0,5.935665027896484,0.027674730206447746,0.08218537754694366,0.704810227726728,0.08399914057718025,417.0,133.0,18.95731665986345,11382.0,0.17904015670910872,18.406153846153845,5105.0
corpora_selected_txt/SupCo/rozhodnuti-30_Cdo_5267_2016.txt,CzCDC_SupC074694,rozhodnuti-30_Cdo_5267_2016,TXT,https://lindat.mff.cuni.cz/repository/xmlui/bitstream/handle/11372/LRT-3052/SupCoCo.zip,CzCDC,http://hdl.handle.net/11372/LRT-3052,rozhodnuti-30_Cdo_5267_2016.txt,30 Cdo 5267/2016,False,,,,,individual,quasiobjective,True,authority,combined,individual,Anonymized by source,,bad,,,,75,1.4133333333333333,0.4666352465582846,1.0,-1.0,,,,,,,,,,,,,1.0,,3.0,2.0,0.8660254037844386,4.0,19,17.842105263157894,0.7284370610396185,3.0,2.3333333333333335,0.24743582965269673,,14,6.857142857142857,0.9131634691376574,12.0,2.3333333333333335,0.6672848092813054,16,3.4375,1.0351827402855613,1.0,,,14,0.13872492336162287,0.5062372223275468,,8.0,1.75,0.5914847651505893,0.17760306214253582,0.6138246870128271,24,4.291666666666667,0.5889890325854014,0.36182223957959253,0.27927233120886125,10,,,,0.25274725274725274,13.24997205402888,4.836283185840708,2186.0,8.628318584070795,7.243237116034415,12.687683395435492,53.39161061946902,16.860922217047044,7.0,5.95388424680449,0.013703606958592025,0.08328611898017002,0.7160339943342776,0.03570293118710053,128.0,19.0,15.069178484269955,827.0,0.4756637168141593,20.772727272727273,452.0
corpora_selected_txt/SupCo/rozhodnuti-30_Cdo_2141_2009.txt,CzCDC_SupC076555,rozhodnuti-30_Cdo_2141_2009,TXT,https://lindat.mff.cuni.cz/repository/xmlui/bitstream/handle/11372/LRT-3052/SupCoCo.zip,CzCDC,http://hdl.handle.net/11372/LRT-3052,rozhodnuti-30_Cdo_2141_2009.txt,30 Cdo 2141/2009,False,,,,,individual,quasiobjective,True,authority,combined,individual,Anonymized by source,,bad,2.0,,3.0,318,1.4748427672955975,0.5587858401805135,0.9985774183887391,0.014661727170906583,,3.0,10.333333333333334,0.4029030966708644,,2.0,,,,,1.0,,,,6.0,2.5,0.5513619500836089,6.0,46,26.065217391304348,0.7230795085180715,22.0,2.8636363636363638,1.2764660901302078,2.0,80,4.325,1.2166883138084612,51.0,2.450980392156863,1.2329803891384488,77,4.766233766233766,1.3502708520710593,,1.0,,41,0.14805626470909108,0.5506417425976144,1.0,23.0,1.565217391304348,0.6038364068893767,0.12092829745675235,0.7871345083012168,125,3.936,0.8840869916866376,0.3382703707763951,0.33468996412981394,54,,,,0.2972222222222222,20.67431729689733,5.100428658909982,8329.0,10.231353337415799,7.880716048351765,20.151074607062668,21.694065013268016,21.446667687283124,16.0,5.8586573591815245,0.034149932303750345,0.07573011734028678,0.6758083441981747,0.11061483096440866,241.0,48.0,17.879347455551382,3371.0,0.29210042865891,17.91509433962264,1633.0
corpora_selected_txt/SupCo/rozhodnuti-30_Cdo_1997_2002.txt,CzCDC_SupC076735,rozhodnuti-30_Cdo_1997_2002,TXT,https://lindat.mff.cuni.cz/repository/xmlui/bitstream/handle/11372/LRT-3052/SupCoCo.zip,CzCDC,http://hdl.handle.net/11372/LRT-3052,rozhodnuti-30_Cdo_1997_2002.txt,30 Cdo 1997/2002,False,,,,,individual,quasiobjective,True,authority,combined,individual,Anonymized by source,,bad,6.0,,,731,1.506155950752394,0.5076230060696666,0.9989251514559312,0.013010566447402314,2.0,11.0,6.2727272727272725,0.918822292141882,,,,,2.0,,,,1.0,,16.0,1.25,0.3577708763999663,20.0,102,25.068627450980394,0.8061445831391444,69.0,2.5942028985507246,1.134137298150473,4.0,200,3.765,1.0864948286595175,95.0,1.9157894736842105,0.7446902106957228,195,2.9692307692307693,1.2446951327590188,1.0,3.0,,95,0.14254603486513007,0.4594123127866569,7.0,56.0,1.3928571428571428,0.591696371679295,0.09763244075080653,0.6054032016021162,274,3.9051094890510947,0.7441682186781488,0.3305458705456167,0.36107247046667307,156,1.0,,,0.2877059569074778,20.54614936759687,4.988054607508532,17538.0,9.714163822525597,8.210616822455341,19.9873273271766,23.649181021213934,21.023730174663726,26.0,5.890826390729969,0.03037433837625303,0.08320749195200472,0.6909599063505999,0.09161809242316966,312.0,102.0,17.394153596732366,7105.0,0.2101820250284414,18.884955752212388,3516.0
corpora_selected_txt/SupCo/rozhodnuti-3_Tvo_3_2001.txt,CzCDC_SupC078019,rozhodnuti-3_Tvo_3_2001,TXT,https://lindat.mff.cuni.cz/repository/xmlui/bitstream/handle/11372/LRT-3052/SupCoCo.zip,CzCDC,http://hdl.handle.net/11372/LRT-3052,rozhodnuti-3_Tvo_3_2001.txt,3 Tvo 3/2001,False,,,,,individual,quasiobjective,True,authority,combined,individual,Anonymized by source,,bad,,,,137,1.4014598540145986,0.500526300826068,0.9987834549878346,0.014256638137295516,,3.0,15.333333333333334,1.28683900756076,,,,,,,,,,,1.0,4.0,,2.0,23,26.304347826086957,0.7816690165105347,17.0,3.588235294117647,1.3512040874312399,,28,4.857142857142857,0.9956331669094339,15.0,3.7333333333333334,0.7741201626614999,31,3.5161290322580645,0.827124133444869,,1.0,,17,0.1099734075229465,0.5110076975666534,,10.0,1.2,0.35136418446315326,0.0721907096171802,0.3740442776191998,49,3.693877551020408,0.8965163085005573,0.2752905785556333,0.5426838750222226,30,,,,0.19540229885057472,19.762617691154425,4.413793103448276,3712.0,7.062663495838285,7.518078060170627,18.193709714108465,39.774032621620236,20.476265315618054,10.0,6.017483796176432,0.020620120373752018,0.0632749326145553,0.7387061994609164,0.0693829595896548,158.0,23.0,16.340035539396403,1434.0,0.35434007134363854,30.424242424242426,841.0
corpora_selected_txt/SupAdmCo/0098_3As__120_20130321122505_prevedeno.txt,CzCDC_SupA046678,0098_3As__120_20130321122505_prevedeno,TXT,https://lindat.mff.cuni.cz/repository/xmlui/bitstream/handle/11372/LRT-3052/SupAdmCo.zip,CzCDC,http://hdl.handle.net/11372/LRT-3052,0098_3As__120_20130321122505_prevedeno.txt,3 As 98/2012-24,False,,,,,individual,quasiobjective,True,authority,combined,individual,Anonymized by source,,bad,1.0,,,232,1.4137931034482758,0.4887068000297438,0.999384236453202,0.009384809742284525,,7.0,4.285714285714286,0.5507570547286103,,,,1.0,,,,,,,4.0,2.5,0.6928203230275509,4.0,42,19.69047619047619,0.9217877230936661,12.0,1.8333333333333333,0.561740346048477,1.0,70,4.142857142857143,1.1954984007808724,40.0,2.15,1.0402982580351559,56,2.9107142857142856,1.423745534950114,,1.0,,37,0.154889359111981,0.4157627376860679,,24.0,1.5,0.5201263317369959,0.11216509049229638,0.5701540185840687,86,3.813953488372093,1.1236209582455854,0.32135343836316915,0.34374445059189834,44,,,,0.31746031746031744,16.121705526986915,5.046532045654082,5748.0,9.764091308165055,7.941410627666207,16.247531627576407,35.375832977967306,17.16895355156988,11.0,6.044767952311678,0.024782636646935086,0.08745192307692307,0.7463557692307693,0.07930313645329533,248.0,42.0,14.955608360458719,2312.0,0.3748902546093064,15.822784810126583,1139.0
corpora_selected_txt/SupAdmCo/0040_3As__1600049_20170124092939_prevedeno.txt,CzCDC_SupA046890,0040_3As__1600049_20170124092939_prevedeno,TXT,https://lindat.mff.cuni.cz/repository/xmlui/bitstream/handle/11372/LRT-3052/SupAdmCo.zip,CzCDC,http://hdl.handle.net/11372/LRT-3052,0040_3As__1600049_20170124092939_prevedeno.txt,3 As 40/2016-49,False,,,,,individual,quasiobjective,True,authority,combined,individual,Anonymized by source,,bad,5.0,1.0,1.0,749,1.5620827770360481,0.5792281786491226,0.9982516371034394,0.01603813721204089,1.0,11.0,3.3636363636363638,0.4463961691256774,,,,2.0,1.0,,3.0,1.0,4.0,,34.0,2.0294117647058822,0.8181319587047554,9.0,116,19.629310344827587,0.6377290622901779,42.0,2.6666666666666665,0.6813052394252467,2.0,182,4.021978021978022,1.0047702698689203,108.0,1.9537037037037037,1.0667625550087199,160,2.91875,1.3338530705841813,1.0,1.0,3.0,106,0.15061042152992926,0.4659683085045001,5.0,49.0,1.2448979591836735,0.34901096485317656,0.07819076909555206,0.369784347157318,228,4.37719298245614,0.8804544927203601,0.34879721078003856,0.3909578718177508,195,3.0,,,0.32170542635658916,17.370217919374696,5.315591734502192,16978.0,11.044583594239198,8.321720855077833,17.680690896724464,26.394646017316944,18.70321076155723,23.0,5.999862358050919,0.025956125805504063,0.08419063004846528,0.725735056542811,0.08133646228990744,423.0,116.0,16.272270043528444,6909.0,0.2485911083281152,14.879032258064516,3194.0
corpora_selected_txt/SupAdmCo/0001_3Ans_0700141A_prevedeno.txt,CzCDC_SupA047403,0001_3Ans_0700141A_prevedeno,TXT,https://lindat.mff.cuni.cz/repository/xmlui/bitstream/handle/11372/LRT-3052/SupAdmCo.zip,CzCDC,http://hdl.handle.net/11372/LRT-3052,0001_3Ans_0700141A_prevedeno.txt,3 Ans 1/2007-141,False,,,,,individual,quasiobjective,True,authority,combined,individual,Anonymized by source,,bad,10.0,,4.0,612,1.4003267973856208,0.5143097694588139,0.999260815437286,0.010577493348390903,1.0,16.0,9.6875,2.293601771833073,,1.0,,,,1.0,,,,,16.0,2.0625,0.6963106238227912,6.0,113,19.221238938053098,0.7912347289401864,56.0,2.642857142857143,1.0761064908394529,2.0,167,3.6407185628742513,1.0496991537425082,91.0,1.8681318681318682,1.0800885662917727,152,3.1973684210526314,1.5014587083648863,,1.0,,101,0.1481242687388926,0.457434627864772,2.0,59.0,1.3389830508474576,0.5300948054763293,0.09951261278004732,0.47973590584164105,228,3.8464912280701755,0.9881765972633928,0.33662350319251677,0.35608555611743176,134,2.0,,,0.3192488262910798,15.247362994070258,4.988458927359131,14696.0,9.448744059742024,8.192347465060427,15.175603025551368,40.71536830500635,16.388943159766654,23.0,5.928161413875784,0.024897736095928182,0.08668774148226199,0.704671584123639,0.07715016389775593,410.0,113.0,14.38908920526369,5810.0,0.25186693822131706,16.940886699507388,2946.0
corpora_selected_txt/SupCo/rozhodnuti-29_Odo_444_2001.txt,CzCDC_SupC080987,rozhodnuti-29_Odo_444_2001,TXT,https://lindat.mff.cuni.cz/repository/xmlui/bitstream/handle/11372/LRT-3052/SupCoCo.zip,CzCDC,http://hdl.handle.net/11372/LRT-3052,rozhodnuti-29_Odo_444_2001.txt,29 Odo 444/2001,False,,,,,individual,quasiobjective,True,authority,combined,individual,Anonymized by source,,bad,,,,51,1.4509803921568627,0.42065898422360487,1.0,-1.0,,1.0,9.0,,,,,,,,,,,,,,,1.0,13,19.307692307692307,0.9522898591453505,1.0,1.0,,,10,7.4,1.2680000158740032,7.0,2.2857142857142856,0.9689179961861237,14,2.0714285714285716,0.8772665695464068,,1.0,,8,0.12077721523500522,0.6539833530734689,,3.0,1.3333333333333333,0.4330127018922193,0.11611721611721611,0.6260617766064751,18,4.611111111111111,1.091049389267324,0.31414084815911303,0.3848467080781196,12,,,,0.2459016393442623,12.423582417582416,4.349544072948328,1431.0,6.41276595744681,7.200474189039292,12.118212765957445,60.1052193126023,15.47262099602525,5.0,6.058520748351765,0.018772589232137638,0.06730434782608685,0.7385217391304348,0.05836700730787787,117.0,13.0,13.639024540459548,553.0,0.5653495440729484,22.785714285714285,329.0
corpora_selected_txt/SupCo/rozhodnuti-29_Odo_435_2001.txt,CzCDC_SupC081000,rozhodnuti-29_Odo_435_2001,TXT,https://lindat.mff.cuni.cz/repository/xmlui/bitstream/handle/11372/LRT-3052/SupCoCo.zip,CzCDC,http://hdl.handle.net/11372/LRT-3052,rozhodnuti-29_Odo_435_2001.txt,29 Odo 435/2001,False,,,,,individual,quasiobjective,True,authority,combined,individual,Anonymized by source,,bad,2.0,,,106,1.5566037735849056,0.5613156462380309,1.0,-1.0,,3.0,13.0,0.35250582268891073,,,,,,,1.0,,1.0,,2.0,2.0,-1.0,1.0,24,22.666666666666668,0.8359269602989943,2.0,1.5,0.47140452079103173,,26,5.576923076923077,1.352502239102637,26.0,2.5384615384615383,1.2166581757505899,31,3.870967741935484,1.1982916079893815,,2.0,,19,0.12898017949505364,0.5695680774843703,,12.0,1.6666666666666667,0.46709936649691375,0.14039740216210803,0.5079829356231611,42,5.285714285714286,0.8339053308400817,0.33928871946149736,0.32523654395835,18,,,,0.2684563758389262,16.569333333333333,4.615384615384615,3360.0,7.849450549450546,7.4142016960021415,15.613989926739919,45.69442490842492,18.671794871794873,10.0,5.903948448766661,0.02914271454682921,0.06777424483306838,0.6897774244833068,0.0926080996014089,149.0,24.0,15.849852287109439,1294.0,0.3791208791208791,20.487179487179485,728.0
corpora_selected_txt/SupCo/rozhodnuti-29_Od_44_2006.txt,CzCDC_SupC082181,rozhodnuti-29_Od_44_2006,TXT,https://lindat.mff.cuni.cz/repository/xmlui/bitstream/handle/11372/LRT-3052/SupCoCo.zip,CzCDC,http://hdl.handle.net/11372/LRT-3052,rozhodnuti-29_Od_44_2006.txt,29 Od 44/2006,False,,,,,individual,quasiobjective,True,authority,combined,individual,Anonymized by source,,bad,4.0,,1.0,147,1.4421768707482994,0.50765750976185,1.0,-1.0,,2.0,6.5,0.10878565864408424,,,,,,,,,1.0,,3.0,2.0,0.8660254037844386,1.0,29,24.517241379310345,1.0671591379654282,29.0,2.1379310344827585,0.5112274452898639,,46,4.195652173913044,0.7497059001403391,18.0,2.6666666666666665,0.833578395339317,43,3.255813953488372,1.6996819859184213,,2.0,,24,0.1475084463425064,0.5382579743969428,1.0,16.0,1.25,0.4618802153517006,0.10343200374401999,0.6339860683767233,56,3.6964285714285716,1.0277858413175367,0.27227312927394626,0.5630036295698562,30,1.0,,,0.26976744186046514,18.95588836206897,4.789583333333334,4598.0,8.747083333333334,7.562461012669112,18.20203372844827,33.24972198275864,19.24137931034483,11.0,5.784381729526883,0.04357940519070367,0.08458768873403022,0.6529616724738676,0.1394265039781487,198.0,29.0,15.859064216977092,1827.0,0.36041666666666666,18.56140350877193,960.0
corpora_selected_txt/SupCo/rozhodnuti-29_NSCR_59_2011.txt,CzCDC_SupC082556,rozhodnuti-29_NSCR_59_2011,TXT,https://lindat.mff.cuni.cz/repository/xmlui/bitstream/handle/11372/LRT-3052/SupCoCo.zip,CzCDC,http://hdl.handle.net/11372/LRT-3052,rozhodnuti-29_NSCR_59_2011.txt,29 NSCR 59/2011,False,,,,,individual,quasiobjective,True,authority,combined,individual,Anonymized by source,,bad,,,,74,1.2972972972972974,0.3979829279741835,1.0,-1.0,,1.0,6.0,,,,,,,,,,,,,,,2.0,12,30.25,1.0713938731918338,3.0,2.0,0.5,,15,6.133333333333334,1.050996787772019,9.0,5.555555555555555,1.5116547224812948,16,6.3125,1.3488235254425645,,,,9,0.11561851996634605,0.6131679805133128,,5.0,1.4,0.3912303982179758,0.13052631578947368,0.6033322038784192,19,5.315789473684211,0.8846977733684759,0.3192512176144244,0.3535025393929398,16,,,,0.25,22.329067528735628,4.752155172413793,2205.0,8.695474137931031,7.376627744229981,19.499584770114936,34.8094195402299,23.139080459770117,7.0,6.018604326636343,0.022787258957500996,0.059068493150684964,0.7318356164383562,0.06405388975541564,139.0,12.0,18.68694054745388,802.0,0.4978448275862069,28.529411764705884,464.0
corpora_selected_txt/SupCo/rozhodnuti-29_Cdo_2830_2000.txt,CzCDC_SupC084000,rozhodnuti-29_Cdo_2830_2000,TXT,https://lindat.mff.cuni.cz/repository/xmlui/bitstream/handle/11372/LRT-3052/SupCoCo.zip,CzCDC,http://hdl.handle.net/11372/LRT-3052,rozhodnuti-29_Cdo_2830_2000.txt,29 Cdo 2830/2000,False,,,,,individual,quasiobjective,True,authority,combined,individual,Anonymized by source,,bad,1.0,,1.0,182,1.3846153846153846,0.5179079394934281,0.9990842490842491,0.01236547897638134,,2.0,4.5,0.7856742013183862,,,,,,,1.0,,1.0,,1.0,2.0,,3.0,26,23.76923076923077,0.7105233822420233,12.0,2.0833333333333335,0.7782497846274854,,41,4.073170731707317,0.7186963448895679,29.0,2.9655172413793105,1.123767964791989,49,2.6530612244897958,1.629494996854294,,,,22,0.15267656347953337,0.4905838354329137,,16.0,1.5625,0.5209222590751906,0.12769243999894153,0.5179653788075631,66,4.166666666666667,0.8320059171387221,0.3592260537826691,0.2846435079898503,36,1.0,,,0.30386740331491713,19.145435897435902,4.938534278959811,4178.0,9.432151300236404,7.520847155436245,18.40436170212766,30.816649754500816,21.10049099836334,12.0,5.886899041347744,0.04011610973656416,0.07712182061579653,0.687657295850067,0.13046262600702324,196.0,26.0,17.77973055875858,1656.0,0.38416075650118203,18.01851851851852,846.0
corpora_selected_txt/SupCo/rozhodnuti-28_Nd_278_2007.txt,CzCDC_SupC084906,rozhodnuti-28_Nd_278_2007,TXT,https://lindat.mff.cuni.cz/repository/xmlui/bitstream/handle/11372/LRT-3052/SupCoCo.zip,CzCDC,http://hdl.handle.net/11372/LRT-3052,rozhodnuti-28_Nd_278_2007.txt,28 Nd 278/2007,False,,,,,individual,quasiobjective,True,authority,combined,individual,Anonymized by source,,bad,3.0,,,174,1.3448275862068966,0.4353871065601508,1.0,-1.0,,5.0,4.6,0.5235475903822738,,,,2.0,,,,,2.0,,2.0,1.5,0.47140452079103173,,25,27.28,0.680996519799784,30.0,2.1666666666666665,0.5009682524484286,,58,3.9310344827586206,0.7471649360217352,22.0,2.1818181818181817,0.9449986702490575,53,3.0377358490566038,1.1886089485326885,,1.0,,23,0.1533539187765265,0.4233204919904279,,12.0,1.5,0.5318160234783104,0.09228867501893817,0.3912981207222116,66,3.515151515151515,0.8888119809051466,0.2866212612855809,0.40218502817029905,28,,,,0.31016042780748665,20.956101657458568,4.8022099447513815,4346.0,8.880331491712708,7.461299707728024,19.980488397790054,26.926809944751398,20.09325966850829,10.0,5.803615300695137,0.037103327288083125,0.09102977667493795,0.6722208436724566,0.10443855400461491,186.0,25.0,16.00497618766195,1739.0,0.36574585635359114,17.385964912280702,905.0
corpora_selected_txt/SupCo/rozhodnuti-28_Ncu_76_2017.txt,CzCDC_SupC085120,rozhodnuti-28_Ncu_76_2017,TXT,https://lindat.mff.cuni.cz/repository/xmlui/bitstream/handle/11372/LRT-3052/SupCoCo.zip,CzCDC,http://hdl.handle.net/11372/LRT-3052,rozhodnuti-28_Ncu_76_2017.txt,28 Ncu 76/2017,False,,,,,individual,quasiobjective,True,authority,combined,individual,Anonymized by source,,bad,2.0,,,94,1.3191489361702127,0.44761872793146007,1.0,-1.0,,1.0,7.0,,,,,,,,,,,,,,,,16,19.6875,0.8310558952721528,8.0,2.5,0.5237229365663817,2.0,17,4.176470588235294,0.8390336020919524,9.0,2.111111111111111,0.3702959810386918,20,2.15,1.2098200567659678,,1.0,,12,0.1340098381681043,0.6055070697876785,,5.0,1.2,0.37267799624996495,0.10038461538461538,0.32913842906765706,26,4.153846153846154,0.876487565613396,0.33675319456940284,0.3343461350336289,24,,,,0.20253164556962025,15.229618932038832,5.038834951456311,2076.0,9.671844660194173,7.216648946456719,14.930487864077666,41.78483495145632,16.707766990291265,7.0,5.973819565423227,0.031181151095156536,0.08434504792332265,0.7124600638977636,0.09733444066088795,116.0,16.0,14.731742533061166,809.0,0.4878640776699029,28.266666666666666,412.0
corpora_selected_txt/SupCo/rozhodnuti-28_Cdo_931_2002.txt,CzCDC_SupC085452,rozhodnuti-28_Cdo_931_2002,TXT,https://lindat.mff.cuni.cz/repository/xmlui/bitstream/handle/11372/LRT-3052/SupCoCo.zip,CzCDC,http://hdl.handle.net/11372/LRT-3052,rozhodnuti-28_Cdo_931_2002.txt,28 Cdo 931/2002,False,,,,,individual,quasiobjective,True,authority,combined,individual,Anonymized by source,,bad,2.0,,,581,1.6110154905335627,0.5635609467986674,0.9986215734924857,0.01489505280451979,,5.0,5.8,0.42930688268926664,,,,,,,2.0,1.0,,1.0,7.0,2.142857142857143,1.411067365901115,5.0,101,21.306930693069308,0.6116352609786851,62.0,2.5806451612903225,0.9243407043427865,,151,3.6754966887417218,0.7530383980854849,61.0,2.918032786885246,0.6833771846877698,141,2.5106382978723403,0.957610512187538,,2.0,,91,0.11413802765530248,0.4758927438395748,16.0,44.0,1.3863636363636365,0.49721259499148185,0.09200307815210715,0.5270060907287507,185,4.167567567567567,0.7267242051423733,0.3089021189149228,0.38960883428258175,102,7.0,,,0.212443095599393,17.308206506364925,4.991894630192503,14781.0,9.586355960824049,8.01280054170867,17.28122731482874,32.44427532510092,19.886138279481447,24.0,5.809694797626319,0.03998925198568966,0.08207197763801533,0.6557232704402516,0.12454627582785234,286.0,101.0,17.09930304323838,5975.0,0.20702465383316448,25.244604316546763,2961.0
corpora_selected_txt/SupCo/rozhodnuti-28_Cdo_5078_2009.txt,CzCDC_SupC085893,rozhodnuti-28_Cdo_5078_2009,TXT,https://lindat.mff.cuni.cz/repository/xmlui/bitstream/handle/11372/LRT-3052/SupCoCo.zip,CzCDC,http://hdl.handle.net/11372/LRT-3052,rozhodnuti-28_Cdo_5078_2009.txt,28 Cdo 5078/2009,False,,,,,individual,quasiobjective,True,authority,combined,individual,Anonymized by source,,bad,2.0,,2.0,472,1.5466101694915255,0.5905965587519137,0.9979879760070438,0.01791232984728893,,10.0,3.1,0.7967154216276431,,,1.0,2.0,,1.0,,,,,5.0,1.4,0.3912303982179758,13.0,71,26.633802816901408,1.1513085249176893,39.0,2.3846153846153846,1.10371815580661,1.0,126,3.6904761904761907,0.8633386299769087,50.0,5.58,3.3400259067943443,123,2.682926829268293,1.4038279677414691,,2.0,,66,0.13347503112955572,0.48977068597758244,11.0,25.0,1.2,0.3402069087198858,0.07889566384767623,0.4222374816606529,174,3.8505747126436782,1.1311710642608743,0.3001949409879187,0.3639268431913302,58,5.0,,,0.259391771019678,20.960851173404237,5.0286599535244,12984.0,9.915027110766848,8.392374694119217,19.694900360081228,26.427228484099928,21.052031737391925,19.0,5.929935307143009,0.04222578677715947,0.06839710028191703,0.708123238018526,0.11686576757065163,408.0,74.0,17.34131650933126,5073.0,0.2893106119287374,21.26388888888889,2582.0
corpora_selected_txt/SupCo/rozhodnuti-28_Cdo_2086_2006.txt,CzCDC_SupC087257,rozhodnuti-28_Cdo_2086_2006,TXT,https://lindat.mff.cuni.cz/repository/xmlui/bitstream/handle/11372/LRT-3052/SupCoCo.zip,CzCDC,http://hdl.handle.net/11372/LRT-3052,rozhodnuti-28_Cdo_2086_2006.txt,28 Cdo 2086/2006,False,,,,,individual,quasiobjective,True,authority,combined,individual,Anonymized by source,,bad,4.0,,1.0,500,1.456,0.5669545528128951,0.998969696969697,0.013299722686917422,,9.0,5.888888888888889,0.6655458122436706,,,,,1.0,,,,,,8.0,1.625,0.6527139518645053,5.0,69,21.840579710144926,0.5618983918910112,46.0,2.5652173913043477,0.928535843122578,1.0,137,3.3065693430656933,0.8367662559606062,63.0,1.8888888888888888,1.1335136612434242,121,2.165289256198347,0.9127214403715971,1.0,2.0,,64,0.1472493381545868,0.4713533627161105,2.0,41.0,1.5853658536585367,0.4880949563256442,0.11938929516250923,0.4722080822544467,174,3.718390804597701,0.8207233652444714,0.3454568885439898,0.382834932151161,68,1.0,,,0.33256880733944955,17.69924884756842,5.023380418899172,10313.0,9.748660496833901,8.092091551652112,17.39826739942255,32.463493417197895,17.376364034251747,17.0,5.965763701150147,0.023422907769027203,0.0963561924257933,0.7173694984646878,0.07127007473436672,302.0,69.0,14.657619815242317,4118.0,0.282513395031661,16.46527777777778,2053.0
corpora_selected_txt/SupCo/rozhodnuti-26_Nd_88_2014.txt,CzCDC_SupC088540,rozhodnuti-26_Nd_88_2014,TXT,https://lindat.mff.cuni.cz/repository/xmlui/bitstream/handle/11372/LRT-3052/SupCoCo.zip,CzCDC,http://hdl.handle.net/11372/LRT-3052,rozhodnuti-26_Nd_88_2014.txt,26 Nd 88/2014,False,,,,,individual,quasiobjective,True,authority,combined,individual,Anonymized by source,,bad,,,,29,1.3103448275862069,0.4131662754765153,1.0,-1.0,,1.0,6.0,,,,,,,,,,,,,,,,6,21.333333333333332,1.378688235243922,2.0,1.5,0.47140452079103173,,3,9.0,0.8012336167697753,,,,4,6.75,1.6064570211963574,,1.0,,3,0.14964459408903852,1.0858262982632167,,2.0,1.0,-1.0,0.15000000000000002,0.4714045207910316,4,8.0,1.0206207261596576,0.26032076032076035,0.2545096570571832,3,,,,0.07692307692307693,14.258956862745094,4.329411764705882,736.0,6.438823529411762,6.4522724980179085,12.899409803921564,60.43943137254901,16.745098039215687,4.0,6.01243349294353,0.005063321981975886,0.03507042253521131,0.7149295774647887,0.02072957052259471,61.0,6.0,14.314028922438442,271.0,0.6058823529411764,114.0,170.0
corpora_selected_txt/SupCo/rozhodnuti-25_Cdo_3115_2006.txt,CzCDC_SupC092466,rozhodnuti-25_Cdo_3115_2006,TXT,https://lindat.mff.cuni.cz/repository/xmlui/bitstream/handle/11372/LRT-3052/SupCoCo.zip,CzCDC,http://hdl.handle.net/11372/LRT-3052,rozhodnuti-25_Cdo_3115_2006.txt,25 Cdo 3115/2006,False,,,,,individual,quasiobjective,True,authority,combined,individual,Anonymized by source,,bad,2.0,,,418,1.4617224880382775,0.4899590759650652,0.9996012759170654,0.008155184802656921,,12.0,6.666666666666667,1.2956219987466884,,,,,,1.0,,2.0,1.0,,5.0,1.2,0.37267799624996495,8.0,51,27.686274509803923,0.7407646282249813,33.0,2.393939393939394,0.8733489240929014,4.0,103,4.12621359223301,1.0413933267802744,66.0,2.3333333333333335,1.1483385035264293,106,3.660377358490566,1.549511335466998,,,,48,0.1360446287215311,0.4514669287232993,,27.0,1.1851851851851851,0.40781871679611614,0.08214904863511674,0.5431411214024566,151,4.052980132450331,0.8021829908440781,0.3505201959615163,0.3734063011163484,95,3.0,,,0.2894736842105263,22.827583430452478,5.070385818561001,9725.0,10.17033368091762,7.980608987896353,21.53859824367703,18.949044981496243,21.904451123515102,18.0,5.918090688969231,0.03523903594606124,0.07167674546454095,0.7010225398570643,0.10865814221626022,263.0,51.0,17.63877873727132,3859.0,0.28102189781021897,17.783333333333335,1918.0
corpora_selected_txt/SupCo/rozhodnuti-23_Cdo_5124_2009.txt,CzCDC_SupC094251,rozhodnuti-23_Cdo_5124_2009,TXT,https://lindat.mff.cuni.cz/repository/xmlui/bitstream/handle/11372/LRT-3052/SupCoCo.zip,CzCDC,http://hdl.handle.net/11372/LRT-3052,rozhodnuti-23_Cdo_5124_2009.txt,23 Cdo 5124/2009,False,,,,,individual,quasiobjective,True,authority,combined,individual,Anonymized by source,,bad,3.0,,,425,1.4376470588235295,0.5638369246398592,0.9981512605042017,0.017042677416055658,2.0,9.0,4.222222222222222,0.5894678101211083,,,,,3.0,,,,1.0,,3.0,1.3333333333333333,0.4330127018922193,4.0,61,28.065573770491802,0.8176448382124357,27.0,2.6666666666666665,1.0758493960945108,3.0,106,3.641509433962264,1.0248342668533275,47.0,5.76595744680851,2.461533616535827,103,3.1844660194174756,1.3472640039479573,1.0,1.0,,54,0.13014082709915373,0.4769357499201097,4.0,30.0,1.5666666666666667,0.5478892574441967,0.126254131718528,0.611658485085097,160,4.1625,0.7942257507771402,0.34328876356313376,0.40002414162912536,87,3.0,,,0.27251732101616627,20.882100445625603,4.71204657411554,10522.0,8.465338110165694,8.094417291237523,19.82864628926754,28.720166114834868,20.446474271912372,19.0,5.911939520913221,0.024713170818568598,0.07223523898781625,0.6946298031865042,0.07870952172159863,310.0,61.0,16.295059759677326,4202.0,0.2678011643528885,23.376068376068375,2233.0
corpora_selected_txt/SupCo/rozhodnuti-21_Nd_253_2017.txt,CzCDC_SupC097377,rozhodnuti-21_Nd_253_2017,TXT,https://lindat.mff.cuni.cz/repository/xmlui/bitstream/handle/11372/LRT-3052/SupCoCo.zip,CzCDC,http://hdl.handle.net/11372/LRT-3052,rozhodnuti-21_Nd_253_2017.txt,21 Nd 253/2017,False,,,,,individual,quasiobjective,True,authority,combined,individual,Anonymized by source,,bad,,,1.0,111,1.3513513513513513,0.4534153223540804,1.0,-1.0,,1.0,2.0,,,,,,,,,,1.0,,1.0,1.0,,3.0,15,33.4,1.0929930599074287,13.0,5.923076923076923,1.3637085117998826,,33,9.333333333333334,1.8069275704626233,14.0,3.357142857142857,1.4760452144916616,30,3.7666666666666666,1.4317000108157076,,,,11,0.1782097322668666,0.55946563842037,3.0,6.0,1.1666666666666667,0.34992710611188255,0.0729983660130719,0.3506410539127572,44,3.272727272727273,0.844838749230955,0.32868641249323066,0.46393903120692825,18,,,,0.30656934306569344,25.940998087739032,4.585826771653544,2912.0,8.022834645669294,7.401320661054585,23.445139482564677,20.446833520809918,23.81214848143982,9.0,5.926434901566753,0.024739372367492865,0.05841417910447755,0.7047761194029851,0.07682884691561429,142.0,14.0,17.613555460941566,1130.0,0.4094488188976378,17.121951219512194,635.0
corpora_selected_txt/SupCo/rozhodnuti-21_Cdo_797_2005.txt,CzCDC_SupC097825,rozhodnuti-21_Cdo_797_2005,TXT,https://lindat.mff.cuni.cz/repository/xmlui/bitstream/handle/11372/LRT-3052/SupCoCo.zip,CzCDC,http://hdl.handle.net/11372/LRT-3052,rozhodnuti-21_Cdo_797_2005.txt,21 Cdo 797/2005,False,,,,,individual,quasiobjective,True,authority,combined,individual,Anonymized by source,,bad,3.0,,,323,1.3715170278637772,0.4899817214700987,1.0,-1.0,,3.0,38.333333333333336,1.484055140395851,,1.0,,,,,,,,,1.0,3.0,,4.0,50,28.8,1.5031317039352063,44.0,10.272727272727273,1.9565412776671833,4.0,72,3.513888888888889,0.9062434074462067,47.0,14.74468085106383,1.6310482857651138,80,7.0,1.9505644381784566,,,,37,0.1477415753645494,0.509772186635716,,22.0,1.4090909090909092,0.47273409901155544,0.1197968252781087,0.4965803809838854,141,3.900709219858156,1.0851979726785104,0.402672085400973,0.47664574848738195,82,,,,0.22935779816513763,20.452530090570058,4.434203516249334,8323.0,7.178902503995738,7.345946289526544,18.703044006393185,38.12753395844433,20.684620138518913,21.0,5.538574330657508,0.07661830076226321,0.05606861642294714,0.5811811023622048,0.19842740535911496,186.0,50.0,16.305620800271974,3201.0,0.20831113478955782,30.216216216216218,1877.0
corpora_selected_txt/SupCo/rozhodnuti-21_Cdo_5172_2008.txt,CzCDC_SupC098258,rozhodnuti-21_Cdo_5172_2008,TXT,https://lindat.mff.cuni.cz/repository/xmlui/bitstream/handle/11372/LRT-3052/SupCoCo.zip,CzCDC,http://hdl.handle.net/11372/LRT-3052,rozhodnuti-21_Cdo_5172_2008.txt,21 Cdo 5172/2008,False,,,,,individual,quasiobjective,True,authority,combined,individual,Anonymized by source,,bad,9.0,,2.0,773,1.4333764553686934,0.480246430579147,0.9997843898231997,0.005995876115789451,,7.0,3.7142857142857144,0.8034074376355537,,1.0,,,3.0,2.0,,,1.0,,15.0,2.6,1.1792084397504532,15.0,84,30.607142857142858,0.6925978570350956,75.0,2.3733333333333335,0.886465816679527,4.0,186,3.650537634408602,0.8425810443205622,114.0,2.43859649122807,0.9014570974203715,186,2.827956989247312,1.1505421342988988,2.0,2.0,,75,0.13352126360535888,0.41800596207424184,8.0,49.0,1.2244897959183674,0.41726346149201266,0.08126710406896165,0.40019617356119846,256,4.140625,0.6566175512351434,0.34609365567461003,0.32779988787184083,129,5.0,,,0.28888888888888886,26.124016994559256,5.018377155781736,17750.0,10.023324851569127,8.260649498942879,24.02646800030341,12.335753401325348,23.959906769551157,26.0,5.85529111308196,0.03716859822863449,0.08522978475858056,0.6789674229203025,0.11204717130914763,388.0,82.0,18.4917224061884,6967.0,0.2196776929601357,18.772727272727273,3537.0
corpora_selected_txt/SupCo/rozhodnuti-21_Cdo_2133_2000.txt,CzCDC_SupC100391,rozhodnuti-21_Cdo_2133_2000,TXT,https://lindat.mff.cuni.cz/repository/xmlui/bitstream/handle/11372/LRT-3052/SupCoCo.zip,CzCDC,http://hdl.handle.net/11372/LRT-3052,rozhodnuti-21_Cdo_2133_2000.txt,21 Cdo 2133/2000,False,,,,,individual,quasiobjective,True,authority,combined,individual,Anonymized by source,,bad,4.0,,1.0,800,1.46625,0.5885853595559462,0.9980580357142856,0.017383115318653438,,7.0,8.571428571428571,1.2724284160903017,,,,1.0,,,6.0,1.0,1.0,,21.0,1.9047619047619047,0.8117111555227021,18.0,92,32.119565217391305,0.723346314276009,74.0,2.6216216216216215,1.1857358518628813,3.0,216,5.282407407407407,1.3555452220282571,104.0,2.798076923076923,2.5154998330179565,206,3.8009708737864076,1.4382910911786562,,4.0,,86,0.14458191862325856,0.45874425832385407,11.0,64.0,1.265625,0.4279835390946502,0.09089272360121818,0.5546246414122628,307,3.6319218241042344,0.8754298249792304,0.3314149299547625,0.45196274628687966,150,3.0,,,0.3210463733650416,25.713433100082455,5.030497180932855,19629.0,10.069015889287547,8.361851315424927,23.705426124841217,13.174255989124873,24.14102466962316,26.0,5.9758067759686275,0.03872341173881676,0.08487509860636344,0.7285721798580068,0.09313952301224843,403.0,92.0,18.88706175574913,7709.0,0.21117375704766786,17.87732342007435,3902.0
corpora_selected_txt/SupCo/rozhodnuti-21_Cdo_1679_2006.txt,CzCDC_SupC100985,rozhodnuti-21_Cdo_1679_2006,TXT,https://lindat.mff.cuni.cz/repository/xmlui/bitstream/handle/11372/LRT-3052/SupCoCo.zip,CzCDC,http://hdl.handle.net/11372/LRT-3052,rozhodnuti-21_Cdo_1679_2006.txt,21 Cdo 1679/2006,False,,,,,individual,quasiobjective,True,authority,combined,individual,Anonymized by source,,bad,27.0,,,704,1.453125,0.5022478572580107,0.9993235930735931,0.010379982187119796,1.0,10.0,4.9,0.5646668291006023,,,,,,,,,,,13.0,2.230769230769231,1.0049422066388227,8.0,71,32.563380281690144,0.95263659389603,58.0,2.0517241379310347,0.7384513418063546,4.0,160,4.14375,1.0327156042159384,107.0,3.2710280373831777,2.8744781917516087,157,3.2802547770700636,1.50730663379489,,,,65,0.1568375830020964,0.42201846606025645,2.0,39.0,1.3333333333333333,0.4659455581480467,0.09115674619365975,0.4486804978675865,235,3.9617021276595743,0.8476207584543062,0.3509051231160595,0.4290374496103798,130,1.0,,,0.2950354609929078,27.03164547581021,5.143591390941214,16012.0,10.622582717635721,8.183724214809448,24.813260262506617,8.307275790302356,25.594565271487582,24.0,5.854504169941935,0.05848061748617564,0.07341074983410745,0.6873191771731918,0.12526352676637453,370.0,71.0,20.10565371138362,6274.0,0.2283970446514616,18.8743961352657,3113.0
corpora_selected_txt/SupCo/rozhodnuti-21_Cdo_1233_2008.txt,CzCDC_SupC101563,rozhodnuti-21_Cdo_1233_2008,TXT,https://lindat.mff.cuni.cz/repository/xmlui/bitstream/handle/11372/LRT-3052/SupCoCo.zip,CzCDC,http://hdl.handle.net/11372/LRT-3052,rozhodnuti-21_Cdo_1233_2008.txt,21 Cdo 1233/2008,False,,,,,individual,quasiobjective,True,authority,combined,individual,Anonymized by source,,bad,2.0,,1.0,262,1.3587786259541985,0.4561702533654303,1.0,-1.0,,9.0,4.222222222222222,0.5894678101211084,,,,,,,,,1.0,1.0,8.0,1.25,0.3703280399090206,14.0,41,25.926829268292682,0.7981021160164437,38.0,3.0526315789473686,1.2373666637520848,1.0,76,4.2894736842105265,1.0500745113350956,51.0,2.411764705882353,1.6937720541928138,68,3.2205882352941178,1.6428884039574085,1.0,,,33,0.14950886871928376,0.48167082631319363,,22.0,1.4090909090909092,0.47273409901155555,0.11000715713282559,0.7954623988426558,114,3.1578947368421053,0.9425717450634392,0.32230662303506247,0.5055123823034157,65,,,,0.3568904593639576,19.445797098402025,4.777298850574713,6650.0,8.710919540229886,7.798588357640692,18.655012738295483,31.749609826184454,20.649453322119427,15.0,5.8635578196590314,0.03427507604135628,0.084215003866976,0.6797447795823666,0.10438073065143062,230.0,41.0,17.122413403193683,2651.0,0.3067528735632184,16.53,1392.0
corpora_selected_txt/SupCo/rozhodnuti-20_Cdo_97_2010.txt,CzCDC_SupC102093,rozhodnuti-20_Cdo_97_2010,TXT,https://lindat.mff.cuni.cz/repository/xmlui/bitstream/handle/11372/LRT-3052/SupCoCo.zip,CzCDC,http://hdl.handle.net/11372/LRT-3052,rozhodnuti-20_Cdo_97_2010.txt,20 Cdo 97/2010,False,,,,,individual,quasiobjective,True,authority,combined,individual,Anonymized by source,,bad,,,,100,1.36,0.4848189935457806,1.0,-1.0,,4.0,20.25,1.194323480439226,,,,,,,,,1.0,,,,,1.0,15,32.8,0.9159543317732116,7.0,1.7142857142857142,1.102396379610246,,20,6.45,1.3944192016309152,14.0,3.0714285714285716,1.3299835887956908,19,7.526315789473684,1.3523530555667573,,1.0,,12,0.1234680941007746,0.7205764273733744,,7.0,1.5714285714285714,0.5006882315714638,0.1413935271078128,0.4565029335575507,32,5.03125,0.9730351499443957,0.3799306131980764,0.4993344001300358,13,,,,0.211864406779661,24.478685714285717,4.523809523809524,2945.0,7.702918586789556,7.464593489390451,21.49487096774193,30.068264516129034,23.873056835637485,9.0,6.011223526850308,0.013931943962768452,0.04583333333333339,0.7255797101449275,0.05011733549765981,136.0,15.0,18.315409229039158,1092.0,0.4009216589861751,30.25,651.0
corpora_selected_txt/SupCo/rozhodnuti-20_Cdo_689_2016.txt,CzCDC_SupC102545,rozhodnuti-20_Cdo_689_2016,TXT,https://lindat.mff.cuni.cz/repository/xmlui/bitstream/handle/11372/LRT-3052/SupCoCo.zip,CzCDC,http://hdl.handle.net/11372/LRT-3052,rozhodnuti-20_Cdo_689_2016.txt,20 Cdo 689/2016,False,,,,,individual,quasiobjective,True,authority,combined,individual,Anonymized by source,,bad,1.0,,,70,1.4285714285714286,0.47027589805331843,1.0,-1.0,,2.0,5.0,0.565685424949238,,,,,,1.0,,,,,,,,,9,36.77777777777778,0.924848865496611,2.0,1.0,-1.0,,12,3.5,1.0725102764707832,8.0,6.375,2.3847522816487485,11,5.363636363636363,2.454047656312766,,1.0,,6,0.10727912297238913,1.0963485333596537,,3.0,1.0,-1.0,0.060599415204678354,0.11894484160752442,15,6.2,1.0349188058686525,0.3504713045338234,0.6183733194598124,15,,,,0.16049382716049382,28.663765765765767,4.6441441441441444,2062.0,8.347747747747745,7.268845745313274,25.160804054054054,16.194846846846843,26.039639639639645,7.0,6.028172737572171,0.024583832754162642,0.04672463768115942,0.7301739130434782,0.08291169023867558,109.0,9.0,19.061188166129803,773.0,0.46396396396396394,36.333333333333336,444.0
corpora_selected_txt/SupCo/rozhodnuti-20_Cdo_2736_2006.txt,CzCDC_SupC104771,rozhodnuti-20_Cdo_2736_2006,TXT,https://lindat.mff.cuni.cz/repository/xmlui/bitstream/handle/11372/LRT-3052/SupCoCo.zip,CzCDC,http://hdl.handle.net/11372/LRT-3052,rozhodnuti-20_Cdo_2736_2006.txt,20 Cdo 2736/2006,False,,,,,individual,quasiobjective,True,authority,combined,individual,Anonymized by source,,bad,,,,489,1.4948875255623721,0.5350863916578483,0.9996591683708248,0.007539496893111484,,11.0,5.0,0.9549869109050659,,,,,,,,,3.0,3.0,3.0,3.3333333333333335,1.2124355652982142,23.0,43,41.627906976744185,0.6740749408368354,46.0,2.4565217391304346,1.2486917650042877,2.0,117,5.615384615384615,1.3075543572598027,69.0,3.2028985507246377,1.0068413105009257,121,4.537190082644628,1.899380633125722,1.0,3.0,,40,0.1234510681931152,0.5074368746907708,6.0,36.0,1.1388888888888888,0.3726887643886722,0.0704370656576539,0.3960995996572972,187,3.962566844919786,0.7973375834923386,0.33075236172606676,0.359148819889674,103,2.0,,,0.2276707530647986,34.42870089575857,4.825030376670717,11913.0,9.279546375050627,8.156138828877076,30.97236538660789,-8.266128523929268,29.60980719055827,18.0,5.960140404904426,0.02987015238649117,0.06303375527426158,0.7138987341772152,0.09193626266530741,257.0,43.0,20.76926472791303,4733.0,0.2397731875253139,23.643410852713178,2469.0
corpora_selected_txt/SupCo/rozhodnuti-20_Cdo_164_2012.txt,CzCDC_SupC106578,rozhodnuti-20_Cdo_164_2012,TXT,https://lindat.mff.cuni.cz/repository/xmlui/bitstream/handle/11372/LRT-3052/SupCoCo.zip,CzCDC,http://hdl.handle.net/11372/LRT-3052,rozhodnuti-20_Cdo_164_2012.txt,20 Cdo 164/2012,False,,,,,individual,quasiobjective,True,authority,combined,individual,Anonymized by source,,bad,,,,42,1.380952380952381,0.42170732705343666,1.0,-1.0,,,,,,,,,,,,,,,,,,,12,18.833333333333332,1.4385066430028322,1.0,1.0,,,6,4.666666666666667,1.2096550360009455,5.0,5.4,0.8938902508257164,8,2.875,1.3072431633367747,,,,7,0.13209303154460164,0.762943245097003,,3.0,2.3333333333333335,0.24743582965269673,0.35000000000000003,0.3779644730092272,10,6.2,1.172486845035181,0.32277306027306024,0.3853570105264077,10,,,,0.1836734693877551,11.873880081300815,4.439024390243903,1274.0,6.767595818815336,7.000567196974965,11.095614401858303,64.46849361207899,15.699070847851335,5.0,6.104757478624428,0.0286336047451987,0.0416489361702127,0.7651595744680851,0.09647939257090546,103.0,12.0,14.06817628641468,473.0,0.5609756097560976,32.0,287.0
corpora_selected_txt/SupCo/rozhodnuti-20_Cdo_1577_2013.txt,CzCDC_SupC106688,rozhodnuti-20_Cdo_1577_2013,TXT,https://lindat.mff.cuni.cz/repository/xmlui/bitstream/handle/11372/LRT-3052/SupCoCo.zip,CzCDC,http://hdl.handle.net/11372/LRT-3052,rozhodnuti-20_Cdo_1577_2013.txt,20 Cdo 1577/2013,False,,,,,individual,quasiobjective,True,authority,combined,individual,Anonymized by source,,bad,,,,150,1.4733333333333334,0.48916753624662646,1.0,-1.0,,4.0,6.0,0.8277591347639633,,,,,,,,1.0,,1.0,2.0,3.5,0.6060915267313264,3.0,22,31.227272727272727,1.098922732085779,11.0,1.7272727272727273,0.5841868179162782,1.0,37,5.1891891891891895,1.3116109753636724,24.0,11.541666666666666,2.7238675150543155,35,3.7142857142857144,1.8625076942774228,,1.0,,16,0.1253647348539837,0.6377297283658445,,10.0,1.3,0.37157376272280607,0.11931321731244333,0.9351542184876062,52,4.076923076923077,0.8550085295747518,0.3112325899945984,0.4358935935727351,33,,,,0.22448979591836735,24.8555576184379,4.8754062838569885,4500.0,9.332719393282778,7.8131536318420425,23.01650989855215,17.007975081256774,24.582468235989367,11.0,5.989221212050285,0.021593696733614134,0.05957524271844661,0.7231553398058252,0.06857957330518515,210.0,22.0,19.469769564561354,1778.0,0.39761646803900325,24.86046511627907,923.0
corpora_selected_txt/SupAdmCo/0002_2Aps_0400069A_prevedeno.txt,CzCDC_SupA049484,0002_2Aps_0400069A_prevedeno,TXT,https://lindat.mff.cuni.cz/repository/xmlui/bitstream/handle/11372/LRT-3052/SupAdmCo.zip,CzCDC,http://hdl.handle.net/11372/LRT-3052,0002_2Aps_0400069A_prevedeno.txt,2 Aps 2/2004-69,False,,,,,individual,quasiobjective,True,authority,combined,individual,Anonymized by source,,bad,10.0,,1.0,442,1.497737556561086,0.5072089964753036,0.9996767937944407,0.006797218248182553,,4.0,3.25,0.7692307692307693,,,,3.0,1.0,1.0,,1.0,,,13.0,2.0,1.0206207261596576,5.0,66,25.46969696969697,0.6684795213099732,41.0,3.073170731707317,1.6292444616284687,,130,4.676923076923077,1.0298096893111799,61.0,1.8360655737704918,1.319866153219699,119,2.7058823529411766,1.3696266259875636,,,,56,0.13809256231903722,0.35804618021553897,6.0,41.0,1.3902439024390243,0.47923967688184455,0.08952537498163735,0.5025001879084027,156,4.160256410256411,0.8134155058620947,0.31884759653847744,0.3356795202294099,92,2.0,,,0.2754158964879852,21.0329647887324,4.943661971830986,11583.0,9.529577464788732,8.001110560131282,20.13030431071276,24.599008536064886,19.91916346564234,20.0,5.960726834796816,0.02883621804057453,0.07889037433155077,0.7132620320855615,0.08463943407581119,285.0,66.0,15.99959859527241,4634.0,0.24327784891165172,18.783783783783782,2343.0
corpora_selected_txt/SupAdmCo/0027_2Afs_0300055A_prevedeno.txt,CzCDC_SupA049738,0027_2Afs_0300055A_prevedeno,TXT,https://lindat.mff.cuni.cz/repository/xmlui/bitstream/handle/11372/LRT-3052/SupAdmCo.zip,CzCDC,http://hdl.handle.net/11372/LRT-3052,0027_2Afs_0300055A_prevedeno.txt,2 Afs 27/2003-55,False,,,,,individual,quasiobjective,True,authority,combined,individual,Anonymized by source,,bad,22.0,,3.0,798,1.512531328320802,0.6920966718207083,0.9978100690036781,0.018718601079365446,,17.0,5.294117647058823,0.6001671577851879,,,,2.0,2.0,,1.0,,,,18.0,2.7777777777777777,1.225839448272561,19.0,111,24.09009009009009,0.6845583248019425,65.0,2.5692307692307694,0.8783643567060883,3.0,200,4.25,1.035678320669931,85.0,2.8941176470588235,1.3329300436803018,184,2.869565217391304,1.3466905347138096,,3.0,1.0,103,0.12907053278483532,0.5491304204348476,14.0,49.0,1.2040816326530612,0.5617350789796188,0.08487949262921723,0.6182172452142213,254,4.767716535433071,0.8913616084452693,0.3593103016855478,0.3524001053749659,122,6.0,,,0.28205128205128205,20.225922190847562,5.223604201216141,18899.0,10.773493642896623,8.242002223472342,19.473464479404775,23.642774819595758,19.991956135239718,26.0,5.954172986965373,0.02398046229613759,0.0898607558965615,0.7091077010514351,0.07673812343328591,309.0,111.0,16.728156217252725,7494.0,0.19900497512437812,20.004807692307693,3618.0
corpora_selected_txt/SupCo/rozhodnuti-11_Tcu_10_2010.txt,CzCDC_SupC111834,rozhodnuti-11_Tcu_10_2010,TXT,https://lindat.mff.cuni.cz/repository/xmlui/bitstream/handle/11372/LRT-3052/SupCoCo.zip,CzCDC,http://hdl.handle.net/11372/LRT-3052,rozhodnuti-11_Tcu_10_2010.txt,11 Tcu 10/2010,False,,,,,individual,quasiobjective,True,authority,combined,individual,Anonymized by source,,bad,,,,67,1.2985074626865671,0.5018731652451662,1.0,-1.0,,3.0,5.0,0.7211102550927978,,,,,,,,,,,1.0,1.0,,,13,29.692307692307693,0.7171261799921915,6.0,1.6666666666666667,0.4898979485566356,1.0,14,6.214285714285714,1.141680361478645,8.0,1.75,1.0014566650110446,14,2.5714285714285716,1.1588054234843208,,,,10,0.09042398777692895,0.49159253475614,2.0,2.0,1.0,-1.0,0.1388888888888889,0.282842712474619,21,5.238095238095238,0.9486179594851931,0.29014445610076367,0.3918086217472824,19,1.0,,,0.19480519480519481,20.588149097815766,4.497942386831276,2186.0,7.4753086419753085,7.299549087990497,19.264652263374487,34.01364324153215,21.044381133270022,7.0,6.076679091507797,0.019243966036850885,0.04679586563307492,0.7699741602067184,0.06084833987124899,112.0,13.0,16.758888586881195,863.0,0.4506172839506173,37.0,486.0
corpora_selected_txt/SupAdmCo/0046_1As__1400036A_prevedeno.txt,CzCDC_SupA051640,0046_1As__1400036A_prevedeno,TXT,https://lindat.mff.cuni.cz/repository/xmlui/bitstream/handle/11372/LRT-3052/SupAdmCo.zip,CzCDC,http://hdl.handle.net/11372/LRT-3052,0046_1As__1400036A_prevedeno.txt,1 As 46/2014-36,False,,,,,individual,quasiobjective,True,authority,combined,individual,Anonymized by source,,bad,22.0,,4.0,1130,1.4699115044247788,0.503934892757502,0.9989886219974716,0.012845598356293434,4.0,21.0,7.857142857142857,1.1562121112845132,,,,,1.0,2.0,,2.0,4.0,3.0,14.0,1.5,0.7734924681537619,13.0,178,19.00561797752809,0.7079202969156408,65.0,2.169230769230769,0.7130933671646729,,284,3.2816901408450705,0.8514374575804242,162.0,2.0,0.9391419368975873,287,2.3832752613240418,1.2290395954304087,,3.0,,164,0.15703670001171327,0.4126703466432083,7.0,90.0,1.4,0.4764579238252598,0.09810787818286584,0.7121188867608866,385,3.7896103896103894,0.9858720098774215,0.33573887279619574,0.36357967983619666,270,3.0,,,0.30619469026548674,16.68965011337869,5.464828484585324,25171.0,11.667021276595746,8.580152221005205,17.257247406764122,25.642605307087365,18.668034930284172,27.0,6.019515471104694,0.02725485197521291,0.09044375416019523,0.738599955624584,0.07997827451147685,524.0,180.0,16.397492134442412,10260.0,0.22818063395570995,15.660869565217391,4606.0
corpora_selected_txt/KUK_1.0/data/FrBo/analyses/TXT/1.txt,Fana_00001,1,TXT,data/FrBo/analyses/TXT,FrBo,FrBo_analyses,1,Protikořenová fólie,True,high,,,,individual,quasiobjective,False,individual,natural person,individual,Anonymized by source,,good,1.0,,1.0,250,1.488,0.5625359834756329,0.9995555555555555,0.007030408315180919,,4.0,4.0,0.6123724356957945,,,,,,,,,1.0,,14.0,1.9285714285714286,0.6579037891670474,,53,14.30188679245283,0.9395471705615752,22.0,2.272727272727273,0.6677324813626087,,68,3.4411764705882355,1.2475206914040506,39.0,2.2564102564102564,1.1217147915179786,53,2.943396226415094,1.4481931202741807,,,1.0,39,0.1868257233663432,0.47545034615706067,3.0,10.0,1.1,0.28747978728803447,0.068815987933635,0.2385022169357101,82,3.975609756097561,0.8604918031329204,0.3470576267370076,0.3058920608257378,41,2.0,,,0.383399209486166,13.934927838781455,5.730584851390221,5977.0,12.580441035474598,7.9671887904532825,15.354858553881218,27.55358376598707,16.577354872555585,11.0,6.0654344079867215,0.017847775537098234,0.08307203389830509,0.7540466101694915,0.055169406861330816,237.0,53.0,14.951888747735659,2457.0,0.3940556088207095,12.28125,1043.0
corpora_selected_txt/KUK_1.0/data/FrBo/analyses/TXT/10.txt,Fana_00010,10,TXT,data/FrBo/analyses/TXT,FrBo,FrBo_analyses,10,"Špatný management státní správy;Správní řízení, Fungování obcí a úřadů",True,high,,,,individual,quasiobjective,False,individual,natural person,individual,Anonymized by source,,good,2.0,,,209,1.4497607655502391,0.5233109918566472,0.9986044657097289,0.014397516261235987,,2.0,2.5,0.282842712474619,,,,,,,,,2.0,,15.0,1.6666666666666667,0.4898979485566356,5.0,55,11.745454545454546,0.7541081512740354,24.0,1.625,0.5684438201265648,,67,2.582089552238806,0.6712997021674264,34.0,2.2058823529411766,0.8409518416651455,39,2.5384615384615383,0.625138329866109,,,,39,0.19098799671432473,0.44560965067670444,1.0,6.0,1.0,-1.0,0.08652065527065528,0.29425102183034096,75,3.066666666666667,0.831073760112703,0.27877234820372077,0.35710563575946724,33,,,,0.4200913242009132,10.511427667984186,5.3768115942028984,4823.0,10.617391304347828,7.564593620357266,11.595896726461945,46.84916544035676,11.830213844126888,11.0,5.914120259881191,0.031916246068807115,0.10946115288220548,0.7007518796992481,0.09778645530228315,186.0,55.0,11.53215239995346,1916.0,0.3656633221850613,11.0,897.0
corpora_selected_txt/KUK_1.0/data/FrBo/analyses/TXT/14.txt,Fana_00014,14,TXT,data/FrBo/analyses/TXT,FrBo,FrBo_analyses,14,"Stavba průmyslové haly;Územní a stavební řízení, Správní řízení, Ochrana před hlukem, Spolky a účast veřejnsoti, Fungování obcí a úřadů, Životní prostředí, Územní plánování",True,high,,,,individual,quasiobjective,False,individual,natural person,individual,Anonymized by source,,good,3.0,,,327,1.4097859327217126,0.47968967353992764,1.0,-1.0,,5.0,2.4,0.2282177322938192,,,,,,,,,2.0,,31.0,2.3548387096774195,1.1157448051669718,4.0,85,11.705882352941176,0.8022252789461206,26.0,1.8461538461538463,0.5669117117231649,1.0,99,3.0202020202020203,0.7970942737461619,60.0,1.95,0.7154921653355462,71,2.0422535211267605,0.7514782442321746,,,,61,0.21443135943473024,0.48150150836218975,4.0,15.0,1.2666666666666666,0.361371874908208,0.08225245887010593,0.3492204592498459,130,2.976923076923077,0.7369858044385458,0.3301763849735965,0.4123649815227319,85,3.0,,,0.4212121212121212,11.190406942236358,5.671921921921922,7555.0,11.932957957957958,8.21715919968519,12.970046723193775,36.3006533474651,13.685652711535065,13.666666666666666,6.002612692570101,0.02950806367146379,0.10378751013787513,0.7376804541768045,0.08324081866199998,325.0,85.0,12.86741794269119,3094.0,0.3963963963963964,11.268115942028986,1332.0
corpora_selected_txt/KUK_1.0/data/FrBo/analyses/TXT/16.txt,Fana_00016,16,TXT,data/FrBo/analyses/TXT,FrBo,FrBo_analyses,16,"reklamní stavba umístěná na střeše;Územní a stavební řízení, Správní řízení, Fungování obcí a úřadů, Životní prostředí, Územní plánování",True,high,,,,individual,quasiobjective,False,individual,natural person,individual,Anonymized by source,,good,2.0,,,485,1.468041237113402,0.5665031985995708,0.998772704958272,0.013521394530821287,,6.0,5.333333333333333,0.9968701018688443,,,,,,,,,1.0,,36.0,1.3888888888888888,0.5517763522090655,6.0,129,11.348837209302326,0.6705783140347054,48.0,2.2083333333333335,0.5362706908924852,,150,2.9133333333333336,0.9568573866534437,83.0,1.7590361445783131,0.7353004875726723,120,2.0166666666666666,0.7186765078036432,,2.0,,104,0.21125315204904294,0.37099448975852767,4.0,18.0,1.1111111111111112,0.2910427500435996,0.07732575493153408,0.4161127652036594,195,2.7025641025641027,0.6756019889168067,0.3145388146116891,0.391398681937722,115,2.0,,,0.41164658634538154,10.973583382222955,5.665489404641776,11229.0,11.866347124117054,8.034575610015198,12.419881683210914,39.47416681137992,12.704767715642333,17.0,5.873680158352153,0.0343604106316125,0.10163037705788636,0.693069569835369,0.09658873957857622,312.0,129.0,12.19668762564979,4519.0,0.2860746720484359,11.245098039215685,1982.0
corpora_selected_txt/KUK_1.0/data/FrBo/analyses/TXT/17.txt,Fana_00017,17,TXT,data/FrBo/analyses/TXT,FrBo,FrBo_analyses,17,"Diskuze občanů na zasedání zastupitelstva;Fungování obcí a úřadů, Právo na informace",True,high,,,,individual,quasiobjective,False,individual,natural person,individual,Anonymized by source,,good,5.0,,,281,1.3274021352313168,0.48464177707509015,0.9994068801897983,0.00994840036453425,,3.0,2.3333333333333335,0.24743582965269678,,,,,,,,,3.0,,19.0,2.0,0.6009252125773314,,66,12.803030303030303,0.8770879900363937,17.0,2.7058823529411766,0.8135127104457008,,83,2.8674698795180724,0.7639938214882382,53.0,2.150943396226415,0.7649957704315008,62,2.3548387096774195,0.8600267695707328,,,,47,0.21156881944250974,0.3863033588852888,3.0,14.0,1.2142857142857142,0.4767693605473972,0.08673758977275121,0.47025269964807115,101,3.287128712871287,0.7591251860184935,0.34158196233327276,0.42104999583344377,65,2.0,,,0.5390946502057613,12.308571821549187,5.858576642335766,6421.0,12.88695255474452,7.838455785436217,14.245794204161673,28.899695064821884,14.280509859461816,13.0,5.9816437709374455,0.021577342946861717,0.09764292878635916,0.7185055165496489,0.06416647222842002,248.0,67.0,13.291012823814519,2656.0,0.375,9.615384615384615,1096.0
corpora_selected_txt/KUK_1.0/data/FrBo/analyses/TXT/18.txt,Fana_00018,18,TXT,data/FrBo/analyses/TXT,FrBo,FrBo_analyses,18,povolovací procesy bioplynové stanice;Životní prostředí,True,high,,,,individual,quasiobjective,False,individual,natural person,individual,Anonymized by source,,good,4.0,,,458,1.4868995633187774,0.5305684227079475,0.9989602828030776,0.012864024821454342,,2.0,5.0,0.565685424949238,,,,,,,,,,,25.0,1.8,1.0143010324169741,3.0,138,10.18840579710145,0.7641060780490884,26.0,2.076923076923077,0.5765418880678531,,144,2.798611111111111,0.893005209046789,71.0,1.5492957746478873,0.6967897377307215,138,2.5942028985507246,0.8545394903450293,,2.0,,111,0.20249906052535283,0.4359478892581168,2.0,16.0,1.1875,0.4580257929005114,0.09860674322023007,0.5331249300941265,171,3.046783625730994,0.7046740365738777,0.3139336165038427,0.398270593234362,95,6.0,,,0.42887029288702927,10.597811639634727,5.820271682340648,11140.0,12.393207941483807,8.06817339330066,13.026583526418605,32.550875880241705,12.716060151742312,18.0,5.895938122058096,0.0321743298811476,0.0919338842975207,0.6939669421487603,0.093848078310534,308.0,138.0,12.135525327171322,4654.0,0.29258098223615464,10.965686274509803,1914.0
corpora_selected_txt/KUK_1.0/data/FrBo/analyses/TXT/19.txt,Fana_00019,19,TXT,data/FrBo/analyses/TXT,FrBo,FrBo_analyses,19,Rušení nočního klidu;Fungování obcí a úřadů,True,high,,,,individual,quasiobjective,False,individual,natural person,individual,Anonymized by source,,good,3.0,,1.0,414,1.4057971014492754,0.4341275296218583,1.0,-1.0,1.0,2.0,3.5,0.20203050891044216,,,,,,,,,2.0,1.0,36.0,1.9722222222222223,0.9269397367056227,4.0,112,10.910714285714286,0.881817080970977,45.0,2.3333333333333335,0.7860093896817669,,128,2.9375,0.8594659799602,87.0,1.8620689655172413,1.135312796241177,88,2.3181818181818183,0.871490496037455,,1.0,,79,0.21233836756958688,0.3817191781081584,3.0,20.0,1.4,0.4861121766990862,0.10286993321436047,0.49045291882206754,155,2.735483870967742,0.7545858361307715,0.29658679759010387,0.4051742431954977,68,2.0,,,0.4225352112676056,10.305004370686113,5.635696821515892,9220.0,11.612347188264055,8.200481202087131,12.315570147348375,38.52816229958674,12.245918168639244,15.0,6.027874757716777,0.02346914547783878,0.0962068965517241,0.7493298633702017,0.056218482963117065,323.0,113.0,11.860978367396608,3794.0,0.34535452322738386,10.53072625698324,1636.0
corpora_selected_txt/KUK_1.0/data/FrBo/analyses/TXT/23.txt,Fana_00023,23,TXT,data/FrBo/analyses/TXT,FrBo,FrBo_analyses,23,"veřejné zakázky a střet zájmů;Životní prostředí, Spolky a účast veřejnsoti, Správní řízení, Územní a stavební řízení, Fungování obcí a úřadů, Právo na informace, Korupce a transparentnost",True,high,,,,individual,quasiobjective,False,individual,natural person,individual,Anonymized by source,,good,10.0,,,380,1.3868421052631579,0.5107207572926336,0.999671052631579,0.0064144747251128325,1.0,5.0,2.8,0.29880715233359845,,,,,,1.0,1.0,,,,15.0,2.066666666666667,0.7192484060876192,1.0,114,9.649122807017545,0.615979561238817,29.0,1.896551724137931,0.533726734090029,1.0,109,2.688073394495413,0.8344582585621644,62.0,1.6774193548387097,0.7841862684329515,73,2.3835616438356166,0.9319244087344604,,,,86,0.20804742543078636,0.41589190881718724,2.0,14.0,1.5,0.43362909039199393,0.1398822042619035,0.5268509309385648,130,2.8,0.6247923243006299,0.31569734586107534,0.4069217452373716,46,2.0,,,0.4078549848942598,9.40846452057071,5.651556156968877,8353.0,11.456359945872803,7.941208121081177,11.308927593001446,42.554987370320276,11.708292381834154,14.0,5.88424784850578,0.029943189447536604,0.1223060188542422,0.6979115300942712,0.0873255845959561,287.0,114.0,11.435274130380996,3392.0,0.33694181326116374,12.611940298507463,1478.0
corpora_selected_txt/KUK_1.0/data/FrBo/analyses/TXT/24.txt,Fana_00024,24,TXT,data/FrBo/analyses/TXT,FrBo,FrBo_analyses,24,Předběžné zamezení černé stavbě;Územní a stavební řízení,True,high,,,,individual,quasiobjective,False,individual,natural person,individual,Anonymized by source,,good,,,,271,1.4206642066420665,0.49596476420376556,1.0,-1.0,,3.0,3.0,-1.0,,,,,,,,1.0,,,24.0,1.5833333333333333,0.5864913113526777,4.0,62,12.516129032258064,0.7466655644441443,44.0,2.227272727272727,0.579875195612102,,85,2.6705882352941175,0.7824456114257823,57.0,1.736842105263158,0.8807821825230003,58,2.4482758620689653,0.6270651955669907,1.0,,1.0,48,0.21634705515085614,0.3873847621421235,1.0,13.0,1.4615384615384615,0.6000923289995465,0.08556178414478009,0.5088335110218943,109,2.458715596330275,0.5685741816171836,0.2957359603878762,0.38370152605781593,52,1.0,,,0.45357142857142857,12.694800519095295,5.881226053639847,6140.0,13.04329501915709,7.72853084147104,14.075874242986032,30.954278951921907,13.478778890124829,13.0,5.9150723964360274,0.033995101026064616,0.11331216931216925,0.7134814814814815,0.08252410211133916,247.0,62.0,12.75420387040727,2482.0,0.3850574712643678,9.365079365079366,1044.0
corpora_selected_txt/KUK_1.0/data/FrBo/analyses/TXT/27.txt,Fana_00027,27,TXT,data/FrBo/analyses/TXT,FrBo,FrBo_analyses,27,znečištění spodních vod;Životní prostředí,True,medium,,,,individual,quasiobjective,False,individual,natural person,individual,Anonymized by source,,bad,4.0,1.0,,328,1.420731707317073,0.45714884378460197,1.0,-1.0,,9.0,6.666666666666667,0.9031195934094222,,,,,,,,1.0,2.0,,24.0,1.5833333333333333,0.48980943677623484,6.0,80,12.5125,0.8026323980190434,24.0,1.7083333333333333,0.5026376899290855,1.0,103,2.8737864077669903,0.7512014026789449,68.0,2.2205882352941178,1.2174628094090583,72,2.6527777777777777,0.7490254371128631,,3.0,,62,0.20063308344552985,0.46527486779916927,3.0,14.0,1.2142857142857142,0.35067143475108714,0.08616104643304998,0.6884963901146002,124,3.064516129032258,0.7803916342794884,0.32858405689159403,0.4019457585307024,71,,,,0.3918918918918919,12.671224754901957,5.810457516339869,8001.0,12.747567175018153,8.13953185742965,13.92752614379085,32.66262810457516,14.205261437908497,13.0,5.9897261702019575,0.03509455427528861,0.09374804381846635,0.7290923317683881,0.10242719855169127,265.0,80.0,13.268218822659097,3222.0,0.35802469135802467,11.222222222222221,1377.0
corpora_selected_txt/KUK_1.0/data/FrBo/analyses/TXT/28.txt,Fana_00028,28,TXT,data/FrBo/analyses/TXT,FrBo,FrBo_analyses,28,"integrované povolení;Životní prostředí, Spolky a účast veřejnsoti, Správní řízení, Územní a stavební řízení, Fungování obcí a úřadů",True,medium,,,,individual,quasiobjective,False,individual,natural person,individual,Anonymized by source,,bad,5.0,,2.0,465,1.4838709677419355,0.5473903427547039,0.9989247311827957,0.013372485405694683,,6.0,4.0,0.5,,,,2.0,,1.0,2.0,1.0,2.0,,28.0,2.2142857142857144,1.7135615580095795,3.0,128,11.8515625,0.8687207996870072,38.0,1.7894736842105263,0.8730832635618182,,146,3.2945205479452055,0.9439516728997247,83.0,1.927710843373494,1.0304639465415328,127,2.267716535433071,0.7189223789831164,,1.0,,102,0.1874426241415247,0.4571421677659483,2.0,24.0,1.0833333333333333,0.26061217041843693,0.0909190108638638,0.3793267823987057,180,3.1166666666666667,0.6455313058234234,0.33504601909553977,0.4051311288039312,151,4.0,,,0.3938144329896907,12.124655641887706,5.911750123946455,11924.0,13.070252850768467,8.250755211845513,14.02001688770451,29.315126394397623,13.918395203272187,17.0,5.9574749289556665,0.03860404756034345,0.09208029197080292,0.7182794577685089,0.10825942928773814,344.0,128.0,13.023866798666859,4907.0,0.31184928111056026,12.363157894736842,2017.0
corpora_selected_txt/KUK_1.0/data/FrBo/analyses/TXT/30.txt,Fana_00030,30,TXT,data/FrBo/analyses/TXT,FrBo,FrBo_analyses,30,Netransparentní postupy starosty,True,high,,,,individual,quasiobjective,False,individual,natural person,individual,Anonymized by source,,good,5.0,,1.0,325,1.3384615384615384,0.47465098171515024,0.9994871794871795,0.009249746730282176,,4.0,2.5,0.2309401076758503,,,,,,,,,1.0,,21.0,1.8571428571428572,0.5968358381929483,4.0,85,11.858823529411765,0.762062323654237,18.0,1.9444444444444444,0.5708400330542129,,95,3.0210526315789474,0.9906562150786112,63.0,2.2222222222222223,0.9946226387672799,73,2.2739726027397262,0.7078021299057464,,2.0,,64,0.199109253890201,0.4468091451494945,2.0,22.0,1.3181818181818181,0.4308209651782792,0.14487421001458434,1.360209580287655,119,3.235294117647059,0.7578694859440981,0.3378350010259679,0.39972170758663994,65,,,,0.5087719298245614,10.469217417876244,5.521772345301757,7228.0,11.1951871657754,8.130278543074196,12.141574484339188,41.43558120702829,13.402169595110772,13.0,5.99810680872219,0.01988047125953919,0.09637190082644631,0.7306694214876033,0.058357321054651294,300.0,85.0,12.668249296143639,2942.0,0.3812070282658518,10.465277777777779,1309.0
corpora_selected_txt/KUK_1.0/data/FrBo/analyses/TXT/31.txt,Fana_00031,31,TXT,data/FrBo/analyses/TXT,FrBo,FrBo_analyses,31,"ochrana před zápachem z jímky;Správní řízení, Životní prostředí",True,medium,,,,individual,quasiobjective,False,individual,natural person,individual,Anonymized by source,,bad,4.0,,,315,1.438095238095238,0.46686520402109266,1.0,-1.0,,4.0,2.5,0.2309401076758503,,,,,,,,,,1.0,17.0,1.3529411764705883,0.4481636549584413,,78,11.012820512820513,0.6061297826034086,24.0,1.7916666666666667,0.5453540652688663,,85,3.2705882352941176,0.7743526648330605,54.0,2.0185185185185186,0.9453380640497099,73,2.863013698630137,0.8891943976664741,,1.0,,60,0.19383693313773068,0.4204893587916759,1.0,17.0,1.411764705882353,0.43799575086726333,0.11073828132651663,0.6021561824474044,112,3.0089285714285716,0.720015378914436,0.3252673322708014,0.34322374112816617,50,2.0,,,0.42,10.745932141383879,5.641828958509738,6663.0,11.727688399661305,7.918908115425638,12.383380750776176,39.30545406978004,12.05132981610543,14.0,6.00156058706806,0.030410876418925026,0.11666358595194082,0.7288632162661738,0.09373502684757051,253.0,78.0,11.734761664991698,2703.0,0.3624047417442845,10.736,1181.0
corpora_selected_txt/KUK_1.0/data/FrBo/analyses/TXT/39.txt,Fana_00039,39,TXT,data/FrBo/analyses/TXT,FrBo,FrBo_analyses,39,Obrana proti vysušování toků;Životní prostředí,True,high,,,,individual,quasiobjective,False,individual,natural person,individual,Anonymized by source,,good,8.0,,2.0,308,1.4805194805194806,0.4919882397563437,0.9994588744588744,0.00950185640215714,,8.0,2.75,0.25712973861329,,1.0,,,,,,,4.0,,22.0,1.9090909090909092,0.6447649527488857,2.0,88,11.159090909090908,0.7911943436911935,21.0,1.7619047619047619,0.4716196855841932,1.0,98,3.2244897959183674,1.045810348805303,60.0,1.7666666666666666,0.8097164733827759,71,2.816901408450704,1.3462076362879538,,,,61,0.1933342001886044,0.47277011204443886,5.0,13.0,1.3076923076923077,0.48208983737820577,0.10406991088222127,0.6748330343199036,113,3.1769911504424777,0.7655170565915694,0.30753339093011806,0.3463942422306617,66,,,,0.39457831325301207,10.171878068519018,5.454747774480712,7353.0,10.870252225519286,7.975244770814153,11.613562854059886,44.87756973293767,13.219260857836526,15.0,5.982796340107624,0.03294826545835422,0.09775020016012814,0.7275260208166533,0.0887902534656298,242.0,88.0,12.543714684579019,2958.0,0.336053412462908,12.176923076923076,1348.0
corpora_selected_txt/KUK_1.0/data/FrBo/analyses/TXT/42.txt,Fana_00042,42,TXT,data/FrBo/analyses/TXT,FrBo,FrBo_analyses,42,"parkování na veřejné zeleni;Korupce a transparentnost, Fungování obcí a úřadů, Právo na informace, Správní řízení",True,medium,,,,individual,quasiobjective,False,individual,natural person,individual,Anonymized by source,,bad,2.0,,1.0,339,1.4218289085545723,0.4406507673899103,1.0,-1.0,,5.0,3.0,0.23570226039551587,,,,,,,,,2.0,,11.0,1.8181818181818181,0.5399073994677236,3.0,71,13.746478873239436,0.9715415486316317,17.0,2.0,0.46770717334674267,3.0,100,2.94,0.770216804910968,58.0,2.189655172413793,1.3347898126781765,70,2.4714285714285715,0.9880573544069337,,,,54,0.19653615033206898,0.4720210995181924,1.0,19.0,1.263157894736842,0.4448782605013046,0.0867341152863395,0.35295805346301173,117,3.1025641025641026,0.6946269590771822,0.31614484869734627,0.3917627428544074,61,,,,0.3894080996884735,12.818063504556754,5.516176470588236,7502.0,11.532941176470588,8.060924430261569,13.593008968516983,38.5691636288318,13.897265948632976,13.0,5.9560353586373695,0.03459607317134514,0.09790642347343381,0.7169072164948453,0.09949914362339642,276.0,71.0,13.000612320458185,2982.0,0.3551470588235294,12.733870967741936,1360.0
corpora_selected_txt/KUK_1.0/data/FrBo/analyses/TXT/44.txt,Fana_00044,44,TXT,data/FrBo/analyses/TXT,FrBo,FrBo_analyses,44,zrušení zastavitelnosti pozemku;Územní plánování,True,high,,,,individual,quasiobjective,False,individual,natural person,individual,Anonymized by source,,good,,,2.0,321,1.4735202492211839,0.5061850388769522,1.0,-1.0,,9.0,10.777777777777779,1.5230192477004287,,,,,,,1.0,,3.0,,20.0,2.5,1.4127241321943256,5.0,75,12.84,0.8756280317666667,17.0,2.0588235294117645,0.6754439205410901,,88,3.4431818181818183,0.8212897158152828,49.0,1.836734693877551,0.7146108901212151,70,2.2857142857142856,0.641361917091787,,1.0,,56,0.20074468337123172,0.46302512096845816,3.0,14.0,1.1428571428571428,0.31774445465112133,0.08323491984206269,0.3312605959398707,113,3.663716814159292,0.8689791273083045,0.3457237332694239,0.3236137141501952,67,1.0,,,0.4,11.683503822491172,5.469742813918305,7231.0,11.18524962178517,7.869559700014261,13.574275895108418,35.841443287947556,14.34264851235502,14.0,5.935601074034602,0.0354431646533257,0.08677841373671302,0.7080784955028618,0.10554561355266856,257.0,75.0,13.369639224083858,3011.0,0.3388804841149773,12.056,1322.0
corpora_selected_txt/KUK_1.0/data/FrBo/analyses/TXT/45.txt,Fana_00045,45,TXT,data/FrBo/analyses/TXT,FrBo,FrBo_analyses,45,územní systémy ekologické stability;Životní prostředí,True,high,,,,individual,quasiobjective,False,individual,natural person,individual,Anonymized by source,,good,,,,241,1.4398340248962656,0.43321480012690794,1.0,-1.0,,2.0,2.5,0.282842712474619,,1.0,,,,,,,1.0,1.0,13.0,1.4615384615384615,0.5311184387094948,,74,11.135135135135135,0.7154145355066345,22.0,2.1363636363636362,0.7120208114874811,3.0,83,3.325301204819277,0.9406065068423329,35.0,2.5714285714285716,1.1753489569744202,67,2.5970149253731343,0.8373633920142763,,,,58,0.17982584216554887,0.5128634941701642,,5.0,1.4,0.6388765649999399,0.08850897038977534,0.6335851794859583,95,3.094736842105263,0.8151104223812031,0.30298402973015975,0.42180960667981515,26,1.0,,,0.3438735177865613,10.762747383874128,5.74744661095636,6190.0,12.147910863509749,8.012036704812035,13.002723706993901,33.992153655047815,13.398223292930815,10.666666666666666,6.042697414891088,0.027058689515200983,0.08199386503067485,0.749120654396728,0.07751846746940112,274.0,74.0,12.614249046400506,2574.0,0.40575673166202414,14.453488372093023,1077.0
corpora_selected_txt/KUK_1.0/data/FrBo/analyses/TXT/48.txt,Fana_00048,48,TXT,data/FrBo/analyses/TXT,FrBo,FrBo_analyses,48,"stavba užívaná bez kolaudace;Územní a stavební řízení, Správní řízení, Fungování obcí a úřadů, Životní prostředí, Územní plánování",True,medium,,,,individual,quasiobjective,False,individual,natural person,individual,Anonymized by source,,bad,2.0,,,370,1.4675675675675677,0.4839210479547905,0.9990990990990991,0.012247996238391772,,4.0,3.25,0.15384615384615385,,,,,,,,,2.0,,28.0,2.357142857142857,1.1673551687429222,5.0,93,10.13978494623656,0.7125935706676872,24.0,1.4583333333333333,0.494441148863483,,110,2.772727272727273,0.8169755613840501,64.0,1.640625,0.7395044212468643,75,2.2533333333333334,0.7514805491778587,,1.0,,70,0.22125060995177862,0.3674130957104993,4.0,14.0,1.0714285714285714,0.24944382578492943,0.06888652897056259,0.25830906680457544,137,2.781021897810219,0.6623375234946672,0.3181209983392297,0.3284607767678981,70,4.0,,,0.40509915014164305,11.064786050124699,5.901140684410646,7760.0,12.81269961977186,7.753429920689296,12.93445014922932,33.6829982010712,12.865039453779795,15.0,5.911835596177201,0.03136124232493627,0.10196546052631572,0.70078125,0.09404720372860849,244.0,93.0,12.248738734355726,3164.0,0.32167300380228137,10.619718309859154,1315.0
corpora_selected_txt/KUK_1.0/data/FrBo/analyses/TXT/49.txt,Fana_00049,49,TXT,data/FrBo/analyses/TXT,FrBo,FrBo_analyses,49,"Městská zeleň;Územní plánování, Územní a stavební řízení, Správní řízení, Spolky a účast veřejnsoti, Fungování obcí a úřadů, Životní prostředí",True,high,,,,individual,quasiobjective,False,individual,natural person,individual,Anonymized by source,,good,3.0,,1.0,351,1.3675213675213675,0.47485383089355554,1.0,-1.0,,8.0,3.5,0.34149388838125533,,1.0,1.0,,1.0,,,,2.0,,36.0,1.5555555555555556,0.6231678685714026,,113,8.973451327433628,0.6697095075527154,17.0,2.1176470588235294,0.8815889484754639,2.0,109,2.908256880733945,0.5891712441333652,55.0,1.6,0.6972166887783963,89,2.2134831460674156,0.6109695938886521,,1.0,1.0,87,0.227691655965116,0.38428943816928934,3.0,9.0,1.4444444444444444,0.7018572150344099,0.11758292542606268,0.49387080272861944,129,2.7906976744186047,0.5534525081878701,0.326698618945181,0.3583904171578776,56,2.0,,,0.471976401179941,9.964814692397908,6.0120481927710845,7984.0,12.9230421686747,7.942392734347167,12.433737038863413,32.63127980061839,11.899680136475105,13.0,5.929831744350691,0.033314025671337615,0.10601301871440194,0.7082831570382425,0.1052299812314336,252.0,113.0,11.437256419889142,3303.0,0.33433734939759036,9.50314465408805,1328.0
corpora_selected_txt/KUK_1.0/data/FrBo/analyses/TXT/50.txt,Fana_00050,50,TXT,data/FrBo/analyses/TXT,FrBo,FrBo_analyses,50,"Spolek a možnosti jeho účasti při plánované výstavbě;Spolky a účast veřejnsoti, Životní prostředí, Správní řízení, Ochrana před hlukem",True,high,,,,individual,quasiobjective,False,individual,natural person,individual,Anonymized by source,,good,,1.0,,267,1.400749063670412,0.5181418519086121,0.9994649545211342,0.008747395416685332,,4.0,3.75,0.4554200340426488,,,,1.0,,1.0,,,,,27.0,1.7407407407407407,0.6490099499256946,2.0,79,10.50632911392405,0.7572967747934577,17.0,1.8235294117647058,0.649881923158251,,90,2.966666666666667,0.770399545395134,50.0,2.68,1.0883603109066238,63,2.3333333333333335,0.762000762001143,,1.0,,58,0.21848673913669378,0.38810755370372507,2.0,10.0,1.5,0.35136418446315326,0.13620129870129868,0.566240644062788,98,3.122448979591837,0.7821354203519729,0.3242681887063324,0.40711027741926037,54,2.0,,,0.496,10.5832677539005,5.86139534883721,6301.0,12.54679069767442,7.7770632713581795,12.177358669414186,37.84319428907861,10.763968207241684,11.0,5.931989444725624,0.026734954680124004,0.10064549180327875,0.7091700819672131,0.07971644925915991,214.0,79.0,10.81508281107575,2530.0,0.36,9.869918699186991,1075.0
corpora_selected_txt/KUK_1.0/data/FrBo/analyses/TXT/53.txt,Fana_00053,53,TXT,data/FrBo/analyses/TXT,FrBo,FrBo_analyses,53,ochrana vlastnických práv při tvorbě územního plánu;Územní plánování,True,medium,,,,individual,quasiobjective,False,individual,natural person,individual,Anonymized by source,,bad,1.0,,1.0,386,1.450777202072539,0.4862131837016566,1.0,-1.0,1.0,2.0,2.5,0.282842712474619,,,,1.0,,,,,3.0,,25.0,2.0,0.9682458365518541,4.0,105,11.438095238095238,0.583328198087389,34.0,2.0,0.5640760748177661,,117,2.7948717948717947,0.697696079547611,55.0,2.0545454545454547,0.734092592565355,106,2.169811320754717,0.6952338286609315,,4.0,,87,0.21432582042464196,0.42100132692532855,,14.0,1.2857142857142858,0.47541654650165405,0.09428900348017996,0.47851576500495024,146,2.8493150684931505,0.686433875932228,0.3040221084521281,0.3562726560467284,67,1.0,,,0.4067796610169492,10.660688349657342,5.570722668313774,9019.0,11.42754786905497,8.07512842380178,12.457621871231503,39.31942958910557,12.517217565222508,14.0,5.926204415195669,0.024482789782279083,0.10242763157894741,0.7039671052631579,0.07562657085624543,304.0,105.0,12.066616321663417,3693.0,0.32674490426189007,11.22754491017964,1619.0
corpora_selected_txt/KUK_1.0/data/FrBo/analyses/TXT/54.txt,Fana_00054,54,TXT,data/FrBo/analyses/TXT,FrBo,FrBo_analyses,54,"Pravomoci starosty;Fungování obcí a úřadů, Právo na informace",True,high,,,,individual,quasiobjective,False,individual,natural person,individual,Anonymized by source,,good,,,,191,1.3403141361256545,0.5216470138040578,1.0,-1.0,,3.0,6.333333333333333,1.0513149660756937,,,,,,,1.0,,1.0,,14.0,1.5,0.5699002761767402,,56,10.482142857142858,0.801484905564687,16.0,1.75,0.8974643039535045,1.0,59,3.4237288135593222,0.9444275978723393,32.0,1.90625,0.8874563545802959,55,2.9454545454545453,0.996095189144175,,,,40,0.20014943063227744,0.5082881069071555,3.0,13.0,1.3846153846153846,0.4697648479246601,0.12408922148741154,0.46372947335098713,79,2.8227848101265822,0.7668843901160057,0.3445983072937652,0.4555811898689826,26,1.0,,,0.49700598802395207,9.516938679245282,5.632075471698113,4179.0,11.412264150943399,7.622252844968294,11.286268194070082,43.24188948787062,12.577628032345014,11.0,5.938865257341899,0.030154654703359537,0.12444790046656296,0.7097822706065319,0.08781884768724374,211.0,56.0,11.99898127034404,1689.0,0.4393530997304582,10.512195121951219,742.0
corpora_selected_txt/KUK_1.0/data/FrBo/analyses/TXT/57.txt,Fana_00057,57,TXT,data/FrBo/analyses/TXT,FrBo,FrBo_analyses,57,"trestní oznámení ve věci konání voleb;Korupce a transparentnost, Právo na informace, Fungování obcí a úřadů, Správní řízení",True,high,,,,individual,quasiobjective,False,individual,natural person,individual,Anonymized by source,,good,5.0,,,360,1.4805555555555556,0.4421772760170498,1.0,-1.0,,5.0,3.0,0.40824829046386296,,,,,,,1.0,1.0,2.0,,25.0,1.44,0.45183382629498,4.0,105,9.866666666666667,0.650191852556768,25.0,1.56,0.41707737811844303,1.0,124,2.6048387096774195,0.618863965451811,69.0,1.565217391304348,0.8866137140805135,99,2.1515151515151514,0.6585288998764127,,,,81,0.2193528344890001,0.39721462202895136,2.0,13.0,1.0,-1.0,0.08072254542842779,0.4127530570569856,154,2.3896103896103895,0.6371047853421271,0.3119242970750117,0.43284177491540904,111,3.0,,,0.42317380352644834,10.328428571428574,5.822695035460993,8210.0,12.336879432624114,8.034571918782634,12.463716008105369,35.559123606889585,12.57710233029382,14.5,5.961743071262959,0.028332224133826505,0.11266209000762784,0.7193974065598779,0.08561645623149775,320.0,105.0,12.01429870346184,3377.0,0.3680851063829787,9.808383233532934,1410.0
corpora_selected_txt/KUK_1.0/data/FrBo/analyses/TXT/64.txt,Fana_00064,64,TXT,data/FrBo/analyses/TXT,FrBo,FrBo_analyses,64,Rozhodnutí správního orgánu a žaloba proti němu;Správní řízení,True,medium,,,,individual,quasiobjective,False,individual,natural person,individual,Anonymized by source,,bad,2.0,,,339,1.4041297935103245,0.47701606301869376,1.0,-1.0,,5.0,2.4,0.22821773229381925,,,,,,,,,2.0,,24.0,1.625,0.5387003770354752,4.0,84,11.476190476190476,0.7542612936971986,18.0,2.0,0.8574929257125442,,106,3.0283018867924527,0.73268245236667,62.0,1.7741935483870968,0.6878117095826781,82,2.402439024390244,0.924661533651629,1.0,,,66,0.21315578139740818,0.4687869180967063,1.0,14.0,1.2142857142857142,0.3506714347510871,0.0893890423302188,0.4104766231380191,121,2.87603305785124,0.6726770491966887,0.3183520511079808,0.3500604195327837,63,1.0,,,0.4662576687116564,12.200166164163289,5.974673829623945,7785.0,13.33722179585572,7.936568063173424,13.850329386397682,30.010975514380732,13.541676716734276,14.0,6.021265209481253,0.026308060729100042,0.09264950166112962,0.7386378737541528,0.0771435906976629,265.0,84.0,12.765265342084994,3164.0,0.3522640061396777,9.774834437086092,1303.0
corpora_selected_txt/KUK_1.0/data/FrBo/analyses/TXT/65.txt,Fana_00065,65,TXT,data/FrBo/analyses/TXT,FrBo,FrBo_analyses,65,"změna dopravního značení;Správní řízení, Spolky a účast veřejnsoti",True,high,,,,individual,quasiobjective,False,individual,natural person,individual,Anonymized by source,,good,,,,331,1.4531722054380665,0.4881031442317503,1.0,-1.0,,4.0,2.75,0.34815531191139565,,,,,,,1.0,,2.0,,19.0,1.7894736842105263,0.7809978928099779,1.0,104,9.740384615384615,0.68355391948196,25.0,1.44,0.5334128991575423,1.0,117,2.769230769230769,0.7502926206506431,79.0,1.620253164556962,0.902022182614533,77,2.5194805194805197,1.0294054141366094,,1.0,,83,0.21798133526077743,0.4050673860865942,5.0,11.0,1.0,-1.0,0.07599747798875298,0.2916647220245639,132,2.871212121212121,0.6727742854818463,0.32658062314397335,0.42105819986544474,72,3.0,,,0.4853801169590643,9.557479395604396,5.699404761904762,7660.0,11.67410714285714,7.991051320981979,11.406290178571425,41.81395467032968,11.091849816849816,14.0,6.009460521143194,0.02398371459929009,0.10667469879518066,0.732714859437751,0.07680175805937828,253.0,104.0,11.031423495948225,3102.0,0.34151785714285715,9.484848484848484,1344.0
corpora_selected_txt/KUK_1.0/data/FrBo/analyses/TXT/68.txt,Fana_00068,68,TXT,data/FrBo/analyses/TXT,FrBo,FrBo_analyses,68,"Převod pozemku starosty do vlastnictví obce;Fungování obcí a úřadů, Korupce a transparentnost, Správní řízení",True,medium,,,,individual,quasiobjective,False,individual,natural person,individual,Anonymized by source,,bad,1.0,,,282,1.372340425531915,0.553113317262606,0.9995567375886525,0.00744694262693866,,11.0,3.5454545454545454,0.6096959287835858,,,,,,1.0,,,1.0,,14.0,1.5714285714285714,0.5419467627971346,6.0,68,13.205882352941176,0.8904727704891975,14.0,1.6428571428571428,0.6584977682163886,,84,3.5,0.9991390441796028,42.0,2.0714285714285716,0.8489327152516305,61,2.7540983606557377,0.9869596888615266,,1.0,1.0,50,0.17883198193468317,0.4987357330047164,4.0,10.0,1.1,0.28747978728803447,0.07786838161838162,0.43511306571573977,105,3.295238095238095,0.6758607809437631,0.33837550439217484,0.38069870075608797,52,2.0,,,0.4669260700389105,11.168475093075205,5.363713080168776,6356.0,10.668270042194093,7.9055925074056095,12.453077786051129,43.100844130057084,13.08029287664433,14.0,5.979192191534155,0.037002804776040836,0.09965930018416203,0.7231675874769797,0.10385455794983318,253.0,68.0,12.449397323899188,2567.0,0.35864978902953587,11.344537815126051,1185.0
corpora_selected_txt/KUK_1.0/data/FrBo/analyses/TXT/70.txt,Fana_00070,70,TXT,data/FrBo/analyses/TXT,FrBo,FrBo_analyses,70,přípustnost konání místního referenda;Spolky a účast veřejnsoti,True,high,,,,individual,quasiobjective,False,individual,natural person,individual,Anonymized by source,,good,,,,354,1.42090395480226,0.44681521939105057,1.0,-1.0,,3.0,2.3333333333333335,0.24743582965269678,,,,,,,1.0,,,,26.0,1.6923076923076923,0.4658591991025075,,93,10.67741935483871,0.5897750579932748,24.0,2.0416666666666665,0.8603059901047466,,112,2.6517857142857144,0.5961680371173059,56.0,1.75,0.7410567593603691,72,2.1805555555555554,0.7554249200935167,,1.0,,76,0.20565391251495782,0.4487987284251241,2.0,15.0,1.2666666666666666,0.361371874908208,0.08908829846910343,0.6109973632698434,128,2.7578125,0.6558655728274145,0.30989255905960866,0.4353897061097947,71,2.0,,,0.42016806722689076,11.910138656384213,6.026239067055394,8268.0,13.484693877551022,7.755634857343923,13.578361406313672,30.44416135302049,13.248014044327409,14.8,5.861246147268281,0.035678610145499064,0.10920659858601722,0.688523173605656,0.10351629256952997,257.0,93.0,12.532907533602135,3350.0,0.3272594752186589,10.476510067114093,1372.0
corpora_selected_txt/KUK_1.0/data/FrBo/analyses/TXT/73.txt,Fana_00073,73,TXT,data/FrBo/analyses/TXT,FrBo,FrBo_analyses,73,Změna územního plánu;Územní plánování,True,high,,,,individual,quasiobjective,False,individual,natural person,individual,Anonymized by source,,good,2.0,,,480,1.4041666666666666,0.4777817634895396,0.9993055555555556,0.010754519677222133,,7.0,2.5714285714285716,0.20786985482077452,,,,,,,,2.0,2.0,,28.0,1.75,0.574067978413496,4.0,134,10.552238805970148,0.8084400624896558,38.0,1.9210526315789473,0.656012987846704,,132,2.893939393939394,0.75326863357455,78.0,2.051282051282051,0.7930962257990032,106,2.339622641509434,0.8319122216925036,,,,96,0.19340361828276,0.4344299557921817,5.0,10.0,1.3,0.5191911982388868,0.08101254138018844,0.4916506935075647,168,3.0952380952380953,0.7675079740552914,0.3332021846212755,0.403285688057449,97,,,,0.4072398190045249,11.99051828838639,6.1931330472103,11544.0,14.151716738197424,8.214830587535117,13.305456977451794,30.728609025687007,13.182204855550573,15.0,5.940144333087893,0.02969902445668822,0.0932974504249292,0.7097790368271955,0.08840240871646614,340.0,134.0,12.427467634786325,4585.0,0.3240343347639485,12.011173184357542,1864.0
corpora_selected_txt/KUK_1.0/data/FrBo/analyses/TXT/76.txt,Fana_00076,76,TXT,data/FrBo/analyses/TXT,FrBo,FrBo_analyses,76,"zveřejňování jmen veřejnosti v zápisech z jednání zastupitelstva obce;Fungování obcí a úřadů, Právo na informace",True,high,,,,individual,quasiobjective,False,individual,natural person,individual,Anonymized by source,,good,,,,320,1.359375,0.5038896981821552,0.9979166666666666,0.01858479093033325,,1.0,3.0,,,,,,,,,,,,20.0,1.45,0.4733329249332825,,84,10.738095238095237,0.6487707606239911,19.0,1.4736842105263157,0.5708081949874692,,100,2.89,0.763331967840308,50.0,1.64,0.7050908134093401,76,2.3026315789473686,0.9724373473688794,,,,70,0.2111105082959886,0.4215163954159008,3.0,13.0,1.7692307692307692,0.47028929679965076,0.15616540322422676,0.3707758867348221,125,2.752,0.7975195680359409,0.3210537243819725,0.42208732035673285,65,,,,0.48863636363636365,11.51348002349026,6.023294509151414,7240.0,13.38702163061564,7.684571187571087,13.139469169032004,32.28977157678378,12.212211020847606,15.0,5.865136743977807,0.034084945344971605,0.11791477787851312,0.6858204895738894,0.09718984530746846,244.0,85.0,11.826082296108435,2919.0,0.3386023294509151,10.578125,1202.0
corpora_selected_txt/KUK_1.0/data/FrBo/analyses/TXT/81.txt,Fana_00081,81,TXT,data/FrBo/analyses/TXT,FrBo,FrBo_analyses,81,Černá skládka;Životní prostředí,True,high,,,,individual,quasiobjective,False,individual,natural person,individual,Anonymized by source,,good,6.0,,,250,1.376,0.4620635670584047,1.0,-1.0,1.0,4.0,3.75,0.4,,,,,,,,,,,15.0,2.0,1.0350983390135313,5.0,68,10.308823529411764,0.7592493021184805,17.0,1.9411764705882353,0.4632995409521411,1.0,68,3.514705882352941,0.7780116484203611,47.0,1.8936170212765957,0.7487293668600034,38,2.4210526315789473,0.6765329461763444,1.0,,,48,0.20147859672589616,0.5252830224123509,1.0,3.0,1.0,-1.0,0.07468671679197995,0.3193566175296009,79,3.4683544303797467,0.7029657095919817,0.3151343120809555,0.34088370737065715,60,1.0,,,0.4291845493562232,10.958809583916299,5.858324715615305,5665.0,12.622957600827304,7.637403422486404,12.422227081939287,37.32132021412497,12.927118437861182,13.0,5.960178684662309,0.027021871294353267,0.10705069124423972,0.7120506912442396,0.07896417044488689,188.0,68.0,12.293615366988302,2268.0,0.3536711478800414,10.808080808080808,967.0
corpora_selected_txt/KUK_1.0/data/FrBo/analyses/TXT/100.txt,Fana_00100,100,TXT,data/FrBo/analyses/TXT,FrBo,FrBo_analyses,100,"Ochrana před hlukem ze střelnice;Ochrana před hlukem, Spolky a účast veřejnsoti",True,high,,,,individual,quasiobjective,False,individual,natural person,individual,Anonymized by source,,good,2.0,,,240,1.4208333333333334,0.717657896432782,0.9971590909090909,0.02194585299278094,,5.0,5.4,0.9128709291752769,,,,,,,1.0,,,,9.0,1.3333333333333333,0.5303300858899107,3.0,63,11.841269841269842,0.9743081750439312,22.0,1.9090909090909092,0.5088568759089436,,66,3.757575757575758,1.0696834881161148,36.0,2.3333333333333335,1.3318261646868956,54,2.185185185185185,0.8483717487504392,,,,46,0.1929726420287061,0.47254894272257064,4.0,9.0,1.3333333333333333,0.5303300858899107,0.10466205000518726,0.5823215408122322,87,3.3448275862068964,1.1523485687541832,0.32650211425566394,0.3818978368502179,31,,,,0.36363636363636365,10.837983609896739,5.50542941757157,5577.0,11.196841066140179,8.008214289652987,12.172665695169147,42.49316437111207,12.670640404895094,11.0,6.02586829191895,0.023991634777506272,0.0860175054704595,0.7480415754923414,0.06349665008323281,277.0,63.0,12.176071132189307,2241.0,0.43632773938795655,13.843373493975903,1013.0
corpora_selected_txt/KUK_1.0/data/FrBo/analyses/TXT/101.txt,Fana_00101,101,TXT,data/FrBo/analyses/TXT,FrBo,FrBo_analyses,101,"Holosečná těžba v přírodní rezervaci;Životní prostředí, Spolky a účast veřejnsoti, Správní řízení, Územní a stavební řízení, Fungování obcí a úřadů",True,high,,,,individual,quasiobjective,False,individual,natural person,individual,Anonymized by source,,good,8.0,,,299,1.4214046822742474,0.46270655880341083,1.0,-1.0,,2.0,2.5,0.282842712474619,,,,,,,,,,,22.0,2.0,0.7400128699009549,3.0,74,11.635135135135135,0.7720885799997039,15.0,3.066666666666667,1.1055857003194018,2.0,91,2.989010989010989,0.7702033804838351,47.0,1.7872340425531914,0.9686753091108097,44,2.727272727272727,0.7599809599138155,,1.0,,53,0.2051997462793667,0.45152566983069153,1.0,13.0,1.3076923076923077,0.48208983737820577,0.08205303468461363,0.4465721611356187,107,3.074766355140187,0.6152968336310268,0.30249577520530707,0.31284419455420603,47,4.0,,,0.39344262295081966,12.188776136919316,5.82559087204564,7148.0,12.732110839445808,7.697044528652319,14.049775387123056,30.237591817440943,13.422565607171965,13.0,5.905187284163697,0.028346841710707452,0.10053191489361701,0.6949379432624113,0.08338545157727388,195.0,75.0,12.711085994562922,2947.0,0.30969845150774244,11.268907563025211,1227.0
corpora_selected_txt/KUK_1.0/data/FrBo/analyses/TXT/102.txt,Fana_00102,102,TXT,data/FrBo/analyses/TXT,FrBo,FrBo_analyses,102,"Prodej obecního pozemku;Fungování obcí a úřadů, Správní řízení, Korupce a transparentnost",True,high,,,,individual,quasiobjective,False,individual,natural person,individual,Anonymized by source,,good,,,,226,1.4336283185840708,0.520956772955347,0.9985250737463126,0.015666908361478143,,1.0,3.0,,,,,1.0,,,,,,,20.0,1.6,0.6539354547257461,2.0,60,10.683333333333334,0.7911615012793727,12.0,2.3333333333333335,1.0229282424683228,1.0,67,2.791044776119403,0.9156667808740333,56.0,1.75,0.8172536479247935,46,2.217391304347826,0.5854107933030585,1.0,,,46,0.2303745751225169,0.4344462285186541,2.0,14.0,1.1428571428571428,0.31774445465112133,0.09096220604066306,0.4425317034660877,80,3.05,0.72454894206589,0.31973445827693114,0.37252796532484334,24,,,,0.5046296296296297,11.793499783549784,6.103896103896104,5170.0,13.762337662337663,7.809108990157843,13.160157811885082,32.10312577725304,11.974883903974813,10.0,6.045658389264902,0.02323558386844812,0.09941176470588231,0.745855614973262,0.06793660633206988,214.0,60.0,11.666422941062965,2060.0,0.41912632821723733,8.833333333333334,847.0
corpora_selected_txt/KUK_1.0/data/FrBo/analyses/TXT/105.txt,Fana_00105,105,TXT,data/FrBo/analyses/TXT,FrBo,FrBo_analyses,105,"náklady renovace kanalizačního řadu;Korupce a transparentnost, Právo na informace, Fungování obcí a úřadů, Správní řízení",True,high,,,,individual,quasiobjective,False,individual,natural person,individual,Anonymized by source,,good,4.0,,2.0,367,1.335149863760218,0.48548355315977076,1.0,-1.0,,20.0,3.1,0.4549958186918973,,,,,1.0,,,,2.0,,29.0,2.4482758620689653,0.95532449114676,2.0,89,13.02247191011236,0.7454972974993986,23.0,1.7391304347826086,0.49697951302205245,,114,3.219298245614035,0.7816452781842518,85.0,2.0,0.8796644381862461,76,2.513157894736842,1.0304523297436725,1.0,1.0,1.0,72,0.2050923591858797,0.4484484432042808,6.0,19.0,1.263157894736842,0.5172562347093355,0.09850973420510654,0.7997112191520345,138,3.2028985507246377,0.7887356156459644,0.3361040730481809,0.3934939247386013,77,,,,0.5028735632183908,11.841236166007903,5.7272727272727275,8631.0,12.272196416721963,8.06409373763088,14.293713943625399,28.61496878335882,15.444012001961859,14.0,5.959095196976651,0.030555874096828122,0.10280539772727271,0.7159232954545455,0.09020672173755329,272.0,92.0,14.030277863164503,3658.0,0.3351028533510285,9.78735632183908,1507.0
corpora_selected_txt/KUK_1.0/data/FrBo/analyses/TXT/110.txt,Fana_00110,110,TXT,data/FrBo/analyses/TXT,FrBo,FrBo_analyses,110,ochrana zemědělského půdního fondu;Životní prostředí,True,medium,,,,individual,quasiobjective,False,individual,natural person,individual,Anonymized by source,,bad,2.0,,,325,1.593846153846154,0.6708252012633031,0.9989277389277389,0.013675226897141688,,2.0,2.5,0.282842712474619,,,,,,,,2.0,,,16.0,1.8125,0.8599053308142374,7.0,74,13.108108108108109,0.6959475764664189,20.0,1.8,0.4630604185924948,1.0,94,2.9468085106382977,0.6571337643533862,44.0,1.75,0.872508997455454,61,2.6721311475409837,0.8607939875682132,,1.0,1.0,60,0.19089757593304232,0.4416512694094952,6.0,10.0,1.1,0.28747978728803447,0.0688412901392441,0.25802911203150797,123,3.2113821138211383,0.7896337449841049,0.3118996497942471,0.4222715716242776,55,,,,0.3539325842696629,12.957392622352081,5.66691015339664,7758.0,12.18853177501826,7.9462390136642185,14.44171146822498,31.56735354273195,13.79883126369613,14.8,6.012299359642871,0.025385954505500342,0.10794488188976381,0.7341968503937008,0.07482202442590258,266.0,74.0,12.956782860440981,3180.0,0.33966398831263694,12.456,1369.0
corpora_selected_txt/KUK_1.0/data/FrBo/analyses/TXT/115.txt,Fana_00115,115,TXT,data/FrBo/analyses/TXT,FrBo,FrBo_analyses,115,Vynechání rozpravy při schvalování územního plánu na zasedání zastupitelstva;Územní plánování,True,medium,,,,individual,quasiobjective,False,individual,natural person,individual,Anonymized by source,,bad,4.0,,1.0,160,1.39375,0.46294036544253026,1.0,-1.0,,3.0,3.0,0.5773502691896257,,,,,,,,,,,13.0,2.769230769230769,0.8095367775701627,2.0,46,10.869565217391305,0.810112968802637,13.0,1.8461538461538463,0.4868050602311634,1.0,49,3.1020408163265305,0.9171105332225432,35.0,1.7428571428571429,0.6865932410855302,26,3.3076923076923075,0.908061366972039,,,1.0,33,0.21414909882514313,0.4474948753946584,1.0,7.0,1.2857142857142858,0.37951669503554064,0.08520051377194235,0.23052451071179603,57,3.1228070175438596,0.9298146810717614,0.29400535175145937,0.38961278091617296,39,4.0,,,0.4502923976608187,10.294689258312022,5.644042232277527,3742.0,11.642684766214176,7.580724450898058,12.164161190897758,39.43786943406127,13.186031870942358,10.0,6.029427295914207,0.020651572435858898,0.09273049645390075,0.7379787234042553,0.06241576030404175,168.0,46.0,12.470642105725556,1529.0,0.44042232277526394,9.421052631578947,663.0
corpora_selected_txt/KUK_1.0/data/FrBo/analyses/TXT/116.txt,Fana_00116,116,TXT,data/FrBo/analyses/TXT,FrBo,FrBo_analyses,116,"Zadávání veřejné zakázky malého rozsahu;Fungování obcí a úřadů, Korupce a transparentnost",True,high,,,,individual,quasiobjective,False,individual,natural person,individual,Anonymized by source,,good,9.0,,1.0,311,1.585209003215434,0.6363950191114677,0.9971520440973817,0.020664769497742052,1.0,4.0,5.0,0.7118052168020873,,,,,,,1.0,2.0,2.0,,21.0,2.3333333333333335,0.6685347975312909,2.0,84,11.880952380952381,0.9378420102606387,20.0,2.55,1.331237349716601,,95,3.2526315789473683,0.9352873510654214,55.0,2.290909090909091,1.3795224610503947,74,2.0945945945945947,1.0782194895689574,1.0,,,59,0.17033509620128953,0.5529635890751508,2.0,13.0,1.1538461538461537,0.32546263368615136,0.07862310977636054,0.39100123205940474,109,3.467889908256881,0.5814644124653621,0.32888554953617977,0.333573247349132,59,1.0,,,0.35294117647058826,12.057747023913421,5.876112759643917,7921.0,12.914317507418398,8.089911324108664,13.392020727875718,33.779417978704856,14.14768371443533,14.0,5.990105553524902,0.036851214461360894,0.09080064051240999,0.7281985588470776,0.101243721972997,296.0,85.0,13.177880206923565,3179.0,0.3694362017804154,13.716814159292035,1348.0
corpora_selected_txt/KUK_1.0/data/FrBo/analyses/TXT/119.txt,Fana_00119,119,TXT,data/FrBo/analyses/TXT,FrBo,FrBo_analyses,119,"Účast skupiny jednotlivců na stavebním řízení;Spolky a účast veřejnsoti, Životní prostředí, Správní řízení, Územní a stavební řízení, Ochrana před hlukem, Fungování obcí a úřadů, Územní plánování",True,high,,,,individual,quasiobjective,False,individual,natural person,individual,Anonymized by source,,good,,,1.0,249,1.3694779116465863,0.45433156599783386,1.0,-1.0,,3.0,4.666666666666667,0.6185895741317419,,,,,,,,,,,17.0,1.7058823529411764,0.5775218698084216,1.0,66,11.787878787878787,0.8455203652769684,19.0,1.894736842105263,0.3892194362404389,1.0,79,2.8987341772151898,0.6934744032404591,47.0,1.851063829787234,0.7638237214605638,70,2.0714285714285716,0.6488423524651791,,1.0,,49,0.21036123623520442,0.39247789405579897,5.0,10.0,1.3,0.5191911982388868,0.10271575646575645,0.6630252900589862,95,2.8,0.8046893608304897,0.3215090537376221,0.4037194184954988,64,,,,0.4634146341463415,12.612881664748755,6.078870496592016,6243.0,13.83271665043817,7.603769594337488,14.322032191437252,26.890480688088275,12.494933758224898,11.0,5.952222788252868,0.027791143982072334,0.10800646551724136,0.7201508620689655,0.07237068603048981,211.0,66.0,12.051586633628133,2544.0,0.3505355404089581,10.185840707964601,1027.0
corpora_selected_txt/KUK_1.0/data/FrBo/analyses/TXT/129.txt,Fana_00129,129,TXT,data/FrBo/analyses/TXT,FrBo,FrBo_analyses,129,"Povolování staveb v rozporu s územním plánem;Územní a stavební řízení, Správní řízení, Fungování obcí a úřadů, Životní prostředí, Územní plánování",True,high,,,,individual,quasiobjective,False,individual,natural person,individual,Anonymized by source,,good,,,1.0,303,1.4356435643564356,0.4784645747107059,1.0,-1.0,,2.0,5.0,0.565685424949238,,,,,,,,,1.0,,15.0,1.8,0.6369016713567899,4.0,78,10.333333333333334,0.7405772526084621,28.0,1.8571428571428572,0.5621567060651401,,92,2.619565217391304,0.6716326209858777,54.0,1.6481481481481481,0.7375437396772838,58,2.1206896551724137,0.6789094024573692,,1.0,,55,0.20907859237254064,0.4054897118060224,7.0,11.0,1.3636363636363635,0.4944132324730443,0.09788438685497508,0.6689421384460046,107,2.6261682242990654,0.7105018372976016,0.3063718105326798,0.4230539842596165,57,3.0,,,0.40418118466898956,10.745155047712373,5.822565969062785,6399.0,12.436214740673341,7.878064932384723,12.606882317258112,35.81967847227082,12.332894706143115,12.0,5.955208222644846,0.026832772736704567,0.10304999999999997,0.71999,0.0837078751214792,262.0,78.0,11.903280128255684,2608.0,0.38762511373976344,10.756521739130434,1099.0
corpora_selected_txt/KUK_1.0/data/FrBo/analyses/TXT/133.txt,Fana_00133,133,TXT,data/FrBo/analyses/TXT,FrBo,FrBo_analyses,133,"Nezákonný postup obce;Fungování obcí a úřadů, Právo na informace",True,high,,,,individual,quasiobjective,False,individual,natural person,individual,Anonymized by source,,good,3.0,,1.0,191,1.4450261780104712,0.5706015923243948,0.9973821989528796,0.02083210734451587,1.0,4.0,4.0,0.3535533905932738,,,,,,,,,,,12.0,1.6666666666666667,0.590839156700797,2.0,53,11.150943396226415,0.7737250535075446,10.0,2.4,0.7657804862272346,,60,3.216666666666667,0.7766046707263898,28.0,2.0714285714285716,1.0749021489651167,44,3.0454545454545454,0.8317573656377678,,1.0,,40,0.17707413379104556,0.5305341636329948,1.0,12.0,1.25,0.3618136134933163,0.10853034993901867,0.3452876546078761,73,3.2054794520547945,0.6514014653993642,0.33769597199290996,0.3755514860146227,36,1.0,,,0.43529411764705883,11.22954425572069,5.877707006369427,4614.0,12.757834394904458,7.726295607618665,12.561911488558621,36.96153267280019,13.254305260674688,9.0,6.003347917132641,0.02272311804880152,0.1026676384839651,0.7373469387755102,0.06342968787189743,211.0,54.0,12.522536065205912,1839.0,0.44203821656050957,12.356164383561644,785.0
corpora_selected_txt/KUK_1.0/data/FrBo/analyses/TXT/142.txt,Fana_00142,142,TXT,data/FrBo/analyses/TXT,FrBo,FrBo_analyses,142,"obrana proti kolaudačnímu rozhodnutí;Správní řízení, Územní a stavební řízení, Fungování obcí a úřadů, Životní prostředí, Územní plánování",True,medium,,,,individual,quasiobjective,False,individual,natural person,individual,Anonymized by source,,bad,1.0,,2.0,250,1.472,0.46826557448626355,1.0,-1.0,,3.0,3.0,-1.0,,,,,,,,,,,12.0,2.0833333333333335,0.5952539564986299,4.0,73,9.849315068493151,0.7644150703222173,27.0,2.074074074074074,0.8449510682236623,1.0,69,3.3333333333333335,0.9440214354495537,48.0,1.8333333333333333,0.806165794487189,50,2.18,0.6055130975895942,,,,52,0.20396715861600098,0.4646308452515394,1.0,11.0,1.2727272727272727,0.5080976926793925,0.08609244291062473,0.3760979143604783,97,2.7628865979381443,0.7139595326388845,0.3046640810835072,0.34047876372343167,61,,,,0.37890625,10.850333027063144,5.95630081300813,5861.0,12.972865853658535,7.83059448106097,12.697013239224855,34.06583177413967,13.23730927720236,12.0,6.015965541038229,0.02924914022486677,0.09459887005649714,0.7411299435028249,0.0822930665651916,216.0,73.0,12.41795450123994,2379.0,0.3871951219512195,11.625,984.0
corpora_selected_txt/KUK_1.0/data/FrBo/analyses/TXT/143.txt,Fana_00143,143,TXT,data/FrBo/analyses/TXT,FrBo,FrBo_analyses,143,"Prach a hluk z hnědouhelného dolu a stavba polygonu;Životní prostředí, Územní a stavební řízení, Správní řízení, Ochrana před hlukem, Spolky a účast veřejnsoti, Fungování obcí a úřadů, Územní plánování",True,high,,,,individual,quasiobjective,False,individual,natural person,individual,Anonymized by source,,good,,,,310,1.3935483870967742,0.4966044792016762,1.0,-1.0,,3.0,2.3333333333333335,0.24743582965269678,,,,,,,1.0,,,,35.0,1.542857142857143,0.4804958908645724,1.0,101,9.524752475247524,0.7522113669731705,13.0,1.3846153846153846,0.3657114381135463,,104,2.6923076923076925,0.6037594394042256,58.0,1.6896551724137931,0.7029586253596027,72,2.0277777777777777,0.6671589625031149,,1.0,,75,0.22185009806017064,0.37963814291268516,2.0,8.0,1.375,0.54110822483116,0.10514750772103713,0.7202860686196252,121,2.5041322314049586,0.5835556858966727,0.29416970500465883,0.4156257824239319,70,4.0,,,0.47129909365558914,11.689997342325388,6.308766485647789,8132.0,14.510240496508922,7.811835621139346,13.78092672191967,25.34653191129817,12.118139013280693,13.666666666666666,5.977522379743422,0.030763045931477277,0.09389915966386553,0.7294537815126051,0.08904229228446649,223.0,101.0,11.674619479137405,3322.0,0.32505818463925523,9.238709677419354,1289.0
corpora_selected_txt/KUK_1.0/data/FrBo/analyses/TXT/148.txt,Fana_00148,148,TXT,data/FrBo/analyses/TXT,FrBo,FrBo_analyses,148,Závaznost místního referenda;Spolky a účast veřejnsoti,True,high,,,,individual,quasiobjective,False,individual,natural person,individual,Anonymized by source,,good,,,3.0,198,1.4848484848484849,0.6171974146263496,0.9985569985569986,0.014341891262489657,,3.0,2.3333333333333335,0.24743582965269678,,,,,,,,,,,11.0,1.4545454545454546,0.563887178431998,2.0,61,9.278688524590164,0.7567564264753937,20.0,1.95,0.6107563245706467,1.0,60,2.566666666666667,0.6268612708338326,29.0,2.103448275862069,0.6139026109327623,42,2.0476190476190474,0.570273658924496,,1.0,,42,0.21264341711820703,0.41243067003098377,1.0,8.0,1.25,0.3703280399090206,0.10429518398268398,0.37418500786376396,74,2.689189189189189,0.6988788845005429,0.3004219717842009,0.38122736436368104,29,,,,0.4,10.36013386517051,6.032085561497326,4512.0,13.118449197860963,7.6132924949469905,12.303077934601557,34.47383299728236,12.284597177171912,11.0,5.9513962285632225,0.028700294689519398,0.10966101694915253,0.7240369799691834,0.0763538150957204,210.0,61.0,11.721600409001358,1828.0,0.43983957219251335,11.082191780821917,748.0
corpora_selected_txt/KUK_1.0/data/FrBo/analyses/TXT/149.txt,Fana_00149,149,TXT,data/FrBo/analyses/TXT,FrBo,FrBo_analyses,149,Zákonnost skládky uvnitř obce;Životní prostředí,True,medium,,,,individual,quasiobjective,False,individual,natural person,individual,Anonymized by source,,bad,1.0,,1.0,299,1.4180602006688963,0.5048671474366448,0.9995222169135212,0.008265591044832954,,8.0,3.75,0.7233080969922867,,,,,,,1.0,,,,20.0,1.75,0.6652329732509674,3.0,72,12.208333333333334,0.8694728944277506,15.0,1.6666666666666667,0.5398412465054624,,81,3.8641975308641974,0.9801063502383098,52.0,2.1346153846153846,1.0578647088778361,51,2.803921568627451,0.8349404360856209,,,,52,0.173268541640391,0.5062785807298801,3.0,10.0,1.2,0.35136418446315326,0.08636746279699571,0.6943011050160667,99,3.8686868686868685,0.912500905636706,0.3321021103501004,0.362367860177463,79,2.0,,,0.3927272727272727,13.190696048321051,5.995904995904996,7321.0,13.594266994266997,7.995762715668489,14.401380835380834,28.961633087633118,13.957780507780507,12.75,6.03507065539996,0.024399750624912016,0.09314616755793226,0.7466488413547238,0.07173850103770618,271.0,72.0,13.09234351052407,2938.0,0.37919737919737917,12.94392523364486,1221.0
corpora_selected_txt/KUK_1.0/data/FrBo/analyses/TXT/152.txt,Fana_00152,152,TXT,data/FrBo/analyses/TXT,FrBo,FrBo_analyses,152,Proces pořizování územního plánu a obrana proti výstavbě;Územní plánování,True,high,,,,individual,quasiobjective,False,individual,natural person,individual,Anonymized by source,,good,3.0,,,487,1.3880903490759753,0.4523968677948825,1.0,-1.0,,8.0,7.125,0.7776050209833322,,,,,,,,,4.0,1.0,37.0,1.9189189189189189,0.9855465439774169,4.0,123,11.382113821138212,0.7041630140466681,29.0,2.4482758620689653,0.7764110171189054,,141,2.971631205673759,0.7069609634647764,85.0,1.8235294117647058,0.931476133630335,122,1.8770491803278688,0.745844826044962,,5.0,,94,0.20611557089381147,0.40611078977673265,3.0,16.0,1.125,0.30361335602843265,0.07804035328706381,0.45971334399314695,181,2.9281767955801103,0.713667699549535,0.3248808683361306,0.3561428314202643,110,1.0,1.0,,0.401980198019802,10.932205120165825,5.686127477236208,10616.0,11.94059989287627,8.096892142908716,13.381052050809743,32.583720272076874,14.148673799539282,18.0,5.892229298089747,0.028714649015137324,0.10101809954751129,0.7014819004524887,0.07287190469549545,334.0,123.0,13.130552004340267,4473.0,0.3138725227637922,10.57920792079208,1867.0
corpora_selected_txt/KUK_1.0/data/FrBo/analyses/TXT/153.txt,Fana_00153,153,TXT,data/FrBo/analyses/TXT,FrBo,FrBo_analyses,153,"Veřejná zakázka malého rozsahu;Korupce a transparentnost, Fungování obcí a úřadů, Právo na informace, Správní řízení",True,medium,,,,individual,quasiobjective,False,individual,natural person,individual,Anonymized by source,,bad,3.0,,,186,1.424731182795699,0.4657112367333896,1.0,-1.0,1.0,4.0,10.0,1.4023789311975086,,,,,,,,1.0,1.0,,9.0,1.5555555555555556,0.46702488680792925,2.0,46,11.521739130434783,1.3613773195417682,12.0,1.3333333333333333,0.48850421045919723,,54,2.574074074074074,0.7569357374136768,33.0,2.515151515151515,1.9657647418924302,39,2.128205128205128,0.6302204411415866,,,,30,0.2177864467864468,0.509235411540162,1.0,4.0,1.25,0.4,0.07425754392666158,0.41568879601350256,67,2.955223880597015,0.6273675295214303,0.33854076003988204,0.4285055580424648,20,,,,0.3611111111111111,12.645358587045962,6.1146408839779,4427.0,13.982182320441987,7.763342096490331,13.56668790407899,31.740963559421658,12.349547431526979,9.666666666666666,6.049008083870333,0.02367010324406375,0.09017600000000003,0.7504,0.06773674731381966,214.0,47.0,11.947809125393459,1740.0,0.46685082872928174,12.890625,724.0
corpora_selected_txt/KUK_1.0/data/FrBo/analyses/TXT/154.txt,Fana_00154,154,TXT,data/FrBo/analyses/TXT,FrBo,FrBo_analyses,154,"Jak postupovat po souhlasném závazném stanovisku EIA;Životní prostředí, Územní a stavební řízení, Správní řízení, Fungování obcí a úřadů, Územní plánování",True,medium,,,,individual,quasiobjective,False,individual,natural person,individual,Anonymized by source,,bad,9.0,,1.0,412,1.4781553398058251,0.4609481379140288,1.0,-1.0,,7.0,4.285714285714286,0.7937253933193772,,,,,,,,1.0,,,17.0,2.2941176470588234,0.8685838300489396,1.0,89,12.775280898876405,0.7188432783394624,37.0,2.1621621621621623,0.7824130232101769,,106,3.650943396226415,0.829100068823702,56.0,1.6964285714285714,0.7699728710222845,83,2.4096385542168677,0.8376476935660873,,3.0,,75,0.18315290448852467,0.44862261354662764,12.0,18.0,1.3333333333333333,0.5752237416355278,0.09781996326113973,0.6726717876098105,140,3.15,0.7123354034564608,0.31389545443483435,0.3830846723188067,75,1.0,,,0.3566084788029925,12.862397038437301,5.790170132325142,9189.0,12.691871455576559,8.139680956730151,14.460734089477,29.818645116572156,14.967637051039697,16.0,5.9803432879752565,0.028916535873828874,0.10245295698924739,0.7289112903225806,0.08425554214206186,324.0,90.0,13.799691767407591,3768.0,0.3440453686200378,12.873239436619718,1587.0
corpora_selected_txt/KUK_1.0/data/FrBo/analyses/TXT/156.txt,Fana_00156,156,TXT,data/FrBo/analyses/TXT,FrBo,FrBo_analyses,156,"Používání hasičské sirény během nočního klidu;Ochrana před hlukem, Spolky a účast veřejnsoti",True,high,,,,individual,quasiobjective,False,individual,natural person,individual,Anonymized by source,,good,4.0,,,271,1.4723247232472325,0.5350285104145219,0.9994728518713758,0.008682530397233297,,5.0,4.4,0.6140570948230134,,,,,,,,,2.0,,14.0,1.6428571428571428,0.5124592785206669,2.0,68,11.338235294117647,0.8731883552946615,13.0,1.3846153846153846,0.4697648479246601,,71,4.0,1.3349692345304653,41.0,1.951219512195122,0.8017899896481621,56,2.4642857142857144,0.990871242711687,,,,48,0.18188110644733338,0.48814813336208374,2.0,14.0,1.3571428571428572,0.466659563835427,0.10460811640322919,0.534725238409924,85,3.5294117647058822,0.692075323912256,0.32012099825247603,0.33128519907518206,46,,,,0.36259541984732824,11.525770083406499,5.747201492537314,6161.0,12.297667910447762,8.148937791008235,13.469963290166813,33.07292295873572,13.656628621597896,11.0,6.107869617816295,0.01958908341034592,0.08109969167523123,0.7680781089414183,0.05706186668838178,272.0,68.0,12.852621806605331,2543.0,0.42350746268656714,13.0,1072.0
corpora_selected_txt/KUK_1.0/data/FrBo/analyses/TXT/158.txt,Fana_00158,158,TXT,data/FrBo/analyses/TXT,FrBo,FrBo_analyses,158,Kácení stromů v rámci obnovy náměstí;Životní prostředí,True,high,,,,individual,quasiobjective,False,individual,natural person,individual,Anonymized by source,,good,,,1.0,216,1.3333333333333333,0.463179105445108,1.0,-1.0,,4.0,2.75,0.1818181818181818,,,,,,,,,,,21.0,1.7619047619047619,0.8589748761388994,5.0,56,11.5,0.8282683908241077,21.0,2.238095238095238,0.63037637768749,,58,2.8793103448275863,0.778170736285713,33.0,1.7272727272727273,0.834878530485016,37,3.054054054054054,1.2490875186056971,,1.0,,39,0.21947733069448555,0.43396211843888677,5.0,9.0,1.4444444444444444,0.36487819155789,0.10071725659960955,0.5956471026938455,71,3.183098591549296,0.6806873804077692,0.3091957377679316,0.33169327115896985,53,1.0,,,0.4897959183673469,11.182706735663388,5.779097387173397,4866.0,12.359619952494059,7.738561039065321,12.96730302002036,35.133195453003054,12.380081438751274,11.0,6.048064391467626,0.021349587662073843,0.08507402422611032,0.7530417227456259,0.05599574413707062,205.0,56.0,11.966068795916389,1986.0,0.41092636579572445,10.126315789473685,842.0
corpora_selected_txt/KUK_1.0/data/FrBo/analyses/TXT/165.txt,Fana_00165,165,TXT,data/FrBo/analyses/TXT,FrBo,FrBo_analyses,165,"Organizační změny spolku a právo na informace;Spolky a účast veřejnsoti, Životní prostředí, Správní řízení, Územní a stavební řízení, Právo na informace, Korupce a transparentnost, Fungování obcí a úřadů, Ochrana před hlukem",True,high,,,,individual,quasiobjective,False,individual,natural person,individual,Anonymized by source,,good,8.0,,3.0,399,1.431077694235589,0.6205253466349188,0.99968671679198,0.00625978826557135,,8.0,3.0,0.4364357804719847,,,,,2.0,,,,,,24.0,1.7916666666666667,0.46491401061964127,4.0,92,11.565217391304348,0.6106422838370393,39.0,2.3846153846153846,0.9980264220662401,2.0,91,2.78021978021978,0.6841396261794038,49.0,1.9183673469387754,0.8699017764373519,67,2.328358208955224,0.7747672102457113,,1.0,,66,0.19432921792906924,0.4464841346470854,3.0,11.0,1.4545454545454546,0.563887178431998,0.0994069245793141,0.4516069507545492,112,3.919642857142857,0.7184584177617118,0.3731057106206887,0.34145390708636186,39,2.0,,,0.3774193548387097,10.822755920820079,5.507452574525745,8129.0,11.202371273712737,7.824188924808535,12.542172381289028,39.91041274891012,14.330670437139156,16.0,5.807815907199098,0.04673814549638879,0.11622367465504724,0.6709513435003631,0.12118268983568879,250.0,92.0,13.306631327048002,3328.0,0.31233062330623307,14.5,1476.0
corpora_selected_txt/KUK_1.0/data/FrBo/analyses/TXT/170.txt,Fana_00170,170,TXT,data/FrBo/analyses/TXT,FrBo,FrBo_analyses,170,"Návoz suti na soukromé pozemky;Územní a stavební řízení, Správní řízení, Fungování obcí a úřadů, Životní prostředí, Územní plánování",True,medium,,,,individual,quasiobjective,False,individual,natural person,individual,Anonymized by source,,bad,3.0,,1.0,283,1.431095406360424,0.4913015707330733,0.9994110718492343,0.00991314310033042,,4.0,3.75,0.4554200340426488,,,,,1.0,,,1.0,,,16.0,2.0625,0.599561108736955,2.0,63,12.88888888888889,0.7281047000932479,35.0,2.257142857142857,0.855195322350183,,79,3.430379746835443,0.7256864892926393,43.0,1.744186046511628,0.6748262562989648,61,2.8524590163934427,0.7808615705454971,,1.0,,48,0.17218818768285424,0.4848198949948317,7.0,15.0,1.0666666666666667,0.24206145913796354,0.069336857100015,0.27959027800992786,94,3.5531914893617023,0.6481364324323642,0.33295415716333737,0.3703544227190495,48,1.0,,,0.39357429718875503,10.860395833333335,5.277777777777778,5890.0,10.265412186379931,7.8175150562008735,12.64270788530466,41.830396057347684,12.817293906810036,14.0,6.018823727580839,0.025477731088484293,0.08994100294985252,0.742094395280236,0.0723134700425772,225.0,64.0,12.246032743870057,2440.0,0.3629032258064516,12.896907216494846,1116.0
corpora_selected_txt/KUK_1.0/data/FrBo/analyses/TXT/175.txt,Fana_00175,175,TXT,data/FrBo/analyses/TXT,FrBo,FrBo_analyses,175,Nedostatek zveřejnění povinných informací v procesu EIA;Životní prostředí,True,high,,,,individual,quasiobjective,False,individual,natural person,individual,Anonymized by source,,good,,,,171,1.456140350877193,0.47817997061216977,1.0,-1.0,,1.0,3.0,,,,,,,,,,,,9.0,2.3333333333333335,1.4051653980647143,2.0,42,11.357142857142858,0.7340644630585037,8.0,1.25,0.3703280399090206,,52,2.9423076923076925,0.7072172340254239,31.0,2.0,1.0567244989431572,23,2.4782608695652173,0.5284909862202183,,,,32,0.20355579036014237,0.41221876973401067,2.0,7.0,1.1428571428571428,0.33071891388307384,0.09031358157298007,0.7059073468385475,63,2.8412698412698414,0.6390658481801932,0.3106178213321071,0.35199925717879194,41,,,,0.437125748502994,11.683453330049609,5.857791225416037,3872.0,12.771104387291983,7.55541109540932,13.51416159448334,32.03848830172748,13.834162474052704,9.0,6.089633757961498,0.022729451443553622,0.08049822064056944,0.7611565836298932,0.06906964115590104,175.0,43.0,12.946863551990376,1586.0,0.4341906202723147,10.38888888888889,661.0
corpora_selected_txt/KUK_1.0/data/FrBo/analyses/TXT/176.txt,Fana_00176,176,TXT,data/FrBo/analyses/TXT,FrBo,FrBo_analyses,176,"Účast spolku v řízeních;Spolky a účast veřejnsoti, Životní prostředí, Správní řízení, Územní a stavební řízení, Ochrana před hlukem, Fungování obcí a úřadů, Územní plánování",True,medium,,,,individual,quasiobjective,False,individual,natural person,individual,Anonymized by source,,bad,1.0,,,190,1.368421052631579,0.4819622966214043,1.0,-1.0,,5.0,2.8,0.46565731465733207,,,,,,,,1.0,,,15.0,1.9333333333333333,0.7435813328568214,4.0,48,12.5,0.8331841001128449,19.0,2.3684210526315788,0.4032787433723318,2.0,63,3.142857142857143,0.7915593780634949,31.0,2.096774193548387,0.9078661285111537,41,2.7560975609756095,0.6376995080303061,,,,36,0.20909511565681643,0.44358187295854784,2.0,7.0,1.0,-1.0,0.06626691162294877,0.26231543847936545,78,2.641025641025641,0.6983773702659756,0.29620734448223135,0.4581406512854055,34,,,,0.4236453201970443,12.07710906862745,5.745932415519399,4591.0,12.387734668335417,7.728102059369782,13.535064872757609,34.27590759282438,12.315404672507302,10.0,6.01378090766699,0.02209798439964132,0.11095714285714287,0.7386857142857143,0.06779791069681954,233.0,48.0,11.894334487736195,1861.0,0.4430538172715895,10.705882352941176,799.0
corpora_selected_txt/KUK_1.0/data/FrBo/analyses/TXT/181.txt,Fana_00181,181,TXT,data/FrBo/analyses/TXT,FrBo,FrBo_analyses,181,Návrh na vyhlášení místního referenda;Spolky a účast veřejnsoti,True,high,,,,individual,quasiobjective,False,individual,natural person,individual,Anonymized by source,,good,,,,121,1.4710743801652892,0.4732002606963111,1.0,-1.0,,2.0,3.0,-1.0,,,,,,,,,,,12.0,2.3333333333333335,0.6918556156814131,,37,9.162162162162161,0.7830538917452163,15.0,2.066666666666667,0.5916770741471687,,35,2.6857142857142855,0.5695099623441873,20.0,1.55,0.8750141807587093,29,2.0,0.5509731650193397,,,,25,0.2308200764850381,0.3943513671055338,,4.0,1.5,0.6666666666666666,0.13348214285714285,0.9985159839582701,46,2.8260869565217392,0.5646989854034743,0.3025973564656429,0.2977304860805987,25,,,,0.4444444444444444,8.846769949066214,5.623655913978495,2615.0,11.193978494623659,6.958355959883885,10.259166496887381,48.34179569892473,12.120543293718166,8.0,5.88443508675697,0.03302530674221087,0.10773224043715846,0.6955464480874317,0.09257238201274806,113.0,38.0,11.622719091009316,1033.0,0.4236559139784946,9.4,465.0
corpora_selected_txt/KUK_1.0/data/FrBo/analyses/TXT/184.txt,Fana_00184,184,TXT,data/FrBo/analyses/TXT,FrBo,FrBo_analyses,184,"Jednací řád zastupitelstva, petice;Fungování obcí a úřadů, Právo na informace",True,high,,,,individual,quasiobjective,False,individual,natural person,individual,Anonymized by source,,good,1.0,,1.0,312,1.3493589743589745,0.4696864902342899,1.0,-1.0,,3.0,3.0,0.3333333333333333,,,,,,,,,3.0,,17.0,1.3529411764705883,0.4481636549584413,2.0,104,8.375,0.7790232479900273,26.0,1.7307692307692308,0.555573333048898,2.0,94,2.7872340425531914,0.7748224024189972,54.0,1.9259259259259258,0.9125396386801805,59,2.5254237288135593,1.1087149138313925,,1.0,,72,0.21516894529762176,0.4169453254009186,3.0,19.0,1.4736842105263157,0.6543288611267284,0.12247377122723384,0.4393604173291626,116,2.793103448275862,0.64826801539658,0.3581006953661619,0.3967500362196083,76,3.0,,,0.4734848484848485,8.516054487179485,5.777777777777778,6500.0,11.611644444444442,7.811721030202189,10.98883555555555,40.721883760683795,12.220256410256411,13.5,5.933921649022561,0.0426102387075483,0.10115009746588699,0.7135282651072125,0.10107993133497233,241.0,104.0,11.47560683496718,2680.0,0.368,10.57258064516129,1125.0
corpora_selected_txt/KUK_1.0/data/FrBo/analyses/TXT/186.txt,Fana_00186,186,TXT,data/FrBo/analyses/TXT,FrBo,FrBo_analyses,186,"Stavba obchvatu – zjišťovací řízení;Životní prostředí, Územní a stavební řízení, Správní řízení, Fungování obcí a úřadů, Územní plánování",True,high,,,,individual,quasiobjective,False,individual,natural person,individual,Anonymized by source,,good,5.0,,1.0,352,1.3693181818181819,0.5171117190736586,0.9995941558441558,0.007617402776814326,,6.0,3.1666666666666665,0.36917216666842495,,,,1.0,,,,,4.0,,24.0,1.5,0.6216698721602092,4.0,96,11.979166666666666,0.7062601719652805,22.0,1.9090909090909092,0.5088568759089436,1.0,119,3.2605042016806722,0.869741177807083,63.0,1.8095238095238095,0.8644763006681805,95,2.7473684210526317,0.8787886160556311,,6.0,,74,0.19564229052465681,0.5105310792963823,4.0,17.0,1.1764705882352942,0.3340097303971847,0.09066183281806872,0.9199511340852116,147,2.836734693877551,0.7206075814086925,0.3150369705634443,0.40181022819247986,75,7.0,,,0.41847826086956524,11.677330014929424,5.749837133550488,8826.0,12.335570032573292,8.00240521452221,13.537341639522253,33.034331976112924,13.171077633007602,15.0,5.951656257417519,0.023903891015537155,0.09684540389972152,0.7090181058495821,0.07428061217684533,257.0,96.0,12.530574950772351,3633.0,0.31530944625407165,11.77124183006536,1535.0
corpora_selected_txt/KUK_1.0/data/FrBo/analyses/TXT/189.txt,Fana_00189,189,TXT,data/FrBo/analyses/TXT,FrBo,FrBo_analyses,189,Obrana proti realizaci stavebního záměru,True,medium,,,,individual,quasiobjective,False,individual,natural person,individual,Anonymized by source,,bad,1.0,,,440,1.4636363636363636,0.5489697357576713,0.9985930735930737,0.014770084690844797,,7.0,3.0,0.47140452079103173,,,,,,,,,8.0,,35.0,2.0,0.9314757424772421,12.0,100,11.46,0.6735674523650687,21.0,2.8095238095238093,0.84693204040741,2.0,119,3.907563025210084,0.8598097733091361,68.0,2.1911764705882355,1.0556956456867044,81,2.1481481481481484,0.7401252424786646,,1.0,,83,0.20270991192650165,0.40179934594019706,5.0,21.0,1.1904761904761905,0.3379940827884417,0.08775921790627673,0.4672692651582326,133,3.8496240601503757,0.6079412397831635,0.36802290549264405,0.3304832135077371,94,1.0,,,0.41131105398457585,11.698115822454309,5.870757180156658,8994.0,12.825718015665794,8.00712003703045,14.030326240208876,28.426970443864235,15.2924908616188,15.0,5.903762360761704,0.03469076921884832,0.10205861828332163,0.698897418004187,0.09805349304783297,287.0,100.0,13.831926715405608,3767.0,0.32571801566579633,10.89308176100629,1532.0
corpora_selected_txt/KUK_1.0/data/FrBo/analyses/TXT/190.txt,Fana_00190,190,TXT,data/FrBo/analyses/TXT,FrBo,FrBo_analyses,190,"Stížnost dle zákona o státní službě;Správní řízení, Fungování obcí a úřadů",True,high,,,,individual,quasiobjective,False,individual,natural person,individual,Anonymized by source,,good,2.0,,,197,1.401015228426396,0.5330629723797388,0.9991539763113367,0.011884562953106012,,2.0,2.5,0.282842712474619,,,,,,,,,1.0,,16.0,2.25,1.323419936837173,5.0,53,10.79245283018868,0.7166521679228736,17.0,1.8235294117647058,0.6781869690847948,,63,2.873015873015873,1.0997801731937176,42.0,1.9285714285714286,0.7966691003537979,45,1.9555555555555555,0.5660341642130345,,4.0,,40,0.22247861422784024,0.45492411094435753,2.0,13.0,1.1538461538461537,0.32546263368615136,0.08054219833512523,0.24151239383256043,76,2.9210526315789473,0.7219299165611908,0.3158720835138232,0.3334907831790932,38,1.0,,,0.44660194174757284,10.630242424242425,5.691919191919192,4508.0,11.902020202020205,7.635508985472214,12.20958459595959,39.60245959595957,12.785858585858586,10.5,5.893037752715864,0.03637786911976615,0.11337662337662335,0.6976911976911977,0.10477312391848,182.0,54.0,12.228407452279605,1819.0,0.4015151515151515,9.846153846153847,792.0
corpora_selected_txt/KUK_1.0/data/FrBo/analyses/TXT/193.txt,Fana_00193,193,TXT,data/FrBo/analyses/TXT,FrBo,FrBo_analyses,193,"Měření imisí hluku z pozemní komunikace;Ochrana před hlukem, Spolky a účast veřejnsoti",True,high,,,,individual,quasiobjective,False,individual,natural person,individual,Anonymized by source,,good,1.0,,3.0,236,1.4703389830508475,0.5448014875489926,0.9992937853107345,0.010856743106528066,,6.0,3.8333333333333335,0.44932211070482825,,,,,,,,,1.0,,22.0,1.8636363636363635,0.7082976102316911,4.0,65,12.276923076923078,0.8476545737646572,19.0,1.4736842105263157,0.4727554678967805,,74,3.1216216216216215,0.8179346915721235,39.0,1.6153846153846154,0.8475514602323413,57,2.210526315789474,1.1588398435335245,,2.0,,49,0.2024651922209022,0.4835118153903597,,4.0,1.0,-1.0,0.0669237012987013,0.2683540759470045,95,3.1894736842105265,0.8107754725739279,0.30917135729838086,0.38226862526141253,72,5.0,,,0.4052044609665427,11.540609038917559,5.71588785046729,6116.0,12.173831775700934,8.08393918667262,13.25879817268796,34.89442446645279,13.229181196819638,12.0,6.094014915512412,0.022209148671662318,0.06948506694129764,0.7697734294541709,0.06175984199221511,290.0,67.0,12.570427861643445,2501.0,0.43177570093457945,11.25925925925926,1070.0
corpora_selected_txt/KUK_1.0/data/FrBo/analyses/TXT/197.txt,Fana_00197,197,TXT,data/FrBo/analyses/TXT,FrBo,FrBo_analyses,197,"Veřejná sbírka a charitativní e-shop;Spolky a účast veřejnsoti, Životní prostředí, Správní řízení, Územní a stavební řízení, Ochrana před hlukem",True,high,,,,individual,quasiobjective,False,individual,natural person,individual,Anonymized by source,,good,30.0,,1.0,546,1.3681318681318682,0.46755377897808686,0.9991714634571778,0.011197351845773439,1.0,6.0,2.6666666666666665,0.3061862178478973,,,,,,,,1.0,4.0,,49.0,2.0,0.6614378277661476,1.0,142,10.23943661971831,0.6509316273542095,54.0,2.111111111111111,0.5259184200025587,,152,2.9210526315789473,0.7973115385975275,109.0,1.889908256880734,0.7866008526127815,96,2.625,0.6797850028336716,,1.0,,112,0.2166481082192966,0.3862256455251574,8.0,27.0,1.6296296296296295,0.4858127067234718,0.13879839885171844,0.634388088114418,195,2.8564102564102565,0.5862323938306271,0.3260264648910755,0.35555255981283257,101,1.0,,,0.4305555555555556,10.673246199048595,5.848700967906266,11481.0,12.520020376974022,7.747978330424068,12.457828697093412,36.33788173462577,12.96717298185445,20.0,5.850319899764679,0.033396148548753946,0.1134495708154506,0.6817811158798284,0.09575494846209473,215.0,142.0,12.28808179576809,4656.0,0.23739174732552215,10.62962962962963,1963.0
corpora_selected_txt/KUK_1.0/data/FrBo/analyses/TXT/198.txt,Fana_00198,198,TXT,data/FrBo/analyses/TXT,FrBo,FrBo_analyses,198,Kácení stromů vysazených před rokem 2014;Fungování obcí a úřadů,True,high,,,,individual,quasiobjective,False,individual,natural person,individual,Anonymized by source,,good,,,,211,1.4928909952606635,0.46393997760816985,1.0,-1.0,,3.0,6.0,0.5,,,,,,,,2.0,,,18.0,1.6666666666666667,0.7700267375036975,2.0,63,11.063492063492063,0.7610763434429884,15.0,1.4,0.45175395145262565,,66,3.803030303030303,1.0097081544780562,38.0,2.6578947368421053,1.3893593836832292,53,2.7735849056603774,0.9072804031076992,,,,47,0.19307200575978087,0.5588037528304362,4.0,11.0,1.2727272727272727,0.367006645104718,0.08196729740847387,0.3071442681160399,84,2.9404761904761907,0.8435818514770224,0.29893684116191244,0.44662139503152126,26,3.0,,,0.425531914893617,9.26228451254319,5.245005257623554,4988.0,9.856887486855944,7.744025033524139,10.471602673877118,52.23582499624459,11.08541385008262,12.0,5.999152705155478,0.031204161345763086,0.08116197183098595,0.7291666666666666,0.09404165766988169,210.0,63.0,11.013438906972478,1980.0,0.38065194532071506,11.070707070707071,951.0
corpora_selected_txt/KUK_1.0/data/FrBo/analyses/TXT/199.txt,Fana_00199,199,TXT,data/FrBo/analyses/TXT,FrBo,FrBo_analyses,199,"Snížení hlukového limitu železniční dráhy;Ochrana před hlukem, Spolky a účast veřejnsoti",True,high,,,,individual,quasiobjective,False,individual,natural person,individual,Anonymized by source,,good,1.0,,,364,1.4835164835164836,0.508903818970633,1.0,-1.0,,12.0,7.083333333333333,1.734761995817509,,,,,,,,1.0,,,19.0,2.210526315789474,0.5131184087379242,1.0,96,12.3125,0.8039605180240674,19.0,1.6842105263157894,0.5256031588142861,,106,3.188679245283019,0.7756014237432182,69.0,1.6376811594202898,0.7621673388387311,70,2.0714285714285716,0.8554166116496212,,4.0,,75,0.1876575316777276,0.4345691743936351,15.0,22.0,1.1363636363636365,0.30910007625825187,0.08206577837523517,0.48310525674530314,126,3.4365079365079363,0.6284329726465652,0.3162499573833375,0.31075484128214304,81,2.0,,,0.365,11.503342261904763,5.517704517704518,9038.0,11.357020757020758,8.055764073015158,12.763904151404148,40.304644078144065,14.102167277167277,15.0,5.876259678572707,0.049211386217744735,0.09147498375568552,0.6955490578297596,0.10937636693989025,245.0,96.0,13.194185102720194,3638.0,0.30036630036630035,12.993103448275862,1638.0
corpora_selected_txt/KUK_1.0/data/FrBo/analyses/TXT/200.txt,Fana_00200,200,TXT,data/FrBo/analyses/TXT,FrBo,FrBo_analyses,200,Zrušení a zánik neaktivního spolku;Spolky a účast veřejnsoti,True,high,,,,individual,quasiobjective,False,individual,natural person,individual,Anonymized by source,,good,6.0,,,244,1.4631147540983607,0.5200153702768512,0.9986338797814207,0.015078810542955396,,6.0,4.166666666666667,0.35327043465311386,,1.0,,2.0,,,,,,,11.0,2.090909090909091,0.5433912973901911,2.0,64,12.453125,0.7453592947832336,28.0,2.5357142857142856,0.8484197234248676,,73,2.8219178082191783,0.743195533891404,52.0,2.076923076923077,0.9431513211510021,55,2.4363636363636365,1.0231161134911677,2.0,,,53,0.1808127117820194,0.4776531775186955,3.0,28.0,1.6785714285714286,0.6695776694953418,0.12626089480081076,0.5627911097152877,97,3.2577319587628866,0.823282164675422,0.3252112974835435,0.383065921182917,38,1.0,,,0.42105263157894735,11.04598257541133,5.387568555758683,5894.0,10.748446069469834,7.699116015643805,12.581671389396703,41.603719835466194,14.186677330895797,11.0,5.919004950543358,0.02293208676992712,0.1206231155778894,0.7036381909547739,0.07348324064521726,198.0,64.0,13.253119605312406,2406.0,0.3436928702010969,12.155339805825243,1094.0
corpora_selected_txt/KUK_1.0/data/FrBo/analyses/TXT/201.txt,Fana_00201,201,TXT,data/FrBo/analyses/TXT,FrBo,FrBo_analyses,201,"Možnost vyjádření ke shromážděným podkladům;Životní prostředí, Spolky a účast veřejnsoti, Správní řízení, Územní a stavební řízení, Územní plánování",True,high,,,,individual,quasiobjective,False,individual,natural person,individual,Anonymized by source,,good,5.0,,2.0,291,1.3195876288659794,0.44339423496745084,1.0,-1.0,,3.0,2.6666666666666665,0.21650635094610965,,,,,,,,,,,25.0,1.92,1.6737047576381985,1.0,83,9.542168674698795,0.7813791930949681,17.0,1.8235294117647058,0.6202865975170776,,66,2.787878787878788,0.7871592894596975,45.0,2.311111111111111,1.4136354609708457,41,2.0,0.6614378277661477,,,,55,0.21354485238470836,0.40736135064444123,,11.0,1.0909090909090908,0.27638539919628335,0.15658389936464803,1.797821196944554,94,2.9361702127659575,0.7199858478888865,0.30873934977296086,0.3676264089528417,63,1.0,,,0.4703703703703704,11.075792811506979,6.112767940354147,6559.0,13.617707362534945,7.640685988597369,12.902304326345455,31.637332521137665,13.14871714256841,13.0,5.959139729395278,0.03178922111831466,0.10646817248459961,0.7115400410677618,0.10153001014188598,202.0,83.0,12.302129206280611,2652.0,0.33271202236719477,9.873015873015873,1073.0
corpora_selected_txt/KUK_1.0/data/FrBo/analyses/TXT/202.txt,Fana_00202,202,TXT,data/FrBo/analyses/TXT,FrBo,FrBo_analyses,202,Závaznost místního referenda o změně územního plánu;Spolky a účast veřejnsoti,True,high,,,,individual,quasiobjective,False,individual,natural person,individual,Anonymized by source,,good,2.0,,1.0,474,1.3649789029535866,0.4738283166054476,0.9989451476793249,0.013245197780422638,1.0,3.0,3.6666666666666665,0.1574591643244434,,,,,,,,5.0,2.0,,41.0,2.097560975609756,0.7672832817134564,4.0,132,9.795454545454545,0.6764402828937288,15.0,1.8666666666666667,0.6029265362905046,,132,3.0833333333333335,0.6298599237974516,79.0,2.1012658227848102,1.1189378846565918,92,2.532608695652174,0.9993302818478413,1.0,,,103,0.20492608537090637,0.4696604389862484,1.0,17.0,1.0588235294117647,0.2290614236454256,0.09590703414232826,0.3128912701867737,165,3.2303030303030305,0.6197258445050012,0.3529962352653076,0.3577543011590746,48,1.0,,,0.4846335697399527,9.104041232112543,5.513299377475948,9742.0,10.859818902093947,7.773589633639277,10.983415231627454,45.37052170749456,12.467653003476435,17.0,5.914771955156536,0.042128791931089635,0.09574940047961633,0.7030875299760192,0.11742735892487773,225.0,133.0,11.9347750839564,3960.0,0.2597623089983022,10.058823529411764,1767.0
corpora_selected_txt/KUK_1.0/data/FrBo/analyses/TXT/203.txt,Fana_00203,203,TXT,data/FrBo/analyses/TXT,FrBo,FrBo_analyses,203,"Uzavření dodatku ke smlouvě starostou bez schválení zastupitelstvem;Fungování obcí a úřadů, Korupce a transparentnost",True,high,,,,individual,quasiobjective,False,individual,natural person,individual,Anonymized by source,,good,2.0,,2.0,387,1.2454780361757105,0.3997421274383971,1.0,-1.0,2.0,3.0,3.3333333333333335,0.458257569495584,,,,,,2.0,1.0,1.0,2.0,,33.0,2.393939393939394,0.8415520317507929,2.0,98,10.887755102040817,0.8668156860407945,31.0,2.096774193548387,0.45000986182487707,1.0,99,2.9393939393939394,0.7463332818350554,77.0,1.8051948051948052,0.7412470248562337,83,2.253012048192771,0.8255608381680632,,2.0,,72,0.2109568519383451,0.42156440159328784,8.0,16.0,1.0625,0.2352941176470588,0.09053776085026086,0.31829872391717867,132,2.8636363636363638,0.6900627722065535,0.35395995431089017,0.3923855858714329,68,4.0,,,0.5176056338028169,11.79290396289425,6.118545454545455,8413.0,13.818763636363636,7.818520026122755,12.735770003710574,34.83169996289425,12.44860853432282,14.0,5.925056435536517,0.02409762828569208,0.11504702194357364,0.706794670846395,0.07231665322630318,233.0,98.0,11.975484854843248,3287.0,0.32145454545454544,11.102739726027398,1375.0
corpora_selected_txt/KUK_1.0/data/FrBo/analyses/TXT/204.txt,Fana_00204,204,TXT,data/FrBo/analyses/TXT,FrBo,FrBo_analyses,204,"Elektronický podpis a informační žádost;Právo na informace, Správní řízení",True,high,,,,individual,quasiobjective,False,individual,natural person,individual,Anonymized by source,,good,3.0,,,321,1.4174454828660437,0.4497740244913134,1.0,-1.0,,3.0,6.333333333333333,0.9116056881941459,,,,,,,,,,,40.0,2.875,1.0062092139367615,5.0,90,10.077777777777778,0.8087683801740733,16.0,1.75,0.766651877999928,,85,3.1411764705882352,0.8510485200359645,65.0,2.2153846153846155,0.742103735526515,64,2.09375,1.137640272872155,,1.0,,65,0.21980654984744807,0.40897155639985966,3.0,17.0,1.4705882352941178,0.6849817515817483,0.11424215357786498,0.45218709497752496,107,3.2523364485981308,0.6150780592353132,0.33502538547422955,0.3309724481702998,52,1.0,,,0.39325842696629215,11.811393527508088,6.174757281553398,7632.0,14.038834951456307,7.6733048653987534,13.706449029126208,27.667640129449865,14.231197411003237,16.0,5.883988068529394,0.038347843997422235,0.09427440633245376,0.6858223394898857,0.11312350021098698,198.0,90.0,13.023866798666859,3107.0,0.3042071197411003,10.359712230215827,1236.0
corpora_selected_txt/KUK_1.0/data/FrBo/analyses/TXT/205.txt,Fana_00205,205,TXT,data/FrBo/analyses/TXT,FrBo,FrBo_analyses,205,"Právo na informace a nahlížení do spisu;Správní řízení, Právo na informace",True,high,,,,individual,quasiobjective,False,individual,natural person,individual,Anonymized by source,,good,4.0,,,437,1.345537757437071,0.43127977697463193,1.0,-1.0,,16.0,2.5625,0.3176355238263357,,,,,,1.0,,,2.0,,38.0,1.8157894736842106,0.7666993566697997,3.0,121,10.487603305785123,0.707259022134039,24.0,1.25,0.48633500709946303,,133,2.962406015037594,0.7942757392041034,74.0,1.837837837837838,0.8056839660056767,85,1.988235294117647,0.7933293056625369,,,,93,0.21515164559924968,0.4300757577821215,4.0,18.0,1.5,0.47140452079103173,0.1017066753908859,0.48138232549493565,158,3.0063291139240507,0.7503870330715168,0.32743355604022023,0.35604665015826165,70,2.0,,,0.47,10.275813071839451,5.648819804260219,9812.0,11.657167530224525,7.668656296238235,12.47151129286268,37.23759653530121,13.571740009610949,18.0,5.874673454030648,0.02487734769464976,0.10155067155067155,0.6884065934065934,0.07229922300474402,228.0,121.0,12.705266955192407,4070.0,0.2602187679907887,10.72192513368984,1737.0
corpora_selected_txt/KUK_1.0/data/FrBo/analyses/TXT/206.txt,Fana_00206,206,TXT,data/FrBo/analyses/TXT,FrBo,FrBo_analyses,206,Prodloužení stanoviska EIA;Životní prostředí,True,high,,,,individual,quasiobjective,False,individual,natural person,individual,Anonymized by source,,good,3.0,,,329,1.3981762917933132,0.5161721100955927,1.0,-1.0,,1.0,3.0,,,,,2.0,,,,,1.0,,28.0,1.6785714285714286,0.9461818699982886,1.0,102,9.480392156862745,0.6773989761064523,28.0,2.0357142857142856,0.7135142015922529,,87,2.6666666666666665,0.6203314005526627,59.0,1.847457627118644,0.5395416423947785,73,2.0,0.6346477588219923,,,,75,0.20300159884834806,0.4409057669816684,3.0,23.0,1.2173913043478262,0.42585720602778154,0.11447819403868553,0.5861803606846527,114,3.0964912280701755,0.7046237493280397,0.3295758713175611,0.4109005637611164,94,3.0,,,0.4842105263157895,9.444429671168077,5.724513618677043,7356.0,11.73501945525292,7.735958901513614,11.750240314335848,38.86497726405739,13.661783779659727,14.0,5.799991568615668,0.040975926100429216,0.08671163575042151,0.675876897133221,0.10088781077563069,228.0,102.0,12.54332848358677,3038.0,0.3237354085603113,10.620437956204379,1285.0
corpora_selected_txt/KUK_1.0/data/FrBo/analyses/TXT/207.txt,Fana_00207,207,TXT,data/FrBo/analyses/TXT,FrBo,FrBo_analyses,207,Praktické aspekty zakládání a fungování spolku;Spolky a účast veřejnsoti,True,high,,,,individual,quasiobjective,False,individual,natural person,individual,Anonymized by source,,good,20.0,,,437,1.3821510297482837,0.47151900921014794,0.9996186117467581,0.007975789759773711,,7.0,3.857142857142857,0.314996316596866,,,,,,,,,,1.0,32.0,1.78125,0.6172042076701891,,120,9.525,0.5665928833501358,21.0,2.0,0.7416198487095663,,141,2.9645390070921986,0.7182986253141417,70.0,2.2,0.7366002645224711,112,1.9285714285714286,0.8314794192830982,,1.0,,106,0.20865498862197482,0.378542131127079,8.0,13.0,1.0,-1.0,0.09525861895771398,0.5454846874026311,160,3.00625,0.6259334067309787,0.35205508388492723,0.3502016346618526,45,,,,0.4599483204134367,9.334082072691551,5.672560576293385,8662.0,11.513490504256714,8.064559996092127,10.906327439423702,44.84777184020959,11.376836935166995,13.0,5.91257560811384,0.0212799760587672,0.11099439775910369,0.7095728291316526,0.06238248656057414,275.0,120.0,11.20814326018867,3458.0,0.33857236411263913,10.022598870056497,1527.0
corpora_selected_txt/KUK_1.0/data/FrBo/analyses/TXT/208.txt,Fana_00208,208,TXT,data/FrBo/analyses/TXT,FrBo,FrBo_analyses,208,Závaznost pokynů ke zpracování územního plánu;Územní plánování,True,high,,,,individual,quasiobjective,False,individual,natural person,individual,Anonymized by source,,good,2.0,,,259,1.4131274131274132,0.48820229431181555,1.0,-1.0,,3.0,2.6666666666666665,0.2165063509461097,,,,2.0,,,,1.0,1.0,,30.0,1.7666666666666666,0.7961157098184886,,81,8.271604938271604,0.6838916476302177,12.0,1.3333333333333333,0.3692744729379982,,67,2.8358208955223883,0.6396953232643087,38.0,1.6578947368421053,1.088755928160098,54,2.1481481481481484,0.945880336143109,,1.0,,56,0.23903126150472456,0.48535538485859697,1.0,8.0,1.375,0.54110822483116,0.10216372411128603,0.4709766915021647,82,3.024390243902439,0.7008761014013468,0.34078601894747174,0.37827161394067604,52,3.0,,,0.45569620253164556,9.833365238814707,6.071664829106946,5507.0,13.082690187431092,7.165122300606035,12.448501054895392,31.49444835096031,12.108560305987723,13.0,5.731442501817869,0.04071845839854782,0.10746287128712873,0.6402351485148515,0.1259883750778637,137.0,81.0,11.477927307317323,2286.0,0.3054024255788313,9.448598130841122,907.0
corpora_selected_txt/KUK_1.0/data/FrBo/analyses/TXT/209.txt,Fana_00209,209,TXT,data/FrBo/analyses/TXT,FrBo,FrBo_analyses,209,Účetnictví spolku;Spolky a účast veřejnsoti,True,high,,,,individual,quasiobjective,False,individual,natural person,individual,Anonymized by source,,good,1.0,1.0,,233,1.407725321888412,0.4230079452662741,1.0,-1.0,,16.0,2.125,0.1607364826032878,,,,1.0,,,,,4.0,,27.0,1.6296296296296295,0.8702817572118765,,85,8.188235294117646,0.7713588996730142,9.0,1.7777777777777777,0.46875000000000006,,81,2.3580246913580245,0.6946067595973504,70.0,1.7571428571428571,0.7082705604852527,61,1.6557377049180328,0.5158501358064264,,1.0,,59,0.2371251636278923,0.45097623238236373,2.0,11.0,1.2727272727272727,0.5080976926793925,0.11984782893873804,0.5757956987479256,101,2.495049504950495,0.5797636702383948,0.32782582948186967,0.4036537912301633,5,3.0,,,0.47126436781609193,8.96135837487537,5.84957627118644,5522.0,12.017796610169489,7.373196095275279,10.850413696410769,42.20344351944169,11.645742771684946,13.0,5.7905976125987,0.040228868754706944,0.11429585798816566,0.6550650887573964,0.11659798858557374,162.0,85.0,11.20814326018867,2219.0,0.3209745762711864,8.926229508196721,944.0
corpora_selected_txt/KUK_1.0/data/FrBo/articles/TXT/orig_Jak správně založit spolek(1).txt,Fart_orig_00210,orig_Jak správně založit spolek(1),TXT,data/FrBo/articles/TXT,FrBo,FrBo_articles,210,Jak správně založit spolek,False,high,,,,normative,quasiobjective,False,individual,natural person,public,No,,good,18.0,,,419,1.4009546539379476,0.5138740910224476,0.9996590521650187,0.006981408421029579,,9.0,4.444444444444445,0.47876795005513895,,,,,,2.0,,,5.0,1.0,42.0,1.4047619047619047,0.47323083362463203,2.0,125,9.984,0.7702896995284156,24.0,2.2083333333333335,0.4992603689457178,,144,2.4652777777777777,0.6028237130392763,97.0,1.9175257731958764,0.667641049264704,98,1.7653061224489797,0.7961486641107208,1.0,3.0,,105,0.22461100476739956,0.4129064024263246,1.0,18.0,1.2222222222222223,0.3500121534107715,0.11432429322006205,0.8195765832523004,171,2.6608187134502925,0.642161724204238,0.32920618736542817,0.4008049688101965,63,1.0,,,0.47294117647058825,8.990726057313307,5.530201342281879,9064.0,10.893288590604028,8.087606191137725,11.15023436667732,43.71579727282412,11.450886622698704,16.0,5.794331642899274,0.03591516625786842,0.12405194805194797,0.6630064935064935,0.10848457523868496,334.0,126.0,11.272010208682559,3729.0,0.3428920073215375,9.505,1639.0
corpora_selected_txt/KUK_1.0/data/FrBo/articles/TXT/orig_Kterých řízení se může váš spolek účastnit_FINAL.txt,Fart_orig_00212,orig_Kterých řízení se může váš spolek účastnit_FINAL,TXT,data/FrBo/articles/TXT,FrBo,FrBo_articles,212,Kterých řízení se může váš spolek účastnit?,False,medium,,,,normative,quasiobjective,False,individual,natural person,public,No,,bad,4.0,,,787,1.3532401524777637,0.4594171373689224,0.999841168996188,0.004456476612900885,,9.0,9.11111111111111,0.9591019557745121,,,,,,2.0,,,3.0,,105.0,1.7523809523809524,0.6797385999842623,6.0,209,11.191387559808613,0.5879094593899818,50.0,2.04,0.5685653537866789,,253,3.1383399209486167,0.7743267897863497,154.0,2.0259740259740258,0.8975343502222326,196,2.392857142857143,1.0283593476176476,,5.0,,191,0.22892433931680367,0.44679904951874766,10.0,34.0,1.1764705882352942,0.32891004572955534,0.08860832272254521,0.38627722020640154,319,2.8808777429467085,0.7198152577034751,0.3260936798084123,0.3604910719565922,303,7.0,,,0.5220680958385876,10.09295895303628,5.441867753055469,17365.0,10.80357254779066,7.780370240820911,12.857617514270846,36.313837981823866,12.700721376958821,23.5,5.765387466268752,0.03390044175410948,0.11209573091849934,0.6539586028460543,0.09753183813777878,305.0,209.0,12.191947345595608,7446.0,0.19398307740520213,8.840193704600484,3191.0
"corpora_selected_txt/KUK_1.0/data/FrBo/articles/TXT/orig_Guerilla gardening, jak zahradničit na veřejném prostranství (ne)legálně_final.txt",Fart_orig_00215,"orig_Guerilla gardening, jak zahradničit na veřejném prostranství (ne)legálně_final",TXT,data/FrBo/articles/TXT,FrBo,FrBo_articles,215,Guerilla gardening – jak zahradničit na veřejném prostranství (ne)legálně?,False,medium,,,,normative,quasiobjective,False,individual,natural person,public,No,,bad,5.0,,1.0,236,1.4576271186440677,0.49547623880548747,1.0,-1.0,,1.0,4.0,,,,,,,,,1.0,,,26.0,1.7307692307692308,0.6847618311735101,2.0,70,10.571428571428571,0.6095578314968386,22.0,1.8181818181818181,0.5535599077142161,,86,3.011627906976744,0.7372082887399253,54.0,1.5185185185185186,0.6858133724394364,61,2.3114754098360657,0.7132439031276927,,,,61,0.20718096573621775,0.35106455385641416,4.0,22.0,1.1818181818181819,0.4239916850596462,0.10107537664355845,0.5688112919933404,100,2.8,0.5675372555033287,0.3306568439730204,0.42841232461488155,35,1.0,,,0.5081967213114754,10.463936672028073,5.768679631525076,5636.0,12.163664278403273,7.746065383603749,12.421211726860651,36.83603687673636,12.215405761076182,12.0,5.931488654862897,0.019613071930552232,0.10951025056947605,0.7055466970387244,0.054453197303259475,221.0,70.0,11.819773276564941,2306.0,0.38382804503582396,9.073170731707316,977.0
corpora_selected_txt/KUK_1.0/data/FrBo/articles/TXT/orig_Jak zasáhnout proti týrání zvířat.txt,Fart_orig_00216,orig_Jak zasáhnout proti týrání zvířat,TXT,data/FrBo/articles/TXT,FrBo,FrBo_articles,216,Jak zasáhnout proti týrání zvířat?,False,high,,,,normative,quasiobjective,False,individual,natural person,public,No,,good,5.0,,2.0,314,1.4522292993630572,0.524770961161958,0.9990142553836822,0.012380465639002152,,6.0,4.333333333333333,0.6134585242269811,,,,,1.0,,,,1.0,,12.0,2.5,0.7336087637029823,3.0,100,8.47,0.7452766970908166,21.0,1.7619047619047619,0.4361328163014986,,86,3.0930232558139537,0.9044856710553243,59.0,1.7966101694915255,0.8189485732137273,71,2.112676056338028,1.1470730177004897,,,,67,0.19474856154474504,0.3683028769692198,2.0,16.0,1.25,0.35777087639996635,0.13050091356012408,0.549077225235857,103,2.8155339805825244,0.7587465320665793,0.3311305229766109,0.37075131071443845,70,,,,0.4,7.846936825396824,5.505291005291006,6243.0,10.452821869488536,7.9921224311338666,10.49198165784832,45.081151393298086,10.849932980599647,12.0,5.935099830663353,0.022572864141034838,0.09708212560386476,0.7150434782608696,0.06509070602628207,301.0,100.0,10.772233604746159,2606.0,0.41181657848324515,11.539823008849558,1134.0
corpora_selected_txt/KUK_1.0/data/FrBo/articles/TXT/orig_Jak podat trestní oznámení.txt,Fart_orig_00217,orig_Jak podat trestní oznámení,TXT,data/FrBo/articles/TXT,FrBo,FrBo_articles,217,Jak podat trestní oznámení?,False,medium,,,,normative,quasiobjective,False,individual,natural person,public,No,,bad,1.0,,1.0,232,1.4741379310344827,0.39882216121564973,1.0,-1.0,,4.0,2.0,-1.0,,,,1.0,,,1.0,,,,25.0,1.32,0.5230382620507066,5.0,70,12.185714285714285,0.7286975206940385,49.0,2.2653061224489797,0.6228308949700027,1.0,89,2.6292134831460676,0.5716125117593541,52.0,1.6346153846153846,0.5686043824617116,68,1.7205882352941178,0.5841867207193803,,1.0,,64,0.22832572874547502,0.40766207705863805,2.0,16.0,1.25,0.4618802153517006,0.08193094422777085,0.6366626055094026,115,2.3217391304347825,0.7998034506168265,0.27455592052065336,0.33921351441864706,106,,,1.0,0.42727272727272725,10.50314939169698,5.381035996488148,6129.0,10.633187006145745,7.591188582229082,12.667508089803086,39.48297300890505,13.813224633136839,13.0,5.829713259115094,0.02942949175754831,0.12758653846153845,0.6813846153846154,0.08327934672293442,232.0,70.0,12.976636138547548,2569.0,0.34416154521510095,9.714285714285714,1139.0
corpora_selected_txt/KUK_1.0/data/FrBo/articles/TXT/orig_Právo vstupovat na pozemek a využívat soukromé cesty.txt,Fart_orig_00219,orig_Právo vstupovat na pozemek a využívat soukromé cesty,TXT,data/FrBo/articles/TXT,FrBo,FrBo_articles,219,Právo vstupovat na pozemek a využívat soukromé cesty,False,medium,,,,normative,quasiobjective,False,individual,natural person,public,No,,bad,2.0,,,155,1.4451612903225806,0.5119122899663633,0.9978494623655914,0.01891116246660798,,9.0,4.333333333333333,0.9444637813698982,,,,,,2.0,,,,1.0,15.0,2.933333333333333,1.2523590490435919,1.0,51,10.490196078431373,0.7884819367118809,7.0,1.7142857142857142,0.4409585518440985,,53,2.452830188679245,1.1123985738773285,34.0,1.5,0.5744269579035527,35,2.2857142857142856,1.3403899509427228,,,,43,0.23087122097310014,0.5103783825604554,,13.0,1.3846153846153846,0.36571143811354623,0.14143914452618905,0.39152595714621746,61,3.2950819672131146,0.8187362928721765,0.3155717252335021,0.38472952121306503,27,,,,0.4427083333333333,9.57909013108005,5.486187845303867,3972.0,10.870441988950278,7.831425010315941,11.85357680641317,41.147057415231274,11.921525295200954,10.0,6.007099343185721,0.022038945850908234,0.068048,0.743408,0.06090551967257274,250.0,51.0,11.632626500292481,1654.0,0.4986187845303867,9.785714285714286,724.0
corpora_selected_txt/KUK_1.0/data/FrBo/articles/TXT/orig_Zvláště chráněná území - co smíme a co je zakázáno.txt,Fart_orig_00220,orig_Zvláště chráněná území - co smíme a co je zakázáno,TXT,data/FrBo/articles/TXT,FrBo,FrBo_articles,220,Zvláště chráněná území – co smíme a co je zakázáno,False,medium,,,,normative,quasiobjective,False,individual,natural person,public,No,,bad,5.0,,5.0,247,1.4736842105263157,0.44454597244759664,0.9993252361673415,0.01061190658035227,,9.0,3.888888888888889,0.991288586247461,,,,,,,,,3.0,,19.0,2.1578947368421053,0.6034908474762809,2.0,98,8.826530612244898,0.6462433822045867,19.0,1.4210526315789473,0.4873025766911247,,74,2.8513513513513513,0.7125808442214355,58.0,1.8620689655172413,0.8322677469877708,62,2.129032258064516,0.909997064530333,,,,80,0.20350572651462745,0.4671176535853612,,3.0,1.0,-1.0,0.09114959114959115,0.21769009321723803,97,2.6907216494845363,0.5885091041803728,0.2960151647015296,0.4945525443691827,36,1.0,,,0.3504531722054381,8.174755136514065,5.4670608108108105,6473.0,10.427956081081083,7.9232372915090705,10.292139013375618,47.82733115002759,12.06238279095422,13.0,5.8730187094262805,0.023671516625354987,0.08141013824884791,0.6832165898617512,0.06532823961427485,271.0,98.0,11.570972422632316,2645.0,0.37753378378378377,12.252173913043478,1184.0
corpora_selected_txt/KUK_1.0/data/FrBo/articles/TXT/orig_Jak zabránit kácení stromů.txt,Fart_orig_00225,orig_Jak zabránit kácení stromů,TXT,data/FrBo/articles/TXT,FrBo,FrBo_articles,225,Jak zabránit kácení stromů?,False,medium,,,,normative,quasiobjective,False,individual,natural person,public,No,,bad,11.0,,2.0,309,1.3365695792880259,0.4879365518972526,0.9989212513484359,0.013401304792775773,,5.0,2.4,0.37267799624996495,,,,,,1.0,1.0,1.0,3.0,,30.0,1.7666666666666666,0.6921885437160917,1.0,81,12.790123456790123,1.1142243245898331,31.0,1.5161290322580645,0.7964384278193632,1.0,99,2.585858585858586,0.7534691123228936,62.0,2.2419354838709675,1.0333133797673748,66,1.9393939393939394,0.6700304510158187,,,,68,0.22312406947000685,0.4964339373717028,8.0,24.0,1.0416666666666667,0.1959591794226542,0.08979944508679029,0.5332205630703077,122,3.0245901639344264,0.7181758172562869,0.3346918045907304,0.3852453222691702,129,2.0,,,0.43859649122807015,11.062662409535974,5.438004402054292,7412.0,10.958987527512841,8.055173524446994,13.323489560972071,36.055145394599805,13.862192150575618,13.0,5.935125026366995,0.03907384718493053,0.09584651898734176,0.7106091772151899,0.1129800806895939,298.0,81.0,13.023866798666859,3129.0,0.3675715333822451,10.604026845637584,1363.0
corpora_selected_txt/KUK_1.0/data/FrBo/articles/TXT/orig_Jak se bránit obtěžování světlem_final.txt,Fart_orig_00230,orig_Jak se bránit obtěžování světlem_final,TXT,data/FrBo/articles/TXT,FrBo,FrBo_articles,230,Jak se bránit obtěžování světlem?,False,high,,,,normative,quasiobjective,False,individual,natural person,public,No,,good,1.0,,,388,1.407216494845361,0.4268932606342849,1.0,-1.0,,9.0,3.888888888888889,0.32639027596559606,,,,,,,,1.0,3.0,,52.0,1.7692307692307692,0.730682375931705,1.0,114,10.605263157894736,0.5688937824277651,29.0,2.4827586206896552,0.6860805854015278,,138,2.652173913043478,0.6564791787319899,89.0,1.9101123595505618,0.8846663078530758,93,1.935483870967742,0.8578319205209924,,4.0,,105,0.22667606982625613,0.4175606600725403,4.0,22.0,1.1818181818181819,0.33403701436419037,0.08505010256660729,0.40111575183252834,172,2.5755813953488373,0.6692154781502905,0.30253762754895575,0.3668770107714671,116,2.0,1.0,,0.5080459770114942,9.722081379511629,5.518176216882317,8956.0,11.026555760936537,7.916689200910478,12.35988186269741,37.77615095502156,12.940577877225412,15.0,5.814882904722574,0.032683092174331664,0.11327427821522318,0.6682217847769029,0.09651128150384304,280.0,114.0,12.303257153313005,3794.0,0.30868761552680224,8.504545454545454,1623.0
corpora_selected_txt/KUK_1.0/data/FrBo/articles/TXT/orig_Co je to a jak probíhá integrované povolování_final.txt,Fart_orig_00234,orig_Co je to a jak probíhá integrované povolování_final,TXT,data/FrBo/articles/TXT,FrBo,FrBo_articles,234,Co je to a jak probíhá integrované povolování?,False,medium,,,,normative,quasiobjective,False,individual,natural person,public,No,,bad,4.0,,,433,1.4688221709006928,0.5576476814905705,0.9997113163972287,0.006008851298494027,,8.0,7.5,0.7741867212533934,,,,,,,,,2.0,,41.0,2.097560975609756,0.9582728796351486,2.0,107,12.850467289719626,0.7634929278015978,35.0,1.9142857142857144,0.7745306897518479,,147,2.870748299319728,0.6526707127560972,86.0,2.0697674418604652,0.8278946770171873,124,1.9516129032258065,0.727152079319853,,1.0,,98,0.2114363638580642,0.42968615335863547,5.0,14.0,1.2142857142857142,0.4767693605473972,0.07565423605339572,0.30709685748204724,183,2.9672131147540983,0.6813097599134296,0.32434257757558776,0.4295982085460557,162,5.0,,,0.44776119402985076,11.925731966246257,5.587378640776699,10359.0,11.710086299892128,7.91586038956014,13.94713121414673,32.74326426317435,14.697831412757461,18.0,5.900242382482107,0.02432157912048379,0.10194871794871796,0.6934643874643874,0.07427829705590039,254.0,107.0,13.607724972218978,4330.0,0.2740021574973031,10.196172248803828,1854.0
corpora_selected_txt/KUK_1.0/data/FrBo/articles/TXT/orig_Co je to EIA_final.txt,Fart_orig_00236,orig_Co je to EIA_final,TXT,data/FrBo/articles/TXT,FrBo,FrBo_articles,236,Co je to EIA?,False,medium,,,,normative,quasiobjective,False,individual,natural person,public,No,,bad,,,,134,1.4701492537313432,0.48415027073914096,1.0,-1.0,,2.0,5.5,0.6428243465332251,,,,,,1.0,,,2.0,,10.0,1.5,0.5665577237325317,,49,7.857142857142857,0.5553769226127414,8.0,1.5,0.5039526306789696,,53,2.6792452830188678,0.6026027099953366,30.0,1.5666666666666667,0.5216171196746021,47,1.9361702127659575,0.6497834167092429,,,,42,0.2188855543648777,0.4242141214183033,3.0,2.0,1.0,-1.0,0.07692307692307693,-1.0,64,2.484375,0.6841158077020953,0.32667876338058227,0.42757626055790227,29,2.0,,,0.4507042253521127,7.6721174168297495,5.614481409001957,2869.0,10.745596868884542,7.188129788219253,11.263618395303325,38.12480821917808,11.529549902152642,9.0,5.933372429851914,0.015572985424257854,0.11174757281553394,0.7026456310679612,0.04921160176836517,150.0,49.0,11.041547156221645,1244.0,0.44422700587084146,9.174603174603174,511.0
corpora_selected_txt/KUK_1.0/data/FrBo/articles/TXT/orig_Jak_nezmeskat_lhutu.txt,Fart_orig_00242,orig_Jak_nezmeskat_lhutu,TXT,data/FrBo/articles/TXT,FrBo,FrBo_articles,242,Jak nezmeškat lhůtu? Zásady počítání lhůt,False,high,,,,normative,quasiobjective,False,individual,natural person,public,No,,good,2.0,,,423,1.3404255319148937,0.45210272280342384,0.999605988967691,0.00810680480930356,,6.0,5.0,0.593295878967653,,,,1.0,,,,,4.0,,38.0,2.263157894736842,0.8133516676090201,10.0,83,14.939759036144578,0.6990887950735412,33.0,2.272727272727273,0.5744562646538028,,131,2.83206106870229,0.7969936099535451,66.0,2.227272727272727,0.9542039814431879,104,2.2403846153846154,0.7655494152911184,,5.0,,71,0.19510648609158732,0.3586962936958089,3.0,19.0,1.3157894736842106,0.4426184712719422,0.10798696057983985,0.9302439163122554,154,3.0454545454545454,0.6274576688193743,0.345368457662897,0.4121481690135651,146,3.0,,,0.4906166219839142,11.946007331738826,5.222016079158936,8444.0,10.175448361162646,7.778990881909549,13.421278971172256,40.34928118410562,14.249171826452377,17.0,5.820283711737109,0.038304277329975676,0.09557312252964423,0.6717523056653492,0.11142311265333814,253.0,83.0,13.259489489295031,3485.0,0.2888064316635745,10.54945054945055,1617.0
corpora_selected_txt/KUK_1.0/data/FrBo/articles/TXT/orig_Co byste měli vědět o nahlížení do spisu_akt2021.txt,Fart_orig_00244,orig_Co byste měli vědět o nahlížení do spisu_akt2021,TXT,data/FrBo/articles/TXT,FrBo,FrBo_articles,244,Co byste měli vědět o nahlížení do spisu,False,high,,,,normative,quasiobjective,False,individual,natural person,public,No,,good,1.0,,,136,1.2426470588235294,0.39782667508532005,1.0,-1.0,,1.0,2.0,,,,,,,,,,1.0,,23.0,1.3478260869565217,0.5297863161872174,3.0,42,10.5,0.4969905561006882,14.0,1.9285714285714286,0.47541654650165405,1.0,54,2.259259259259259,0.431502748610462,41.0,1.4634146341463414,0.5529843276862977,43,1.9534883720930232,0.6509111668689783,,1.0,,40,0.2665551800290241,0.37622524009276115,2.0,7.0,1.4285714285714286,0.5507570547286103,0.10385745207173779,0.5479925139639453,68,1.9558823529411764,0.6147651580020084,0.2765622017352121,0.4930520483800767,15,,,,0.5974025974025974,7.991129629629629,5.172839506172839,2933.0,9.293827160493828,7.162377980318421,10.745372134038796,47.39153615520283,11.537566137566138,10.0,5.863997018779881,0.02938856485931709,0.11536324786324792,0.6867735042735043,0.09200275561128797,148.0,42.0,11.35114627814755,1249.0,0.41622574955908287,7.131868131868132,567.0
corpora_selected_txt/KUK_1.0/data/FrBo/articles/TXT/orig_Správní exekuce.txt,Fart_orig_00245,orig_Správní exekuce,TXT,data/FrBo/articles/TXT,FrBo,FrBo_articles,245,Správní exekuce,False,medium,,,,normative,quasiobjective,False,individual,natural person,public,No,,bad,4.0,,,259,1.4324324324324325,0.47525062710413096,0.9987129987129988,0.014636251773543572,,5.0,3.4,0.6098953339214035,,,,,,1.0,2.0,1.0,2.0,,12.0,2.25,0.6321005190772532,3.0,51,12.745098039215685,0.5997753425562453,19.0,2.473684210526316,0.45434375540558763,,66,2.590909090909091,0.6204217691431957,49.0,1.489795918367347,0.7394035742319882,62,1.967741935483871,0.7301986049613144,,,,44,0.187548361747539,0.3676271693686948,5.0,16.0,1.375,0.4502830453577385,0.08733594702296328,0.46021516829279707,79,3.2658227848101267,0.7855892130330686,0.3324363323643215,0.40314741444556534,48,5.0,,,0.3384615384615385,12.853393346552103,5.819101123595505,5179.0,12.810898876404492,7.377910148498686,15.021443511786735,25.660488874201377,16.73320114562679,13.0,5.827928790858486,0.028585476844652763,0.12101137800252837,0.6753097345132744,0.08550981902277069,163.0,51.0,14.913018079065115,2177.0,0.3415730337078652,11.919540229885058,890.0
corpora_selected_txt/KUK_1.0/data/FrBo/articles/TXT/orig_Podávání podnětů správním orgánům.txt,Fart_orig_00248,orig_Podávání podnětů správním orgánům,TXT,data/FrBo/articles/TXT,FrBo,FrBo_articles,248,Podávání podnětů správním orgánům,False,high,,,,normative,quasiobjective,False,individual,natural person,public,No,,good,,,,213,1.323943661971831,0.43602576648833696,0.9992175273865416,0.011428754517875048,1.0,3.0,3.0,0.3333333333333333,,,,1.0,,,,1.0,2.0,,23.0,2.260869565217391,0.7451204003204058,3.0,66,11.045454545454545,0.6781402017404745,23.0,2.0434782608695654,0.6676981471229545,,73,2.5342465753424657,0.5305556777238396,56.0,1.2678571428571428,0.46336257355762794,68,1.8970588235294117,0.9022339705227704,,,,56,0.2618039267213654,0.31796774082388,1.0,16.0,1.5,0.5443310539518174,0.11047244325591848,0.6883537886441274,101,2.207920792079208,0.681834104296741,0.2987231580300887,0.3541889917347517,72,1.0,,,0.5357142857142857,9.001538010540187,5.372826086956522,4943.0,10.300543478260868,7.533986830058352,11.305463109354413,44.3992028985507,11.532279314888012,12.0,5.88641955175673,0.02067462484285298,0.12816077953714977,0.7021437271619976,0.05287026307533522,241.0,66.0,11.359733273989864,2060.0,0.40108695652173915,8.0,920.0
corpora_selected_txt/KUK_1.0/data/FrBo/articles/TXT/orig_Certifikáty autorizovaných inspektorů.txt,Fart_orig_00253,orig_Certifikáty autorizovaných inspektorů,TXT,data/FrBo/articles/TXT,FrBo,FrBo_articles,253,Certifikáty autorizovaných inspektorů,False,medium,,,,normative,quasiobjective,False,individual,natural person,public,No,,bad,5.0,,,304,1.4375,0.5067931476603281,0.9994517543859649,0.009564232459771086,,4.0,5.25,1.2380952380952381,,,,1.0,,1.0,,2.0,4.0,,17.0,1.7647058823529411,0.6184658438426491,8.0,62,14.048387096774194,1.3781986951484384,30.0,2.966666666666667,1.2023359021756141,,83,3.1325301204819276,0.759001164739687,48.0,3.7291666666666665,3.8219379958400634,83,2.2771084337349397,1.6161935865256019,,,,51,0.20167326664406818,0.4335368904016815,4.0,19.0,1.105263157894737,0.28527302786684805,0.09542773391763126,0.8094882931831596,119,2.764705882352941,0.7804750733535912,0.34540013866509167,0.45370125423418367,47,3.0,,,0.3279742765273312,13.868879855167876,5.835034013605442,6862.0,13.016836734693877,7.738529019173504,15.62707019420671,24.37098650427913,16.328593372833005,12.666666666666666,5.813145775370022,0.04812066351041867,0.13069637883008367,0.6701949860724233,0.13235755183425632,234.0,62.0,14.760062425160005,2853.0,0.34523809523809523,13.306930693069306,1176.0
corpora_selected_txt/KUK_1.0/data/FrBo/articles/TXT/orig_jak se bránit územnímu souhlasu a ohlášení stavby.txt,Fart_orig_00254,orig_jak se bránit územnímu souhlasu a ohlášení stavby,TXT,data/FrBo/articles/TXT,FrBo,FrBo_articles,254,Jak se bránit proti územnímu souhlasu a ohlášení?,False,medium,,,,normative,quasiobjective,False,individual,natural person,public,No,,bad,7.0,,,297,1.4410774410774412,0.42151752432017675,1.0,-1.0,,4.0,2.75,0.1818181818181818,,,,,,,,,,,18.0,1.3333333333333333,0.5752237416355278,2.0,98,7.714285714285714,0.7370661050599604,15.0,1.8,0.563436169819011,2.0,93,2.4623655913978495,0.5570895555534092,47.0,1.5106382978723405,0.6601321650917856,81,1.8395061728395061,0.6627801370153386,,2.0,,77,0.237422077492139,0.4254681904874169,2.0,14.0,1.3571428571428572,0.3663911691254661,0.14705037026465598,0.5346465962902357,113,2.5575221238938055,0.5170854534517307,0.3387176358867364,0.3675306535380514,61,1.0,,,0.4228187919463087,7.5421895973487345,5.604125736738704,5705.0,10.658055009823185,7.41531121761352,10.701017661884062,41.68285767299719,11.225115596038975,13.0,5.841219511155671,0.024946381541205254,0.1268661588683352,0.6740478781284004,0.07270871813191634,183.0,99.0,10.853533273317815,2424.0,0.32220039292730845,9.352,1018.0
corpora_selected_txt/KUK_1.0/data/FrBo/articles/TXT/orig_Jak se bránit neposkytnutí projektové dokumentace.txt,Fart_orig_00259,orig_Jak se bránit neposkytnutí projektové dokumentace,TXT,data/FrBo/articles/TXT,FrBo,FrBo_articles,259,Jak se bránit neposkytnutí projektové dokumentace,False,medium,,,,normative,quasiobjective,False,individual,natural person,public,No,,bad,2.0,,1.0,206,1.441747572815534,0.4666702335696346,1.0,-1.0,,3.0,2.3333333333333335,0.24743582965269678,,,,,,,2.0,,1.0,,15.0,1.7333333333333334,0.7054611268677782,,47,12.53191489361702,0.5632260473461541,12.0,2.3333333333333335,0.38041087054225475,,59,3.1864406779661016,0.6907072726026698,34.0,2.0294117647058822,0.9434366699393085,54,2.425925925925926,0.9220921437242404,,,,42,0.20795466286952355,0.45278543468568017,2.0,11.0,1.1818181818181819,0.5102499677469846,0.09241300143706561,0.5079060689372735,77,3.0779220779220777,0.7687797475105845,0.36874221133674917,0.4709584363294375,49,,,,0.47593582887700536,11.296489775643678,5.5745784695201035,4298.0,11.557068741893643,7.488180550456649,13.471237409277808,34.25912142285509,14.862610039462432,11.666666666666666,5.826215323298492,0.026817521976213704,0.11412202380952385,0.6731994047619048,0.06557465379265025,187.0,47.0,13.66947344406855,1801.0,0.3955901426718547,9.965909090909092,771.0
corpora_selected_txt/KUK_1.0/data/FrBo/articles/TXT/orig_Svépomoc při ochraně subjektivních práv_final.txt,Fart_orig_00262,orig_Svépomoc při ochraně subjektivních práv_final,TXT,data/FrBo/articles/TXT,FrBo,FrBo_articles,262,Kdy lze k ochraně svých práv použít svépomoci?,False,high,,,,normative,quasiobjective,False,individual,natural person,public,No,,good,2.0,,,377,1.3660477453580901,0.436171314824027,0.9995579133510167,0.008587566492236885,,6.0,4.833333333333333,0.8421138681580503,,,,1.0,,,,,2.0,,45.0,1.5333333333333334,0.5491795815134898,8.0,101,11.0,0.5652469656985387,43.0,1.9767441860465116,0.7526829038831625,,139,2.79136690647482,0.7222797987951712,100.0,1.84,0.6677255725119136,107,1.8878504672897196,0.6876795311060545,2.0,5.0,1.0,92,0.23876773862034326,0.30040232787272647,4.0,31.0,1.3225806451612903,0.40890348771381874,0.09976680623215127,0.45903439835925425,187,2.2566844919786098,0.5827524874181186,0.31574638051124365,0.35947737217303005,42,,,,0.550761421319797,9.833956762274166,5.519587628865979,8031.0,11.056769759450168,7.901386965318514,12.295436875233914,38.53083777346805,12.800176924908989,14.0,5.923612601411364,0.02441962717271675,0.13852507374631273,0.7085619469026548,0.06255768668958818,313.0,101.0,12.224132002621698,3377.0,0.34982817869415805,7.657407407407407,1455.0
corpora_selected_txt/KUK_1.0/data/FrBo/articles/TXT/orig_Samostatná a přenesená působnost_původní.txt,Fart_orig_00263,orig_Samostatná a přenesená působnost_původní,TXT,data/FrBo/articles/TXT,FrBo,FrBo_articles,263,Samostatná a přenesená působnost,False,high,,,,normative,quasiobjective,False,individual,natural person,public,No,,good,3.0,,,193,1.3989637305699483,0.46793930429185265,1.0,-1.0,,8.0,6.625,0.9510204050451205,,,,,,,,,2.0,,12.0,1.3333333333333333,0.3692744729379982,1.0,48,12.395833333333334,0.7598296678758616,6.0,2.0,0.5477225575051661,1.0,66,2.984848484848485,0.708853060917245,32.0,2.09375,0.8259963204862059,64,1.734375,0.5742122265077891,,3.0,,42,0.19962634031856613,0.4018668799800174,1.0,7.0,1.0,-1.0,0.08455564043799338,0.36870618905289737,90,2.433333333333333,0.7769359651268695,0.3301346265114381,0.47137697393569183,19,1.0,,,0.4787234042553192,9.959498432118437,5.244332493702771,4164.0,9.983375314861464,7.133706982628174,12.197038066108057,42.56023898627461,13.131506708476843,12.0,5.655886625330285,0.038383681758781305,0.10470503597122305,0.6211510791366907,0.11792588561386515,162.0,49.0,12.505451102641153,1753.0,0.345088161209068,10.179775280898877,794.0
corpora_selected_txt/KUK_1.0/data/FrBo/articles/TXT/orig_Zastupitelstvo_o čem a jak rozhoduje.txt,Fart_orig_00264,orig_Zastupitelstvo_o čem a jak rozhoduje,TXT,data/FrBo/articles/TXT,FrBo,FrBo_articles,264,Zastupitelstvo obce a kraje: o čem rozhoduje a jak?,False,medium,,,,normative,quasiobjective,False,individual,natural person,public,No,,bad,1.0,,,350,1.3457142857142856,0.48254960097264216,0.9995238095238095,0.00891295232676022,,4.0,6.25,0.6709197666884866,,,,,,,,2.0,2.0,,34.0,1.6470588235294117,0.6494967368137623,4.0,103,11.320388349514563,0.6967921337532244,20.0,1.7,0.4309971159206156,,115,3.1565217391304348,0.8646479880521901,82.0,2.1219512195121952,0.9523400229296838,99,2.121212121212121,0.8310533853366262,,3.0,,95,0.22427901710243697,0.443305010027224,3.0,16.0,1.0625,0.23529411764705882,0.07758898066802479,0.4645103429287671,142,3.112676056338028,0.6983255220632633,0.3585272862820827,0.39912303632640356,72,3.0,,,0.573134328358209,10.337208944922473,5.668246445497631,8372.0,11.746310088016246,7.781972513061493,12.396705122558842,37.717815547127174,13.833417252236561,14.0,5.772334430633208,0.026724807947285687,0.12257619738751813,0.6542307692307693,0.07693824144759571,294.0,103.0,12.862440524557346,3450.0,0.3276912660798917,9.036649214659686,1477.0
corpora_selected_txt/KUK_1.0/data/FrBo/articles/TXT/orig_Práva občanů obcí a krajů.txt,Fart_orig_00265,orig_Práva občanů obcí a krajů,TXT,data/FrBo/articles/TXT,FrBo,FrBo_articles,265,Práva občanů obcí a krajů,False,high,,,,normative,quasiobjective,False,individual,natural person,public,No,,good,7.0,1.0,1.0,435,1.2942528735632184,0.41355549977714895,1.0,-1.0,,9.0,3.888888888888889,1.08674762855194,,,,,,,,,9.0,1.0,71.0,2.492957746478873,1.367667804413762,1.0,120,11.825,0.5440550130574016,34.0,2.088235294117647,0.5188203798733511,,167,3.1676646706586826,0.9462154798957096,108.0,2.009259259259259,0.9090768716797896,129,2.131782945736434,0.9905551911816216,,2.0,,111,0.22933526668642032,0.35752023846264996,3.0,32.0,1.1875,0.33394338480527663,0.10021901607379548,0.46852801930812843,191,2.722513089005236,0.6136365924897886,0.3291415440850547,0.4022231286018442,58,1.0,,,0.6143497757847534,9.543581045751637,5.286492374727668,9706.0,10.077233115468408,7.844525777776254,11.843632352941174,43.27722352941174,12.786666666666667,19.0,5.847548391874341,0.026941332646623524,0.133258491652274,0.6689004029936673,0.08367875639226899,266.0,120.0,12.251624239485473,4077.0,0.2766884531590414,7.666666666666667,1836.0
corpora_selected_txt/KUK_1.0/data/FrBo/articles/TXT/orig_Rada obce a kraje O čem rozhoduje a jak se zapojit do její činnosti_final.txt,Fart_orig_00270,orig_Rada obce a kraje O čem rozhoduje a jak se zapojit do její činnosti_final,TXT,data/FrBo/articles/TXT,FrBo,FrBo_articles,270,Rada obce a kraje: o čem rozhoduje a jak se zapojit do její činnosti?,False,high,,,,normative,quasiobjective,False,individual,natural person,public,No,,good,2.0,,,234,1.3717948717948718,0.5458759540215481,0.9985754985754985,0.015397171418048552,,,,,,,,,,,1.0,,2.0,,23.0,2.0869565217391304,0.776849983242998,2.0,75,11.786666666666667,0.8643513915756521,14.0,2.857142857142857,0.7869121737721236,1.0,73,3.73972602739726,0.8846514072098919,53.0,2.0377358490566038,0.6802781088429187,68,2.411764705882353,1.1218483357648497,,,,45,0.1972503357838172,0.2990038588256879,2.0,11.0,1.2727272727272727,0.367006645104718,0.09825690649220062,0.4417681053360501,90,3.388888888888889,0.657140698402134,0.3825940633440633,0.40754579640221045,41,1.0,,,0.5735294117647058,8.040729559748428,5.077358490566038,5382.0,8.94,7.530594766337613,9.903000314465405,54.309896855345926,11.01182389937107,12.0,5.898995396646994,0.033092653136987366,0.09561914672216443,0.7014464099895942,0.10058082747284258,183.0,75.0,10.989750303887078,2199.0,0.32169811320754715,11.267241379310345,1060.0
"corpora_selected_txt/KUK_1.0/data/FrBo/articles/TXT/orig_Co můžete dělat, pokud obec postupuje při prodeji nebo pronájmu pozemků nezákonně_final.txt",Fart_orig_00273,"orig_Co můžete dělat, pokud obec postupuje při prodeji nebo pronájmu pozemků nezákonně_final",TXT,data/FrBo/articles/TXT,FrBo,FrBo_articles,273,"Co můžete dělat, pokud obec postupuje při prodeji nebo pronájmu pozemků nezákonně?",False,medium,,,,normative,quasiobjective,False,individual,natural person,public,No,,bad,1.0,,1.0,551,1.281306715063521,0.39850729980809835,1.0,-1.0,,14.0,2.642857142857143,0.43541074160709253,,,1.0,1.0,,,1.0,,4.0,,100.0,1.69,0.6443342978268629,4.0,150,12.326666666666666,0.6296898095105556,60.0,2.2,0.6417338888413227,,213,2.835680751173709,0.7279112596778671,187.0,1.7219251336898396,0.7706576715654544,184,1.8369565217391304,0.805947247581359,,1.0,,137,0.2437962072937009,0.3726226415650877,1.0,48.0,1.2916666666666667,0.42127746792788134,0.10527735958185884,0.5103931262544821,273,2.3956043956043955,0.5953479496848029,0.3213048567010395,0.3552776936307136,54,3.0,,,0.6599664991624791,9.488794539643681,5.275624461670973,12250.0,10.023255813953488,8.17592285683607,11.865906002085318,43.0813290267011,11.485203318373454,20.0,5.894120068266873,0.026964299090490248,0.11359424201529456,0.6951551956815115,0.07636599375336191,380.0,152.0,11.313756151347437,5165.0,0.29069767441860467,6.99236641221374,2322.0
corpora_selected_txt/KUK_1.0/data/FrBo/articles/TXT/orig_Kompletní_průvodce_právem_na_informace_o_ŽP_final.txt,Fart_orig_00274,orig_Kompletní_průvodce_právem_na_informace_o_ŽP_final,TXT,data/FrBo/articles/TXT,FrBo,FrBo_articles,274,Kompletní průvodce právem na informace o životním prostředí,False,high,,,,normative,quasiobjective,False,individual,natural person,public,No,,good,5.0,,,535,1.4280373831775701,0.536102335226912,0.9996884735202493,0.007207873796335551,,12.0,5.916666666666667,0.9787926347859576,,,,,,,,,2.0,,69.0,1.9710144927536233,0.7330122464807384,12.0,133,13.62406015037594,1.1961760806517563,52.0,2.269230769230769,1.4966150811358245,,179,2.8268156424581004,0.8458390627541366,131.0,2.267175572519084,2.014465783465315,116,1.8275862068965518,1.0733842701403975,,3.0,,120,0.24240025333045223,0.480735487837729,5.0,42.0,1.5476190476190477,0.5185434266506108,0.11006769053263966,0.4760915039274817,218,2.853211009174312,1.0968484965806538,0.3131314510860092,0.4091337756285507,92,3.0,,,0.5,11.842790193328657,5.48489932885906,13076.0,11.271476510067112,8.023225649649195,13.928603350696179,33.73619192627467,15.18688770910548,21.5,5.760705546766635,0.03470374025623717,0.10093216630196933,0.6593960612691466,0.0881581920202526,403.0,134.0,13.95253403929571,5500.0,0.28691275167785235,9.192691029900333,2384.0
corpora_selected_txt/KUK_1.0/data/FrBo/articles/TXT/orig_Kompletní_průvodce_právem_na_informace_final.txt,Fart_orig_00277,orig_Kompletní_průvodce_právem_na_informace_final,TXT,data/FrBo/articles/TXT,FrBo,FrBo_articles,277,Kompletní průvodce právem na informace,False,high,,,,normative,quasiobjective,False,individual,natural person,public,No,,good,17.0,,,700,1.37,0.47912264702781443,0.9995238095238095,0.008906574542525457,,13.0,4.076923076923077,0.6825565689372964,,,,,1.0,,,,3.0,,70.0,1.8714285714285714,0.7926827046088095,15.0,167,13.035928143712574,0.8616513596773423,53.0,1.9056603773584906,0.8313907112821507,1.0,223,2.8385650224215246,0.6771446655407404,168.0,3.5416666666666665,2.755044761280202,181,1.856353591160221,0.7684239095090779,,14.0,,149,0.22838754550226653,0.44870537562013046,4.0,45.0,1.288888888888889,0.39221769538197665,0.09896453802284556,0.4267880793410589,303,2.8382838283828384,0.6812433501489333,0.33887305904254467,0.40371940991281785,135,1.0,,,0.5201729106628242,11.538369016454748,5.528795811518324,15840.0,11.4082722513089,8.036812688565469,13.89676290201944,32.5751458489155,15.68704811767639,25.0,5.781896511661501,0.03490740545252797,0.11343456254519169,0.6539696312364425,0.10113921345129004,383.0,168.0,14.2355983793273,6720.0,0.24537521815008725,9.275,2865.0
corpora_selected_txt/KUK_1.0/data/FrBo/articles/TXT/orig_Kompletní průvodce petičním právem_final.txt,Fart_orig_00281,orig_Kompletní průvodce petičním právem_final,TXT,data/FrBo/articles/TXT,FrBo,FrBo_articles,281,Kompletní průvodce petičním právem,False,high,,,,normative,quasiobjective,False,individual,natural person,public,No,,good,1.0,1.0,,536,1.3003731343283582,0.4134432789427845,1.0,-1.0,,2.0,3.5,0.20203050891044216,,,,,,,,,,,108.0,1.8333333333333333,0.5030224550950048,2.0,192,8.713541666666666,0.5363168512022614,30.0,1.9666666666666666,0.7250593097019471,,209,2.444976076555024,0.5725586529553875,170.0,1.6176470588235294,0.5787878318486434,160,1.9375,0.7199499979365183,,2.0,,171,0.2770642617520842,0.34978015273920526,5.0,41.0,1.2439024390243902,0.39303822526640964,0.14774146226800458,0.540963262210178,266,2.0864661654135337,0.5578529866117531,0.3281025365611832,0.424937406553697,38,2.0,,,0.6214876033057851,7.128377892918824,5.374940898345153,11368.0,9.75238770685579,7.8139557838502345,10.494869236516863,44.34882579404453,9.943703377062434,18.0,5.7076850992785975,0.04931211721636026,0.15141369047619047,0.6420734126984127,0.1383270581086892,313.0,193.0,10.17992517494714,4907.0,0.266193853427896,6.565333333333333,2115.0
corpora_selected_txt/KUK_1.0/data/FrBo/articles/TXT/orig_Předcházení ekologické újmě - jak se bránit nepříznivé změně životního prostředí.txt,Fart_orig_00284,orig_Předcházení ekologické újmě - jak se bránit nepříznivé změně životního prostředí,TXT,data/FrBo/articles/TXT,FrBo,FrBo_articles,284,Předcházení ekologické újmě – jak se bránit nepříznivé změně životního prostředí,False,medium,,,,normative,quasiobjective,False,individual,natural person,public,No,,bad,1.0,,,147,1.3673469387755102,0.4454482618894474,1.0,-1.0,,5.0,5.6,0.5297284633639759,,,,,,,,,3.0,,19.0,1.4210526315789473,0.676426050953221,,45,10.644444444444444,0.7705828509812996,14.0,2.4285714285714284,1.0049120773503943,,54,2.6666666666666665,0.75,34.0,1.3823529411764706,0.6900769188201871,38,1.6842105263157894,1.0059735015450513,,,,37,0.24328055447620664,0.5204926844874154,1.0,7.0,1.2857142857142858,0.37951669503554064,0.08957880048105613,0.5516473137508977,65,2.4307692307692306,0.6624297252712391,0.3143873170570003,0.4062266984105939,44,,,,0.4198895027624309,10.144774103237097,5.655118110236221,3591.0,11.652283464566933,7.400460656796475,12.418114785651792,37.144781277340314,13.707436570428696,11.0,5.851806130403225,0.021868252522662092,0.11550373134328351,0.6825932835820896,0.06425857652398513,175.0,45.0,12.763921292236475,1493.0,0.4346456692913386,9.6,635.0
corpora_selected_txt/KUK_1.0/data/FrBo/articles/TXT/orig_Jaké trestné činy mohou souviset s korupcí.txt,Fart_orig_00285,orig_Jaké trestné činy mohou souviset s korupcí,TXT,data/FrBo/articles/TXT,FrBo,FrBo_articles,285,Jaké trestné činy mohou souviset s korupcí,False,medium,,,,normative,quasiobjective,False,individual,natural person,public,No,,bad,13.0,,3.0,576,1.5034722222222223,0.5174351860016543,0.9994626322751322,0.009143423671110299,,10.0,5.2,0.6951508570115876,,,,,,4.0,,2.0,5.0,,30.0,1.4,0.4819033340451468,1.0,116,15.60344827586207,0.6855220865098192,41.0,1.7317073170731707,0.5168937329130396,,204,3.122549019607843,0.6810029329484284,127.0,1.874015748031496,0.7455815344527528,152,2.414473684210526,0.8807726915829819,,3.0,,101,0.19002784517955257,0.4472812169056206,17.0,27.0,1.1111111111111112,0.3812933455813454,0.071450949800623,0.5018441844127823,245,2.7510204081632654,0.7604290912231498,0.29936741032753156,0.39043714595621165,126,3.0,,,0.37073863636363635,14.303348131241478,5.549318364073777,13840.0,11.84009623095429,8.154948372947608,16.00055711485342,26.215891808717004,15.022085141090754,19.0,5.911297726293442,0.02954293386503536,0.09487265135699374,0.6981294363256785,0.08464989237673112,331.0,117.0,13.757784519515319,5819.0,0.26142742582197276,11.069230769230769,2494.0
corpora_selected_txt/KUK_1.0/data/FrBo/articles/TXT/orig_provokace_korupcniho_jednani.txt,Fart_orig_00288,orig_provokace_korupcniho_jednani,TXT,data/FrBo/articles/TXT,FrBo,FrBo_articles,288,Provokace korupčního jednání,False,medium,,,,normative,quasiobjective,False,individual,natural person,public,No,,bad,9.0,,,210,1.5523809523809524,0.6667740489453768,0.9973167044595617,0.01954699229732882,,2.0,5.5,0.385694607919935,,,,,,,,,1.0,,15.0,2.2666666666666666,0.9353813182752524,5.0,48,14.25,0.5796764895336236,24.0,2.2916666666666665,0.766454427547865,,64,2.84375,0.5469960876705198,36.0,1.6111111111111112,0.6514543189998072,54,2.5555555555555554,0.8175152193438538,,,,43,0.1845851046480588,0.3582887968928686,1.0,13.0,1.3846153846153846,0.3657114381135463,0.08039010683687987,0.26797797947578006,81,3.0864197530864197,0.6278362843926751,0.3164104582218904,0.4060820177053612,62,2.0,,,0.3549618320610687,13.145350637342318,5.646170442286947,5234.0,12.125242718446602,7.887175925565869,15.129268388261451,27.667912665389792,15.636386852475619,10.0,6.050204400493308,0.026609834296826576,0.09466183574879228,0.7605072463768116,0.06917458679422675,239.0,49.0,14.289190053400105,2201.0,0.42826321467098166,11.315217391304348,927.0
corpora_selected_txt/KUK_1.0/data/FrBo/articles/TXT/orig_Jak využít svého práva být informován o veřejném dění.txt,Fart_orig_00290,orig_Jak využít svého práva být informován o veřejném dění,TXT,data/FrBo/articles/TXT,FrBo,FrBo_articles,290,Jak využít svého práva být informován o věcech veřejných,False,medium,,,,normative,quasiobjective,False,individual,natural person,public,No,,bad,4.0,,,254,1.3464566929133859,0.42155827736165247,1.0,-1.0,,16.0,5.375,0.8344485056822251,,,,,,,,1.0,4.0,,27.0,2.2222222222222223,0.90288000736106,2.0,74,11.554054054054054,0.5526387632745926,9.0,1.6666666666666667,0.6,,86,3.1744186046511627,0.9372296869109262,57.0,1.6842105263157894,0.9057495539409809,50,2.28,0.7624569295827699,,1.0,,61,0.18581568779226826,0.44434359740196894,3.0,11.0,1.1818181818181819,0.3422860840197998,0.0960026085026085,0.5579477352697543,92,3.489130434782609,0.7486935609332368,0.338580618556366,0.4307967532551643,39,1.0,,,0.41754385964912283,10.607388436277091,5.463166807790008,6452.0,10.984843353090598,7.8523220521301,12.468702153465912,40.25364576515551,12.920616975993779,14.0,5.848084901889126,0.022868579627502415,0.10525878003696865,0.6741219963031423,0.06995185830751532,259.0,74.0,12.354978490361713,2659.0,0.3632514817950889,11.601694915254237,1181.0
corpora_selected_txt/KUK_1.0/data/FrBo/articles/TXT/orig_Jak získat informace o dotacích a jak oznámit jejich nesprávné použití.txt,Fart_orig_00291,orig_Jak získat informace o dotacích a jak oznámit jejich nesprávné použití,TXT,data/FrBo/articles/TXT,FrBo,FrBo_articles,291,Jak získat informace o dotacích a jak oznámit jejich nesprávné použití?,False,medium,,,,normative,quasiobjective,False,individual,natural person,public,No,,bad,2.0,,,266,1.3909774436090225,0.4617886189435611,0.9993734335839598,0.010225395881065889,,8.0,4.625,0.9455597667316703,,,,1.0,1.0,,1.0,,,,25.0,2.08,0.6194278234002465,,69,12.507246376811594,0.6480429514511705,16.0,1.375,0.4502830453577385,,89,3.0224719101123596,0.6691454507902674,72.0,1.8055555555555556,0.8800821242240872,44,2.1818181818181817,0.6272890897083924,,,,63,0.203218147798148,0.38914706782973807,,17.0,1.0588235294117647,0.2290614236454256,0.08080964948566478,0.4800277787314153,104,3.1634615384615383,0.7991066535949222,0.32459258705723637,0.48049450541041117,68,3.0,,,0.4910394265232975,11.548783105874165,5.558319039451115,6481.0,11.531646655231564,7.639077812963332,13.934340716434235,32.029679792179394,14.375200735824198,14.0,5.85546474285421,0.03020027472598758,0.11385192127460164,0.6774695407685098,0.07872419647307083,207.0,69.0,13.376103337137366,2750.0,0.3276157804459691,9.838235294117647,1166.0
corpora_selected_txt/KUK_1.0/data/FrBo/articles/TXT/orig_Pozemkové úpravy_pracovní verze s kompletní citací.txt,Fart_orig_00293,orig_Pozemkové úpravy_pracovní verze s kompletní citací,TXT,data/FrBo/articles/TXT,FrBo,FrBo_articles,293,Pozemkové úpravy,False,medium,,,,normative,quasiobjective,False,individual,natural person,public,No,,bad,10.0,,,348,1.4798850574712643,0.49851283578614247,0.9995210727969348,0.00893855203937596,,6.0,4.166666666666667,0.4403634862247322,1.0,,,,,2.0,,,5.0,,6.0,1.8333333333333333,0.6376610151545521,8.0,70,13.257142857142858,0.6294902377180903,17.0,2.0588235294117645,0.7577490834500481,,103,3.0776699029126213,0.7043965438958932,56.0,2.0,1.1241158141563365,80,1.725,0.632187271042576,,9.0,,66,0.1819121867068438,0.4262118592975218,2.0,13.0,1.0769230769230769,0.25753937681885636,0.09322485881190334,0.47070613212861484,123,3.3821138211382116,0.620348084486355,0.36061732437192484,0.3790903350131444,76,1.0,,,0.3727810650887574,13.018289129694764,5.772041302621128,7267.0,12.638443208895948,7.754843999507334,14.910689776466583,27.413576738908404,16.3126336094406,12.833333333333334,5.78068405884909,0.027473050887678287,0.11653448275862066,0.6665517241379311,0.08605822574735777,255.0,70.0,14.696529576185021,3026.0,0.3455123113582208,11.192,1259.0
"corpora_selected_txt/KUK_1.0/data/FrBo/articles/TXT/orig_znalci, znalecké posudky.txt",Fart_orig_00298,"orig_znalci, znalecké posudky",TXT,data/FrBo/articles/TXT,FrBo,FrBo_articles,298,"Znalci, znalecké posudky",False,medium,,,,normative,quasiobjective,False,individual,natural person,public,No,,bad,5.0,,,162,1.2839506172839505,0.43808748220756444,1.0,-1.0,,4.0,6.25,0.60398675482166,,,,1.0,,,,,3.0,,20.0,1.5,0.5923488777590923,2.0,41,12.365853658536585,0.46481644985243564,7.0,1.4285714285714286,0.7937253933193772,,58,2.8275862068965516,0.5626567802379213,52.0,2.0576923076923075,0.8467549017660173,43,1.813953488372093,0.7243576236926477,,1.0,,38,0.22033395796856559,0.3534521107337633,4.0,12.0,1.25,0.36181361349331637,0.10463625068888227,0.42487899453055766,70,2.6285714285714286,0.590687458519966,0.33852994227994226,0.48521283329586773,21,2.0,,,0.5266272189349113,10.429896567299007,5.441358024691358,3526.0,10.864814814814812,7.520260027282887,12.318410042155975,40.988071062932875,11.815778380006023,10.0,5.980510542010845,0.020588302463737305,0.10985428051001822,0.7262841530054645,0.0626123789417848,176.0,41.0,11.545919441582143,1454.0,0.4444444444444444,8.170454545454545,648.0
corpora_selected_txt/KUK_1.0/data/FrBo/articles/TXT/orig_Místní a krajské referendum Jak dosáhnout jeho vyhlášení a jak probíhá_FINAL.txt,Fart_orig_00300,orig_Místní a krajské referendum Jak dosáhnout jeho vyhlášení a jak probíhá_FINAL,TXT,data/FrBo/articles/TXT,FrBo,FrBo_articles,300,Místní a krajské referendum: Jak dosáhnout jeho vyhlášení a jak probíhá?,False,high,,,,normative,quasiobjective,False,individual,natural person,public,No,,good,2.0,1.0,,635,1.3055118110236221,0.3998152389308606,1.0,-1.0,,5.0,3.0,0.40824829046386296,,,,1.0,,,,1.0,7.0,,90.0,1.511111111111111,0.5719830187117853,,192,10.010416666666666,0.6190147501781558,50.0,2.0,0.5802884574739972,,228,2.8421052631578947,0.8070612570252286,168.0,1.9583333333333333,0.8066241881080893,158,2.278481012658228,0.9893211759006659,,1.0,,156,0.2411643104266283,0.40389475916272605,7.0,42.0,1.2619047619047619,0.39368721587567873,0.10220947799765367,0.41267156947433564,266,2.4774436090225564,0.6505528271753681,0.3188621215476637,0.42180729470289186,85,1.0,,,0.5581039755351682,8.293104166666666,5.387888707037643,13168.0,10.176268412438622,8.003333384567403,10.637151118385155,46.688183578832536,11.834710856519369,20.0,5.781563716042883,0.03262513914057716,0.12469083155650318,0.6528102345415778,0.09569563105664601,293.0,192.0,11.497509608462053,5462.0,0.2414075286415712,7.733516483516484,2444.0
corpora_selected_txt/KUK_1.0/data/FrBo/articles/TXT/orig_Jakou žalobu podat při obtěžování hlukem.txt,Fart_orig_00303,orig_Jakou žalobu podat při obtěžování hlukem,TXT,data/FrBo/articles/TXT,FrBo,FrBo_articles,303,Jakou žalobu podat při obtěžování hlukem?;Ochrana před hlukem;Hluk,True,high,,,,normative,quasiobjective,False,individual,natural person,public,No,,good,17.0,,,945,1.3534391534391534,0.47243442259812046,0.99949609473419,0.008960845671575072,,12.0,4.166666666666667,0.5863911198633088,,,,1.0,1.0,2.0,,,4.0,1.0,59.0,1.9830508474576272,0.5733683371619211,6.0,195,14.333333333333334,0.6631470732397612,81.0,1.8888888888888888,0.6319766322165875,1.0,279,2.924731182795699,0.6371616778605228,137.0,1.8102189781021898,0.7415504309269914,256,1.98046875,0.9543283500442221,,5.0,2.0,188,0.20656213634566561,0.4220559917046619,9.0,73.0,1.3287671232876712,0.43549159896744716,0.10464631110862926,0.49237284338078346,344,3.1511627906976742,0.7106633833090219,0.32667764511315994,0.37668948972235666,161,4.0,,,0.38703140830800403,12.648459108948472,5.487752355316285,20387.0,11.39122476446837,8.63234565651252,14.385583221175413,32.97945291092935,14.360755081616455,22.0,5.976081169318385,0.0267884947126874,0.09736449115044254,0.7315154867256637,0.07562349105775625,550.0,195.0,13.364735142443813,8490.0,0.2691790040376851,11.540682414698162,3715.0
corpora_selected_txt/KUK_1.0/data/FrBo/articles/TXT/orig_Kompletní průvodce občana obtěžovaného hlukuem.txt,Fart_orig_00306,orig_Kompletní průvodce občana obtěžovaného hlukuem,TXT,data/FrBo/articles/TXT,FrBo,FrBo_articles,306,Kompletní manuál občana obtěžovaného hlukem,False,medium,,,,normative,quasiobjective,False,individual,natural person,public,No,,bad,6.0,,1.0,501,1.4251497005988023,0.4659108028467542,0.9996673320026613,0.007448595436139566,,11.0,3.909090909090909,1.0133238924346486,,,,,2.0,,,1.0,3.0,,28.0,2.7142857142857144,0.6863813216898813,4.0,124,10.701612903225806,0.6936616697866346,37.0,2.135135135135135,0.7740230032800851,1.0,151,2.9735099337748343,0.8033318349187115,85.0,1.6705882352941177,0.780403591385344,100,2.3,0.9279890199178045,,2.0,,101,0.21314882334604787,0.4150350660237608,6.0,22.0,1.2272727272727273,0.3495001703346499,0.08656562520726607,0.3843736780515867,177,2.937853107344633,0.6924264175587105,0.3405655826129816,0.45268475860253254,96,6.0,,,0.35135135135135137,10.852634535947711,5.748910675381263,10555.0,12.172712418300653,8.242353793510354,13.350997472766881,31.87126094989108,13.936202178649237,14.666666666666666,5.961482230136092,0.022551042193980582,0.11257915947035113,0.7187910189982729,0.05836803772416833,325.0,125.0,12.957680324746804,4444.0,0.332244008714597,11.558011049723756,1836.0
"corpora_selected_txt/KUK_1.0/data/FrBo/articles/TXT/orig_Stanovování limitů hluku pro hudbu, letiště, silnice a další.txt",Fart_orig_00309,"orig_Stanovování limitů hluku pro hudbu, letiště, silnice a další",TXT,data/FrBo/articles/TXT,FrBo,FrBo_articles,309,"Stanovování limitů hluku pro hudbu, letiště, silnice a další;Ochrana před hlukem;Hluk",False,,,,,normative,quasiobjective,False,individual,natural person,public,No,,bad,1.0,1.0,3.0,571,1.500875656742557,0.5271079699747521,0.9992077391376866,0.010949961961064656,1.0,22.0,4.318181818181818,1.0871095388472032,,,,,,2.0,,,6.0,,20.0,2.8,1.6574215477348577,3.0,111,17.17117117117117,0.7571184840365104,40.0,2.025,0.7542298233799796,2.0,163,3.4294478527607364,0.9423464416623948,79.0,1.8354430379746836,0.9291620822366317,143,2.5174825174825175,1.0851308769777057,,11.0,,104,0.14230709285466692,0.4916945686892881,6.0,17.0,1.1176470588235294,0.29714709975358455,0.07575922251527788,0.3422390855356335,187,3.93048128342246,0.6309995908946748,0.32683259402168585,0.3170782008478192,97,2.0,,,0.27414330218068533,15.422080481812188,5.327420546932742,14416.0,10.965705838876568,8.182683953586553,16.07192342342342,31.451018018018033,16.684093406044628,21.0,5.814316009442772,0.041491458936397566,0.09503260452627549,0.6659416954353663,0.12229665666658547,309.0,111.0,14.871851427203126,5863.0,0.24464153732446414,17.251428571428573,2706.0
corpora_selected_txt/KUK_1.0/data/FrBo/articles/TXT/orig_nezakonny_uredni_postup_final.txt,Fart_orig_00315,orig_nezakonny_uredni_postup_final,TXT,data/FrBo/articles/TXT,FrBo,FrBo_articles,315,Jaké jsou typické nezákonné úřední postupy?,False,medium,,,,normative,quasiobjective,False,individual,natural person,public,No,,bad,7.0,,1.0,400,1.4025,0.48968590912215293,1.0,-1.0,1.0,8.0,3.0,0.5345224838248488,,,,,,1.0,,,1.0,,21.0,1.6666666666666667,1.0099504938362076,1.0,79,16.139240506329113,0.7356588631113199,27.0,2.4814814814814814,0.8967270886555697,1.0,118,3.4661016949152543,0.6171496904467008,59.0,1.5423728813559323,0.8625088301460311,97,2.649484536082474,0.8387450010479309,,1.0,,64,0.16845376686271438,0.4243184815006214,10.0,30.0,1.4,0.6107182467534956,0.09982882986752956,0.6056802051782396,139,3.597122302158273,0.694572332185555,0.33937674185517924,0.3756107284595235,103,1.0,,,0.3399014778325123,14.811277878239906,5.650793650793651,9612.0,12.330452674897122,8.29948765371411,16.167480975450033,25.48187226426751,16.796079744602952,15.0,5.978188625329219,0.019926157418296585,0.10224094881398249,0.7274094881398252,0.06079825793339155,388.0,79.0,15.11915049555989,3979.0,0.3609641387419165,14.248175182481752,1701.0
"corpora_selected_txt/KUK_1.0/data/FrBo/articles/TXT/orig_Jak se zapojit do povolování těžby - 1. díl_final, pořešit odkazy na druhý díl.txt",Fart_orig_00332,"orig_Jak se zapojit do povolování těžby - 1. díl_final, pořešit odkazy na druhý díl",TXT,data/FrBo/articles/TXT,FrBo,FrBo_articles,332,Jak se zapojit do povolování těžby? - 1. část,False,high,,,,normative,quasiobjective,False,individual,natural person,public,No,,good,13.0,,1.0,372,1.4166666666666667,0.45539940252890965,0.9995519713261648,0.008645137392194486,,11.0,4.636363636363637,1.6770151620967368,,,,,,,2.0,1.0,2.0,,21.0,1.8095238095238095,0.5956908975545646,,103,9.922330097087379,0.6550788386359783,20.0,1.7,0.6065267546128456,1.0,116,3.4655172413793105,0.8495727061543297,57.0,2.017543859649123,0.8711321286264497,87,1.9655172413793103,0.7540253234531306,,2.0,,84,0.19398157458596005,0.38530867575199984,5.0,15.0,1.4,0.5914847651505893,0.12354268422682745,0.6516548861263037,131,2.931297709923664,0.6221599300815601,0.31381637263404505,0.35532709009026325,105,6.0,,,0.36772486772486773,10.044895321103418,5.721474131821403,8073.0,11.882919914953932,7.890817907288765,12.662756201275691,34.46320427411001,13.166115139290193,15.0,5.88381838912668,0.0274894216230287,0.10748475609756092,0.6934451219512195,0.07909637025802349,277.0,104.0,12.38480682065935,3399.0,0.3359319631467045,11.123188405797102,1411.0
corpora_selected_txt/KUK_1.0/data/FrBo/articles/TXT/orig_jake_povinnosti_maji_urednici.txt,Fart_orig_00335,orig_jake_povinnosti_maji_urednici,TXT,data/FrBo/articles/TXT,FrBo,FrBo_articles,335,Jaké povinnosti mají úředníci?,False,medium,,,,normative,quasiobjective,False,individual,natural person,public,No,,bad,1.0,,1.0,135,1.2074074074074075,0.39313704440848846,1.0,-1.0,,1.0,6.0,,,,,1.0,,,,,3.0,,16.0,2.4375,1.1405693892384463,3.0,26,15.461538461538462,1.4556958880726154,8.0,3.375,0.4462046273504342,,42,2.9285714285714284,0.8578718155327708,37.0,4.216216216216216,2.75471897029507,33,5.666666666666667,2.3789463661774275,,,,23,0.2565457235365702,0.29475752060331073,4.0,9.0,1.1111111111111112,0.30000000000000004,0.07740292998290935,0.716344056070405,53,2.5283018867924527,0.7301473386548527,0.36806153820801285,0.40679500818173836,28,2.0,,,0.6299212598425197,13.584937776085297,5.679207920792079,2868.0,12.31980198019802,7.309510322865192,15.047475247524751,29.16773419649661,15.769230769230768,9.0,5.934477351687447,0.024351842586653814,0.11347290640394092,0.7146551724137931,0.06776653577008995,179.0,26.0,14.388595941033675,1180.0,0.499009900990099,7.582278481012659,505.0
"corpora_selected_txt/KUK_1.0/data/FrBo/articles/TXT/orig_Co dělat, když vám někdo znečistí vodu ve studni.txt",Fart_orig_00341,"orig_Co dělat, když vám někdo znečistí vodu ve studni",TXT,data/FrBo/articles/TXT,FrBo,FrBo_articles,341,"Co dělat, když vám někdo znečistí vodu ve studni?",False,high,,,,normative,quasiobjective,False,individual,natural person,public,No,,good,18.0,,1.0,434,1.3317972350230414,0.456749342110873,1.0,-1.0,,6.0,3.3333333333333335,0.4898979485566356,,,,,4.0,,,,,,25.0,1.88,0.7415079314300171,3.0,117,9.991452991452991,0.6288213410066483,25.0,1.88,0.49327757954764384,,134,2.8208955223880596,0.6980497440898297,96.0,1.5729166666666667,0.644038144654012,111,1.8558558558558558,0.8052976292485152,,8.0,,100,0.21414095659242718,0.38144123015758336,3.0,22.0,1.4545454545454546,0.4096129125103823,0.12347481126154078,0.48709622155821014,171,2.7134502923976607,0.6610450859313979,0.3460821574517191,0.3772264236576992,92,2.0,,1.0,0.45823389021479716,9.129183898305087,5.531410256410257,8629.0,10.934294871794874,8.026389126314903,12.008525630160797,38.269144502390276,12.33941764450239,17.0,5.917229792604251,0.026911484003068413,0.11733059548254621,0.704674880219028,0.07454913492481086,300.0,118.0,11.850180174312104,3677.0,0.3314102564102564,9.356020942408376,1560.0
corpora_selected_txt/KUK_1.0/data/FrBo/articles/TXT/orig_Hlukové limity a udělování výjimek_prefinal.txt,Fart_orig_05446,orig_Hlukové limity a udělování výjimek_prefinal,TXT,data/FrBo/articles/TXT,FrBo,FrBo_articles,5446,Hlukové výjimky a ochranná hluková pásma,False,high,,,,normative,quasiobjective,False,individual,natural person,public,No,,good,2.0,,,218,1.591743119266055,0.5604017482325325,0.9977064220183486,0.01950597779628839,,2.0,6.0,-1.0,,,,,,,,,3.0,,14.0,1.8571428571428572,0.5111412347454252,1.0,53,11.037735849056604,0.6631366106358094,17.0,1.4705882352941178,0.42449970553582245,,70,2.657142857142857,0.5654633370678467,43.0,1.3255813953488371,0.45742380966289237,59,1.7457627118644068,0.5687839375969668,,3.0,,45,0.22228137391536085,0.4413054195601771,2.0,14.0,1.1428571428571428,0.31774445465112133,0.09532444679503503,0.38101410657283663,83,2.891566265060241,0.6158383389787433,0.3268607159063722,0.3555217563235855,58,6.0,,,0.3601694915254237,11.751504994450613,5.927409261576972,4736.0,13.061702127659574,7.509877122514337,14.238738399414363,26.55118929322029,14.540826977117625,10.0,5.943400641022802,0.0281736271635035,0.11538571428571431,0.7066571428571429,0.08503791884034273,165.0,53.0,13.360415137066312,1994.0,0.37922403003754696,10.178571428571429,799.0
corpora_selected_txt/KUK_1.0/data/FrBo/articles/TXT/orig_Obvyklé důvody neposkytnutí informací_final.txt,Fart_orig_05448,orig_Obvyklé důvody neposkytnutí informací_final,TXT,data/FrBo/articles/TXT,FrBo,FrBo_articles,5448,Obvyklé důvody neposkytnutí informací,False,high,,,,normative,quasiobjective,False,individual,natural person,public,No,,good,27.0,,1.0,783,1.3997445721583652,0.439446084172235,0.9997871434653044,0.005957448831012654,,22.0,3.9545454545454546,0.7298882898186835,,,,2.0,1.0,,1.0,3.0,3.0,,66.0,1.803030303030303,0.5935286809695367,11.0,196,11.831632653061224,1.1005890702767256,62.0,1.967741935483871,0.6101674276674965,3.0,239,2.803347280334728,0.6997208574347965,155.0,2.9870967741935486,2.747659601361522,225,2.0933333333333333,0.8851402022847177,,5.0,,165,0.2155960869635686,0.4327873706174495,12.0,65.0,1.2615384615384615,0.37800575089500504,0.103959823950769,0.5147303320227006,305,2.7311475409836063,0.6362510744026585,0.32316521336945503,0.40204741144900336,129,3.0,,,0.4106508875739645,11.682745720694133,5.7984496124031,17952.0,12.532881136950904,8.275839556106252,13.950897211400985,29.707100709610586,14.968464958879316,23.0,5.844955263610262,0.031028782444727926,0.1191257924591258,0.684678011344678,0.08279632827655266,447.0,197.0,13.680168904399245,7516.0,0.2638888888888889,10.427745664739884,3096.0
corpora_selected_txt/KUK_1.0/data/FrBo/articles/TXT/orig_Kdy a jak požadovat náhradu škody za chyby úředníků.txt,Fart_orig_05450,orig_Kdy a jak požadovat náhradu škody za chyby úředníků,TXT,data/FrBo/articles/TXT,FrBo,FrBo_articles,5450,Kdy a jak požadovat náhradu škody za chyby úředníků?,False,medium,,,,normative,quasiobjective,False,individual,natural person,public,No,,bad,3.0,,,222,1.3063063063063063,0.46961855535153896,0.9992492492492493,0.011194338411533684,,3.0,5.0,0.34641016151377546,,,,1.0,,,,,1.0,,7.0,2.5714285714285716,0.9487917375888516,4.0,75,10.053333333333333,0.7945609889121543,16.0,1.625,0.3810087306873172,,65,3.5384615384615383,0.7978956846790748,44.0,1.5909090909090908,0.6404198907357023,55,2.0727272727272728,0.7704461049418928,,1.0,,52,0.2018699037163255,0.4877709958512525,3.0,24.0,1.5416666666666667,0.5731636159350043,0.1350017305464287,0.4941818954440106,77,2.857142857142857,0.6289611317586787,0.3200021755727196,0.36500130828211846,25,1.0,,,0.3907563025210084,8.721862960725076,5.4169184290030215,5379.0,10.399395770392745,7.489486566458166,10.477710372608257,48.72809260825781,11.700833836858008,12.0,5.820600465388835,0.03200962047394586,0.10130872483221476,0.6638702460850112,0.10213375008611508,185.0,75.0,11.446984129993638,2173.0,0.33031218529707956,12.728260869565217,993.0
corpora_selected_txt/KUK_1.0/data/FrBo/articles/TXT/orig_Jaká pravidla platí pro veřejné zakázky malého rozsahu_final.txt,Fart_orig_05482,orig_Jaká pravidla platí pro veřejné zakázky malého rozsahu_final,TXT,data/FrBo/articles/TXT,FrBo,FrBo_articles,5482,Jaká pravidla platí pro veřejné zakázky malého rozsahu?,False,medium,,,,normative,quasiobjective,False,individual,natural person,public,No,,bad,5.0,,,329,1.465045592705167,0.4940651370338955,0.9994934143870313,0.009193287961083168,,2.0,3.5,0.6060915267313264,,,,1.0,,,,1.0,2.0,,44.0,2.0,0.7624928516630232,1.0,106,11.764150943396226,1.088554140223379,30.0,1.6333333333333333,0.4951327823519552,,132,3.234848484848485,0.9355140254403325,91.0,1.89010989010989,0.7542231320376398,100,1.88,0.8082108326922901,,5.0,,88,0.21235316930492595,0.3834474141194608,1.0,22.0,1.3636363636363635,0.42613061564184945,0.12086183674348606,0.5494815841859063,144,2.4583333333333335,0.6120629623033874,0.2802419897140942,0.38409415491520754,60,,,,0.5153846153846153,8.783415659075107,5.149722735674676,8358.0,9.382932840418976,7.696958215765505,10.454210087786237,51.97061991328778,11.279438348963016,16.666666666666668,5.678499331465244,0.06615615143483922,0.10863517060367445,0.6243766404199476,0.1692669829047541,268.0,109.0,11.170998036949811,3395.0,0.28527418361059764,9.85,1623.0
corpora_selected_txt/KUK_1.0/data/FrBo/articles/TXT/orig_závazná stanoviska_aktualizováno k 2021.txt,Fart_orig_05483,orig_závazná stanoviska_aktualizováno k 2021,TXT,data/FrBo/articles/TXT,FrBo,FrBo_articles,5483,Závazná stanoviska,False,medium,,,,normative,quasiobjective,False,individual,natural person,public,No,,bad,3.0,,1.0,186,1.6397849462365592,0.4320705393897158,1.0,-1.0,,,,,,,,1.0,1.0,,,,,,12.0,1.6666666666666667,0.39080336836735774,9.0,49,9.693877551020408,0.6247245006836101,24.0,1.7916666666666667,0.43480612253297474,,55,2.8363636363636364,0.7758891945213455,29.0,1.9310344827586208,0.7047837374812758,53,1.9811320754716981,0.8192477819986975,,,,40,0.2589171403894112,0.3703874837102956,1.0,15.0,1.4,0.7539980898739251,0.1155827505827506,0.6202345713614615,79,2.1139240506329116,0.5963892724675661,0.3069014670280493,0.3328468792927669,25,1.0,,,0.3474178403755869,10.501579949661888,5.817236255572065,3915.0,12.358692421991085,7.00391750719691,13.031932346787155,32.262478909543006,14.76579434151075,9.0,5.674359271096545,0.016797598072511896,0.17229965156794425,0.6354878048780488,0.05545459417689258,156.0,49.0,13.322268300386291,1642.0,0.3774145616641902,9.027397260273972,673.0
corpora_selected_txt/KUK_1.0/data/FrBo/articles/TXT/orig_CO je černá stvaba a jak ji ponat.txt,Fart_orig_05504,orig_CO je černá stvaba a jak ji ponat,TXT,data/FrBo/articles/TXT,FrBo,FrBo_articles,5504,Co je černá stavba a jak ji poznat?,False,high,,,,normative,quasiobjective,False,individual,natural person,public,No,,good,1.0,,2.0,144,1.4097222222222223,0.5062241075414331,1.0,-1.0,,2.0,4.5,0.7856742013183862,,,,,,,,,1.0,,13.0,3.076923076923077,1.0652660074679312,,37,11.72972972972973,0.48753277575664694,16.0,2.125,0.5119111803005716,,49,3.061224489795918,0.7101030180870211,30.0,1.7,0.7104315881231451,41,1.7073170731707317,0.6836053880204664,,2.0,,36,0.2114993213032429,0.4049657820726158,1.0,8.0,1.5,0.5039526306789696,0.11568627450980393,0.5652042499816308,62,2.6129032258064515,0.6659729388081308,0.3007046729888286,0.3350604978730823,43,,,,0.40606060606060607,11.526939313269864,5.674457429048414,3399.0,12.003338898163607,7.217656282047607,13.889688895907593,31.008378513739103,14.489031268330102,9.0,5.8384414835616525,0.022780091882109995,0.13698,0.67686,0.06690633809043428,158.0,37.0,13.41718862556926,1434.0,0.41402337228714525,10.151515151515152,599.0
corpora_selected_txt/KUK_1.0/data/FrBo/articles/TXT/orig_Zapojte se do povolování stavby nebo záměru_pracovní verze se zdroji.txt,Fart_orig_05546,orig_Zapojte se do povolování stavby nebo záměru_pracovní verze se zdroji,TXT,data/FrBo/articles/TXT,FrBo,FrBo_articles,5546,Zapojte se do povolování stavby nebo záměru,False,high,,,,normative,quasiobjective,False,individual,natural person,public,No,,good,4.0,,,679,1.422680412371134,0.4350167881445634,0.9995090819833087,0.009043188906071501,,14.0,6.071428571428571,1.3231221092741365,,,,1.0,,1.0,,,5.0,1.0,49.0,1.8571428571428572,0.8370724791233551,6.0,165,12.4,0.7452590356224464,53.0,2.1320754716981134,0.7067659185186155,1.0,219,3.105022831050228,0.983402385303488,102.0,2.303921568627451,0.8524503136433706,181,2.4972375690607733,1.0939112502911488,,6.0,,135,0.20664123228439343,0.4990585231593798,10.0,27.0,1.1111111111111112,0.2882306768491568,0.0827968977091784,0.5015648060894163,265,2.822641509433962,0.6897417003301063,0.3123658699301381,0.3933182422020984,193,7.0,,,0.3894878706199461,11.227047971237802,5.486476739992788,15214.0,11.18467363865849,8.223796233230122,13.59280964713853,34.18211845173698,14.46854757455551,18.666666666666668,5.87385483448877,0.029482066215856195,0.09833208676140615,0.6950037397157816,0.08066119536657165,388.0,165.0,13.435099250216087,6451.0,0.26541651640822217,11.26736111111111,2773.0
corpora_selected_txt/KUK_1.0/data/FrBo/articles/TXT/orig_Jak uspořádat shromáždění.txt,Fart_orig_05548,orig_Jak uspořádat shromáždění,TXT,data/FrBo/articles/TXT,FrBo,FrBo_articles,5548,Jak uspořádat shromáždění?,False,medium,,,,normative,quasiobjective,False,individual,natural person,public,No,,bad,2.0,,,553,1.2567811934900543,0.4277614019049575,1.0,-1.0,,7.0,6.142857142857143,0.8376398548365953,,,,1.0,,,,1.0,6.0,,75.0,2.013333333333333,0.6191447553552236,7.0,200,8.795,0.6236308017874698,56.0,2.0714285714285716,0.6301611031237758,,206,2.4854368932038833,0.6254938026405766,172.0,1.8313953488372092,0.7281745911605131,141,1.9219858156028369,0.6583354994122663,,1.0,,167,0.2544199008333433,0.3919281882161239,1.0,40.0,1.425,0.4997019891464568,0.144124000999001,0.5441177518703768,251,2.3346613545816735,0.651220565302997,0.3289261778165498,0.3917922792260118,218,1.0,,,0.6335078534031413,8.333362456515921,5.72972972972973,12508.0,11.38327989005955,7.880692612441214,11.170069374963148,39.46860620093159,13.392859313416455,18.0,5.726419720805146,0.038612268869124625,0.10878119001919384,0.6433253358925144,0.1105533676872197,331.0,202.0,12.071865661319059,5245.0,0.27072835547411817,7.041436464088398,2183.0
corpora_selected_txt/KUK_1.0/data/FrBo/articles/TXT/orig_Jak probíhá trestní řízení.txt,Fart_orig_05586,orig_Jak probíhá trestní řízení,TXT,data/FrBo/articles/TXT,FrBo,FrBo_articles,5586,Jak probíhá trestní řízení,False,medium,,,,normative,quasiobjective,False,individual,natural person,public,No,,bad,2.0,,,367,1.449591280653951,0.4740320122523334,1.0,-1.0,,8.0,4.25,1.0503865540840163,,,,1.0,,,,,5.0,,17.0,2.176470588235294,0.5682107038278011,7.0,87,11.563218390804598,0.6512778913139884,26.0,1.8846153846153846,0.5680659076802224,1.0,112,2.4642857142857144,0.583951062876319,50.0,2.0,0.8748177652797066,88,1.9772727272727273,0.681459203974782,,,,67,0.20358974116064119,0.40062224640763117,6.0,13.0,1.3846153846153846,0.36571143811354623,0.09089320353907161,0.5248892090578248,128,2.6015625,0.8033133913323202,0.30629190728056344,0.4314085575022519,138,3.0,,,0.3392857142857143,11.10700084891085,5.66765140324963,7674.0,11.90029542097489,7.98850252072857,13.183333681386777,34.64793695988047,13.46310124110766,13.0,5.991813155340524,0.023529109249392145,0.08148207171314736,0.7289003984063746,0.06596724013954722,279.0,87.0,12.715782663088344,3185.0,0.3515509601181684,12.007575757575758,1354.0
"corpora_selected_txt/KUK_1.0/data/FrBo/articles/TXT/orig_Musí úřad zjistit informaci, kterou nemá_final.txt",Fart_orig_05593,"orig_Musí úřad zjistit informaci, kterou nemá_final",TXT,data/FrBo/articles/TXT,FrBo,FrBo_articles,5593,"Musí úřad zjistit informaci, kterou nemá?",False,high,,,,normative,quasiobjective,False,individual,natural person,public,No,,good,4.0,,1.0,298,1.4161073825503356,0.43827197038134197,1.0,-1.0,1.0,7.0,6.857142857142857,0.45675232367792634,,,,,1.0,,,1.0,2.0,,27.0,1.962962962962963,0.499170931343303,3.0,77,12.922077922077921,0.7007422113677363,28.0,2.5357142857142856,0.6744242166330718,1.0,120,2.95,0.9676609181373762,101.0,1.683168316831683,1.1850545663637246,99,1.878787878787879,0.6812526734166036,,1.0,,69,0.2420367877478668,0.3996124477361611,1.0,22.0,1.5454545454545454,0.4341646335013459,0.10281907667108783,0.5884741000372946,149,2.302013422818792,0.6301256330309805,0.29656967169111215,0.4090847805571519,37,1.0,,,0.536723163841808,11.030395092024541,5.519938650306749,7198.0,11.289110429447858,7.386170891470153,13.227575920245393,35.72325582822086,15.047607361963191,15.0,5.721154208335351,0.04165331507528028,0.13153526970954355,0.6444813278008299,0.10954939177396036,206.0,80.0,13.778431352249303,3019.0,0.28911042944785276,8.031746031746032,1304.0
corpora_selected_txt/KUK_1.0/data/FrBo/articles/TXT/orig_muze_obec_zakazat_spalovani_nevhodnych_materialu.txt,Fart_orig_05619,orig_muze_obec_zakazat_spalovani_nevhodnych_materialu,TXT,data/FrBo/articles/TXT,FrBo,FrBo_articles,5619,Může obec zakázat spalování nevhodných materiálů?,False,high,,,,normative,quasiobjective,False,individual,natural person,public,No,,good,1.0,,,108,1.25,0.38085000849673434,1.0,-1.0,,1.0,11.0,,,,,,,,,,3.0,,17.0,2.0588235294117645,0.7957155680933499,,28,11.035714285714286,0.7154101867322541,10.0,1.9,0.8754368385876947,,36,2.9722222222222223,0.5303651564078774,31.0,2.0,0.7745966692414834,23,1.7391304347826086,0.7795322023787437,,,,23,0.25156778572379596,0.3763156562784815,5.0,7.0,1.2857142857142858,0.37951669503554064,0.12620843209078503,0.5675876292341838,42,2.9761904761904763,0.5866255713618439,0.38023517487803205,0.438023283777506,26,,,,0.49107142857142855,10.111253174603178,5.5851851851851855,2262.0,11.373086419753088,7.237555378975917,13.363337213403877,31.36928218694885,13.48941798941799,7.0,5.912808889558156,0.02449537436293394,0.09718954248366007,0.6970261437908497,0.06711075018043186,139.0,28.0,12.66393586644259,986.0,0.5185185185185185,8.685185185185185,405.0
corpora_selected_txt/KUK_1.0/data/FrBo/articles/TXT/orig_Jak se bránit obtěžování kouřem a pálením odpadu.txt,Fart_orig_05620,orig_Jak se bránit obtěžování kouřem a pálením odpadu,TXT,data/FrBo/articles/TXT,FrBo,FrBo_articles,5620,Jak se bránit obtěžování kouřem a pálením odpadu?,False,medium,,,,normative,quasiobjective,False,individual,natural person,public,No,,bad,10.0,,,242,1.4669421487603307,0.5200050159783246,0.9994834710743802,0.008039456943723006,,5.0,3.4,0.6443794794178425,,,,,1.0,,,,,,17.0,2.176470588235294,0.6743906699745494,3.0,49,14.63265306122449,0.7348164015273974,11.0,1.5454545454545454,0.5307173444065865,,80,3.1375,0.7736717360872898,48.0,1.7083333333333333,0.9032871650857383,65,2.0153846153846153,0.9786746305075269,,,,43,0.18546533733544374,0.32337989236932385,6.0,11.0,1.0909090909090908,0.27638539919628335,0.06556854074093027,0.31276848884122865,92,3.358695652173913,0.7028820481807911,0.3377930661044135,0.36673397631399,40,2.0,,,0.38671875,13.545332244897963,5.586666666666667,5447.0,11.92,8.002944139973435,15.15186595499738,29.344237885923604,14.769440083725797,11.0,5.978261422421895,0.04712734557555105,0.08262557077625576,0.7290639269406393,0.12295497050871909,243.0,49.0,13.6438981435689,2263.0,0.4164102564102564,11.244897959183673,975.0
corpora_selected_txt/KUK_1.0/data/FrBo/articles/TXT/orig_Jak podat stížnost na nevhodné chování úředníků.txt,Fart_orig_05643,orig_Jak podat stížnost na nevhodné chování úředníků,TXT,data/FrBo/articles/TXT,FrBo,FrBo_articles,5643,Jak a kdy podat stížnost na nevhodné chování úředníků?,False,medium,,,,normative,quasiobjective,False,individual,natural person,public,No,,bad,4.0,,1.0,201,1.3880597014925373,0.44913297597429525,1.0,-1.0,,6.0,3.8333333333333335,0.3467374267369893,,,,1.0,2.0,,,,,,24.0,1.625,0.5684438201265647,6.0,61,11.311475409836065,0.780869107947748,22.0,1.7727272727272727,0.5486277926232034,,78,2.6666666666666665,0.6801928679884387,48.0,1.7291666666666667,0.8745333207884234,56,1.6428571428571428,0.6711085339759301,,2.0,,51,0.24900532520505178,0.41325937486672515,1.0,22.0,1.2727272727272727,0.4325214791567845,0.11232618048055705,0.6925371794888888,89,2.651685393258427,0.7565930083835066,0.2985589751926239,0.37348416710803667,56,1.0,,,0.468503937007874,10.080739943670107,5.504405286343612,4998.0,11.04933920704846,7.619872108918114,12.137978749909728,40.49834462338413,12.16555210514913,11.0,5.901637878486623,0.031281601302876764,0.12266996291718169,0.6987391841779975,0.08820922940986367,212.0,61.0,11.814495005032448,2067.0,0.3843612334801762,8.90677966101695,908.0
corpora_selected_txt/KUK_1.0/data/FrBo/articles/TXT/orig_Kompletní průvodce pořizováním nahrávek veřejné správy.txt,Fart_orig_05648,orig_Kompletní průvodce pořizováním nahrávek veřejné správy,TXT,data/FrBo/articles/TXT,FrBo,FrBo_articles,5648,Kompletní průvodce pořizováním nahrávek veřejné správy,False,medium,,,,normative,quasiobjective,False,individual,natural person,public,No,,bad,12.0,,8.0,597,1.3869346733668342,0.4849482302037941,0.9997607083034219,0.0058481530506800375,,5.0,3.6,0.9938079899999065,,,,,,1.0,,,,,53.0,1.9811320754716981,0.6376385660142075,5.0,158,12.379746835443038,0.5234642604572352,75.0,1.7866666666666666,0.61238533979737,2.0,215,2.9395348837209303,0.7221064113475424,123.0,1.7398373983739837,0.9186757767175958,154,2.344155844155844,1.023520465467077,,2.0,,154,0.21679235316105286,0.4366375972502069,8.0,48.0,1.3333333333333333,0.4466185006315603,0.10822567844156944,0.6617481383653009,258,2.7131782945736433,0.6976408613182902,0.3152708329948412,0.4149853211867597,174,2.0,,1.0,0.4462934947049924,11.052949530939813,5.557159578618806,14243.0,11.444401092469759,8.142223686456257,13.558412262555915,33.1335953273115,14.516468270035359,21.0,5.897262926016962,0.02440111889377774,0.11262987012987014,0.699650974025974,0.06992254042706401,314.0,159.0,13.430390750778539,6053.0,0.25087787748731954,10.04421768707483,2563.0
corpora_selected_txt/KUK_1.0/data/FrBo/articles/TXT/orig_Jak probíhá správní řízení.txt,Fart_orig_05793,orig_Jak probíhá správní řízení,TXT,data/FrBo/articles/TXT,FrBo,FrBo_articles,5793,Jak probíhá správní řízení?,False,medium,,,,normative,quasiobjective,False,individual,natural person,public,No,,bad,2.0,,,335,1.4358208955223881,0.47958231556993053,1.0,-1.0,,4.0,3.25,0.46153846153846156,,,,1.0,,,,,3.0,,25.0,1.92,0.7198059875565236,5.0,88,11.988636363636363,0.6897507094983113,18.0,1.7222222222222223,0.5195569279288638,1.0,118,3.0,0.8012336167697751,82.0,2.4390243902439024,0.9878258955909183,110,2.0,0.8593789094990307,,,,79,0.22086470414087322,0.32785625289997844,2.0,19.0,1.1578947368421053,0.32354782581913066,0.08431874283267471,0.35715420762545375,144,2.8680555555555554,0.7012832995054411,0.3214644547470298,0.4046588006873965,101,1.0,,,0.49728260869565216,10.532268299036204,5.4591690544412605,7621.0,10.955229226361029,7.501925764345873,12.464221281583743,40.10512607449857,12.10476686637145,15.666666666666666,5.689503512440663,0.026410741142944668,0.1185273708558211,0.6331303006939091,0.07045647188145113,247.0,88.0,11.7628929290034,3150.0,0.2987106017191977,8.714285714285714,1396.0
corpora_selected_txt/KUK_1.0/data/FrBo/articles/TXT/orig_Jaké informace můžete najít na webu obce_final.txt,Fart_orig_05804,orig_Jaké informace můžete najít na webu obce_final,TXT,data/FrBo/articles/TXT,FrBo,FrBo_articles,5804,Jaké informace můžete najít na webu obce?,False,high,,,,normative,quasiobjective,False,individual,natural person,public,No,,good,1.0,,,387,1.3049095607235142,0.4515562210675609,0.999569336778639,0.008475793008576486,,8.0,3.0,0.3086066999241838,,,,,,,,,,,69.0,1.855072463768116,0.6288898369707024,5.0,118,9.254237288135593,0.649917752035251,12.0,1.5833333333333333,0.42224710952938205,,135,2.977777777777778,0.8107039640134271,111.0,2.369369369369369,0.905074394915293,92,1.7934782608695652,0.7645006182929392,,1.0,,94,0.24763328194802894,0.35498108397145756,1.0,12.0,1.1666666666666667,0.33364240464065265,0.09669125808831691,0.4130320702143575,161,2.608695652173913,0.6416883113232537,0.3207620702556572,0.43633239984356004,39,,,,0.6354166666666666,8.264869828402993,5.457556935817806,7908.0,10.421463077984816,7.635292012680217,11.038032424465733,43.11905895357407,12.310070065854886,15.5,5.822450000966751,0.022716708517363342,0.10414814814814821,0.6690888888888888,0.06375532095860334,255.0,118.0,11.738469137698331,3339.0,0.3036576949620428,6.765432098765432,1449.0
"corpora_selected_txt/KUK_1.0/data/FrBo/articles/TXT/orig_Jak zajistit, aby skládka dodržovala potřebná povolení.txt",Fart_orig_05853,"orig_Jak zajistit, aby skládka dodržovala potřebná povolení",TXT,data/FrBo/articles/TXT,FrBo,FrBo_articles,5853,"Jak zajistit, aby skládka dodržovala potřebná povolení?;Životní prostředí;Odpady",False,,,,,normative,quasiobjective,False,individual,natural person,public,No,,bad,3.0,2.0,,590,1.3796610169491526,0.47873952393579056,1.0,-1.0,,9.0,3.111111111111111,0.3388154635894692,,,,2.0,,,,1.0,2.0,2.0,47.0,2.297872340425532,0.7906307080820317,5.0,181,9.883977900552486,0.8063837691638474,33.0,1.5757575757575757,0.4206662087351415,,191,2.8534031413612566,0.8967099232705759,125.0,1.744,0.9519930731355458,132,1.8863636363636365,1.039083480378346,,2.0,,126,0.20884862086135195,0.39003734675668233,6.0,26.0,1.3461538461538463,0.5121861906353498,0.10843211887210459,0.5590269710703843,232,2.7629310344827585,0.7048008222486914,0.3351844402320809,0.43580023516008287,171,3.0,,,0.45058626465661644,9.198233599595596,5.543721508495649,13377.0,10.998342312474099,8.013366181075769,11.848206559706352,39.431455171848455,12.796044320370886,21.0,5.896831623561755,0.028089078338901678,0.10480121002592913,0.6937467588591184,0.0806612467897035,307.0,182.0,12.131917764028533,5640.0,0.24906755076668047,10.361940298507463,2413.0
corpora_selected_txt/KUK_1.0/data/FrBo/articles/TXT/orig_Jaké otázky (ne)můžete položit v místním a krajském referendu_FINAL.txt,Fart_orig_05898,orig_Jaké otázky (ne)můžete položit v místním a krajském referendu_FINAL,TXT,data/FrBo/articles/TXT,FrBo,FrBo_articles,5898,Jaké otázky (ne)můžete položit v místním a krajském referendu,False,medium,,,,normative,quasiobjective,False,individual,natural person,public,No,,bad,3.0,,,313,1.3035143769968052,0.3936890219895085,1.0,-1.0,,3.0,3.3333333333333335,0.3464101615137754,,,,,,,,,,,27.0,2.074074074074074,0.743644579484411,1.0,87,11.701149425287356,0.7776232854323148,31.0,3.7419354838709675,0.5561692343178863,2.0,99,2.121212121212121,0.6504219628025795,53.0,2.0,0.6504436355879909,59,2.23728813559322,0.6911428434619811,,,,65,0.2172903546677841,0.4323355864700984,8.0,26.0,1.2307692307692308,0.41795633743251215,0.10588263546408341,0.56340968763399,122,2.5245901639344264,0.6505923514880797,0.3148792390776479,0.4955049716921524,46,1.0,1.0,,0.513986013986014,9.193017396505098,5.260106788710908,6896.0,9.90274599542334,7.428755203732597,11.751548158934881,43.15259038901604,13.708900214964288,16.0,5.688797369447808,0.03852515173441221,0.10651815181518143,0.6266666666666667,0.11722454621931985,185.0,88.0,12.834656854896906,2928.0,0.2753623188405797,10.863013698630137,1311.0
corpora_selected_txt/KUK_1.0/data/FrBo/articles/TXT/orig_Les - co smíme a co je zakázáno.txt,Fart_orig_05913,orig_Les - co smíme a co je zakázáno,TXT,data/FrBo/articles/TXT,FrBo,FrBo_articles,5913,Les – co smíme a co je zakázáno?,False,medium,,,,normative,quasiobjective,False,individual,natural person,public,No,,bad,,,,191,1.5340314136125655,0.6265606742426205,0.9977312390924956,0.018477073241835618,,3.0,5.333333333333333,0.7806247497997998,,,,,,,,,1.0,,20.0,2.15,0.7434972332392692,1.0,74,8.054054054054054,0.7291774776082108,18.0,1.6111111111111112,0.5688272005948134,,57,2.8596491228070176,0.5852927474901259,50.0,1.82,0.516981908950553,42,1.9047619047619047,0.7034973607522391,,1.0,,57,0.23080879484141628,0.4761838681983977,4.0,4.0,1.0,-1.0,0.09534632034632035,0.4096405630450165,65,3.3076923076923075,0.575419873977522,0.3110075097700516,0.3389157349504998,32,3.0,,,0.3983050847457627,6.947968743804928,5.309290953545232,4343.0,9.466381418092906,7.777348273991128,9.563824489526198,50.86606905438447,11.267587391792771,9.0,5.932228767320433,0.02994394997558521,0.09993045897079278,0.7147844228094575,0.0804650805321593,230.0,74.0,10.986757480514221,1810.0,0.44621026894865523,10.0,818.0
corpora_selected_txt/KUK_1.0/data/FrBo/articles/TXT/orig_územní řízení.txt,Fart_orig_05931,orig_územní řízení,TXT,data/FrBo/articles/TXT,FrBo,FrBo_articles,5931,Územní řízení,False,medium,,,,normative,quasiobjective,False,individual,natural person,public,No,,bad,1.0,,,440,1.45,0.4825229178743892,0.9992424242424243,0.011232368424719821,,6.0,2.0,-1.0,,,,,,2.0,,,1.0,,43.0,1.8604651162790697,0.5573707943379813,7.0,141,9.453900709219859,0.6502671105682105,34.0,1.8529411764705883,0.5961336857185534,1.0,151,2.562913907284768,0.676677832045236,76.0,1.4210526315789473,0.566040968204889,126,1.8968253968253967,0.592074899318109,,4.0,,112,0.23299158037030296,0.375490876563746,3.0,28.0,1.2857142857142858,0.3578117715108503,0.09730318605788531,0.38113715740030285,189,2.693121693121693,0.7277700137604047,0.3255450168044153,0.4365380797535332,141,2.0,,,0.4589473684210526,8.57208185264297,5.478407178911946,9768.0,10.58681996634885,7.824775305067453,11.716608445404386,39.18241817718962,12.057595175873002,18.0,5.852968714259752,0.02024110194977076,0.11302256532066501,0.6806532066508314,0.0620357440574338,274.0,141.0,11.627020746940193,4204.0,0.2809871003925967,9.396313364055299,1783.0
corpora_selected_txt/KUK_1.0/data/FrBo/articles/TXT/orig_stavební řízení.txt,Fart_orig_05932,orig_stavební řízení,TXT,data/FrBo/articles/TXT,FrBo,FrBo_articles,5932,Stavební řízení,False,medium,,,,normative,quasiobjective,False,individual,natural person,public,No,,bad,,,1.0,631,1.4469096671949286,0.47049879778591197,0.9992076069730587,0.01148281883070509,,7.0,4.142857142857143,0.6142707685465464,,,,,,2.0,1.0,,3.0,,59.0,1.6610169491525424,0.5767010702529625,5.0,187,9.304812834224599,0.6494156595219972,46.0,2.0217391304347827,0.6034420353710868,3.0,200,2.84,0.6209524511833368,101.0,1.504950495049505,0.7256086851664054,176,1.8352272727272727,0.6489494945834716,,1.0,,153,0.2331272897916146,0.3895153897747795,2.0,39.0,1.2307692307692308,0.39372128132528095,0.10723589606657004,0.7576336797800088,254,2.677165354330709,0.7011838903935896,0.33127712713340385,0.4081344925385461,217,3.0,,,0.45384615384615384,9.063067070970924,5.633219470538002,13193.0,11.292527754056364,7.943214013928255,12.070690567959186,36.545055056010455,13.002793900729301,21.0,5.817512518324573,0.02441378767795885,0.11978600089166302,0.673058403923317,0.07167191238973288,333.0,187.0,12.166573962063364,5629.0,0.26259607173356103,9.214285714285714,2342.0
corpora_selected_txt/KUK_1.0/data/FrBo/articles/TXT/orig_Ochrana proti hlukovým výjimkám a nečinnosti.txt,Fart_orig_05937,orig_Ochrana proti hlukovým výjimkám a nečinnosti,TXT,data/FrBo/articles/TXT,FrBo,FrBo_articles,5937,Ochrana proti hlukovým výjimkám a nečinnosti (Aarhus);Ochrana před hlukem;Spolky a účast veřejnsoti,False,,,,,normative,quasiobjective,False,individual,natural person,public,No,,bad,3.0,,,174,1.3045977011494252,0.5431265792058595,0.9991789819376027,0.010838870959961297,,7.0,4.428571428571429,0.5809437702898967,,,,,,,,,,,18.0,2.4444444444444446,0.8787725120052977,1.0,33,18.060606060606062,0.7429759396302886,11.0,1.8181818181818181,0.8806247782114696,,50,5.28,1.163759640321143,33.0,2.303030303030303,1.3879669050454282,41,2.5121951219512195,0.8635293340333999,1.0,,,29,0.16853940810637533,0.38385192203933216,2.0,15.0,1.0,-1.0,0.07916717670587639,0.37768200122997136,61,3.5245901639344264,0.7281677220781443,0.31243912530209694,0.43964272194542814,52,2.0,,,0.4198895027624309,16.483185888738134,5.619402985074627,4518.0,12.337313432835822,7.614612181808891,17.64322150610583,20.725641791044808,17.009136137494348,11.0,6.008731551547686,0.027568812188943973,0.10448226950354611,0.7261418439716312,0.08000310026065632,195.0,33.0,15.145223788855159,1881.0,0.39676616915422885,12.146666666666667,804.0
corpora_selected_txt/KUK_1.0/data/FrBo/articles/TXT/orig_Změny v zákoně o EIA.txt,Fart_orig_06037,orig_Změny v zákoně o EIA,TXT,data/FrBo/articles/TXT,FrBo,FrBo_articles,6037,Změny v zákoně o EIA od 1. ledna 2018;Životní prostředí;Záměry ovlivňující životní prostředí/Záměry s negativním vlivem,False,,,,,normative,quasiobjective,False,individual,natural person,public,No,,bad,12.0,,2.0,808,1.422029702970297,0.5418288840431156,0.9993811881188119,0.010149244130630746,2.0,12.0,7.166666666666667,1.0756342481728953,,,,,,2.0,,,2.0,2.0,48.0,1.9166666666666667,1.1583405394673219,10.0,144,18.34722222222222,0.6573866422712267,98.0,3.673469387755102,1.8536415559502817,,273,3.0183150183150182,0.7604316798046847,117.0,3.213675213675214,1.7496994096555145,227,2.3612334801762116,1.0743495932965121,1.0,9.0,,136,0.1734634604797791,0.41512627943813346,12.0,44.0,1.2272727272727273,0.42552315900281684,0.08754459019146546,0.47028747715525154,330,2.93030303030303,1.0169153526404289,0.3102502557280863,0.44522106321163346,249,6.0,,,0.4323308270676692,15.516763888888889,5.4375,18705.0,11.45904069767442,8.350454939658743,16.974058559431526,24.394516149870782,16.799741602067183,24.0,5.913507271342115,0.02738749722086898,0.09290631547440886,0.7001257108650105,0.07946661209333084,407.0,144.0,15.011596993126766,7889.0,0.23430232558139535,11.537790697674419,3440.0
corpora_selected_txt/KUK_1.0/data/FrBo/articles/TXT/orig_O čem může rozhodovat starosta_final BEZ INFOGRAFIKY.txt,Fart_orig_06056,orig_O čem může rozhodovat starosta_final BEZ INFOGRAFIKY,TXT,data/FrBo/articles/TXT,FrBo,FrBo_articles,6056,O čem může rozhodovat starosta?,False,medium,,,,normative,quasiobjective,False,individual,natural person,public,No,,bad,7.0,,1.0,811,1.2860665844636252,0.44360205925129437,1.0,-1.0,1.0,11.0,4.181818181818182,0.583969857056724,,,,2.0,,1.0,,4.0,4.0,,89.0,1.6292134831460674,0.5581347784113961,7.0,255,10.462745098039216,0.7658254709817217,48.0,1.7916666666666667,0.6709374573517396,,309,2.6116504854368934,0.6535851095100137,230.0,1.7826086956521738,0.7256038265527341,246,1.6910569105691058,0.7012391562833863,,1.0,,218,0.2444603460254391,0.3945094509572765,7.0,69.0,1.289855072463768,0.4225824622267751,0.12031337861574244,0.5504111267889956,376,2.5345744680851063,0.7440190387953483,0.3512752528359554,0.45368225893621394,105,1.0,,,0.6253071253071253,8.578875828810432,5.403760071620412,18108.0,10.312772306774095,8.098425734575272,11.078119227469408,44.35980482505221,12.6128399171889,24.0,5.792810651265761,0.029594348637565528,0.12279212792127925,0.6666728167281673,0.08671647687936976,358.0,256.0,12.005138772835267,7582.0,0.22649955237242614,7.748031496062992,3351.0
corpora_selected_txt/KUK_1.0/data/FrBo/articles/TXT/orig_Jaké jsou povinnosti veřejných funkcionářů (střet zájmů).txt,Fart_orig_06065,orig_Jaké jsou povinnosti veřejných funkcionářů (střet zájmů),TXT,data/FrBo/articles/TXT,FrBo,FrBo_articles,6065,Jaké jsou povinnosti veřejných funkcionářů? (střet zájmů),False,high,,,,normative,quasiobjective,False,individual,natural person,public,No,,good,8.0,1.0,1.0,317,1.391167192429022,0.5595722318017211,0.9986292624305243,0.014163264028684416,,4.0,2.75,0.5454545454545454,,,,,,,,,,,21.0,2.619047619047619,1.0419942735522603,2.0,70,14.857142857142858,0.7213201220423935,8.0,1.875,0.5285499781147279,,97,2.783505154639175,0.8316593268518326,61.0,2.0163934426229506,0.8707945847605787,69,2.608695652173913,1.0604868471325688,,1.0,,57,0.19117411468294565,0.4566801280926827,2.0,15.0,1.2,0.4671765921511567,0.08095801658495157,0.6639123051879193,127,2.921259842519685,0.7853638781197708,0.3102331600387474,0.3973845512592672,64,1.0,,,0.4065281899109792,13.683516197975251,5.6141732283464565,7843.0,12.053543307086612,7.9926056635395835,15.362602617854584,28.020057286021057,15.828240106350343,14.0,5.956016765832502,0.02484750224209274,0.09776579352850534,0.714522342064715,0.07414977844340855,267.0,70.0,14.431513636033674,3270.0,0.34144595561918395,11.904411764705882,1397.0
corpora_selected_txt/KUK_1.0/data/FrBo/articles/TXT/orig_Jak řešit lavinovitou černou skládku úprava svépomoc 2021.txt,Fart_orig_06078,orig_Jak řešit lavinovitou černou skládku úprava svépomoc 2021,TXT,data/FrBo/articles/TXT,FrBo,FrBo_articles,6078,Jak řešit lavinovitou černou skládku?;Životní prostředí;Odpady,False,,,,,normative,quasiobjective,False,individual,natural person,public,No,,bad,3.0,,,428,1.397196261682243,0.4442022502886142,1.0,-1.0,,6.0,3.5,0.34992710611188255,,,,,3.0,,,1.0,2.0,,53.0,1.8113207547169812,0.5198949880611576,5.0,118,10.711864406779661,0.6279749403891431,33.0,1.606060606060606,0.46540614906602346,,179,2.569832402234637,0.7366372935446717,106.0,1.6886792452830188,0.8022852473251955,111,1.9639639639639639,0.9080603573370263,,,,106,0.2547374572740934,0.37274304463726216,3.0,28.0,1.1785714285714286,0.4649391553618819,0.09437960053976198,0.607959531499099,204,2.3480392156862746,0.6618701657342957,0.32000077417054207,0.4031608487830574,73,4.0,,,0.5468085106382978,8.94807160001789,5.311649911295092,8982.0,10.052099349497341,7.806471527462169,11.23358905525545,45.39427290798048,11.361147747094106,17.0,5.815676291646761,0.02453945204172852,0.13013819095477386,0.6694221105527638,0.06337177669246125,275.0,119.0,11.24201780397889,3747.0,0.29509166173861623,7.59765625,1691.0
corpora_selected_txt/KUK_1.0/data/FrBo/articles/TXT/orig_Obecně závazné vyhlášky Co mohou regulovat a jak se liší od nařízení_final.txt,Fart_orig_06093,orig_Obecně závazné vyhlášky Co mohou regulovat a jak se liší od nařízení_final,TXT,data/FrBo/articles/TXT,FrBo,FrBo_articles,6093,Obecně závazné vyhlášky: Co mohou regulovat a jak se liší od nařízení?;Fungování obcí a úřadů;Normotvorba obce a kraje,True,high,,,,normative,quasiobjective,False,individual,natural person,public,No,,good,6.0,,,378,1.3492063492063493,0.47356214313600165,0.9995590828924161,0.008576189719992754,,9.0,2.5555555555555554,0.34509799709538147,,,,1.0,,,,,,,42.0,2.0476190476190474,0.5903228363044571,,118,11.5,0.8961921070637239,13.0,2.6153846153846154,1.163283940878133,,108,3.111111111111111,0.9294439774351866,93.0,1.8494623655913978,1.0145209408563842,86,2.2093023255813953,1.2595780024824283,,2.0,,71,0.21328187050018035,0.40529201235311746,1.0,16.0,1.1875,0.3394634841388863,0.09365189344968756,0.5348352943108602,119,3.3781512605042017,0.6839815489831481,0.327683096871497,0.4107979815304081,88,1.0,,,0.44938271604938274,8.855062231216799,5.191159586681975,9043.0,9.561136624569459,8.231232824872565,10.157777792912874,53.75117170989901,11.990044562065812,16.0,5.972771214535097,0.03007914629311256,0.08331710286062077,0.7213451004260499,0.08962153556124892,381.0,118.0,11.69014675902249,3600.0,0.35074626865671643,11.922651933701658,1742.0
corpora_selected_txt/KUK_1.0/data/FrBo/articles/TXT/orig_Jak namítat podjatost_final.txt,Fart_orig_06105,orig_Jak namítat podjatost_final,TXT,data/FrBo/articles/TXT,FrBo,FrBo_articles,6105,Jak namítat podjatost?,False,medium,,,,normative,quasiobjective,False,individual,natural person,public,No,,bad,1.0,,,160,1.3625,0.4315663214741841,1.0,-1.0,,4.0,5.0,0.4320493798938574,,,,,,,,,,,18.0,2.388888888888889,0.9096561495631603,3.0,48,10.25,0.6327476491500419,13.0,1.6923076923076923,0.5051388811566562,,62,2.5161290322580645,0.704155008797319,41.0,1.7073170731707317,0.9283516223359969,39,2.3333333333333335,0.9498713802919553,,,,43,0.253519337210372,0.346359591767049,3.0,10.0,1.3,0.3715737627228061,0.101330789093947,0.357550597463292,77,2.3376623376623376,0.5663663061328306,0.32149697344502537,0.4391190948408119,31,2.0,,,0.5963855421686747,9.530534875328083,5.639370078740157,3581.0,11.44314960629921,7.360438603198483,12.462897375328083,35.19214829396324,13.606627296587925,11.0,5.929182703555656,0.027801184134988655,0.12591417910447766,0.7080970149253731,0.0860191547956664,167.0,48.0,12.602617957971052,1528.0,0.42992125984251967,7.408163265306122,635.0
corpora_selected_txt/KUK_1.0/data/FrBo/articles/TXT/orig_Co musí obshaovat podání podle správního řádu_final.txt,Fart_orig_06118,orig_Co musí obshaovat podání podle správního řádu_final,TXT,data/FrBo/articles/TXT,FrBo,FrBo_articles,6118,Co musí obsahovat podání podle správního řádu?,False,high,,,,normative,quasiobjective,False,individual,natural person,public,No,,good,1.0,,,167,1.4610778443113772,0.44284897960335534,1.0,-1.0,,1.0,2.0,,,,,,,,,,,,15.0,1.6,0.5175491695067655,2.0,53,9.320754716981131,0.5461591789821872,18.0,2.388888888888889,0.5002464954070998,,60,3.05,0.8860071027783891,46.0,1.6521739130434783,0.6407713111491115,39,1.358974358974359,0.7059465510034438,1.0,,,51,0.24888246674954964,0.3340890309205233,3.0,15.0,1.1333333333333333,0.3104698017127927,0.1069530128740655,0.4553626607238078,81,2.197530864197531,0.6452327290106588,0.3017619383360124,0.3264321142138887,76,,,,0.453551912568306,8.20344305929919,5.372023809523809,3610.0,10.092857142857143,7.095130733527224,11.57849474955076,40.185986410602,11.440745732255166,8.0,5.643057917192305,0.020396606899334882,0.14239092495636996,0.6257242582897034,0.057529931463157914,143.0,53.0,11.246162497289625,1573.0,0.375,9.585365853658537,672.0
corpora_selected_txt/KUK_1.0/data/FrBo/articles/TXT/orig_Jak můžete kontrolovat hospodaření obce_final.txt,Fart_orig_06177,orig_Jak můžete kontrolovat hospodaření obce_final,TXT,data/FrBo/articles/TXT,FrBo,FrBo_articles,6177,Jak můžete kontrolovat hospodaření obce?,False,high,,,,normative,quasiobjective,False,individual,natural person,public,No,,good,6.0,,,518,1.3397683397683398,0.44793578248662375,1.0,-1.0,,15.0,3.1333333333333333,0.5098778532242427,,,,,,3.0,1.0,,4.0,,80.0,1.85,0.5646357327867356,8.0,149,10.590604026845638,0.7015524629105935,34.0,2.735294117647059,0.8878305958995102,,196,2.739795918367347,0.6733797783411408,144.0,1.6597222222222223,0.7376229077576593,135,1.962962962962963,0.8810638410018639,,,,132,0.2481722887169064,0.3468853620678441,2.0,28.0,1.2142857142857142,0.41067393653346423,0.09449174989588524,0.3664447617984752,220,2.7045454545454546,0.6329683228678239,0.3439122031492915,0.4201499098125708,100,3.0,1.0,,0.6135084427767354,9.672914013146872,5.5952031326480665,11431.0,11.311600587371514,8.161593541248996,12.015973512435654,39.1359062603685,12.86586576524193,18.0,5.925981918161195,0.01978021700029672,0.11362654320987653,0.7077006172839506,0.06147318938650729,351.0,149.0,12.216140772440717,4760.0,0.30298580518844836,7.2024539877300615,2043.0
corpora_selected_txt/KUK_1.0/data/FrBo/articles/TXT/orig_Registr smluv - kontrolujte nakládání s veřejnými prostředky_final.txt,Fart_orig_06234,orig_Registr smluv - kontrolujte nakládání s veřejnými prostředky_final,TXT,data/FrBo/articles/TXT,FrBo,FrBo_articles,6234,Registr smluv: kontrolujte nakládání s veřejnými prostředky,False,high,,,,normative,quasiobjective,False,individual,natural person,public,No,,good,,1.0,1.0,398,1.3391959798994975,0.3844024191963949,1.0,-1.0,,6.0,2.3333333333333335,0.2213133340689952,,,,,,3.0,,,1.0,,38.0,1.8421052631578947,0.7086573618336092,2.0,98,11.091836734693878,0.6755482908936399,22.0,1.9545454545454546,0.6787010330977102,,148,2.8783783783783785,0.9674083572037514,96.0,1.9270833333333333,1.3806400990689525,92,1.7608695652173914,0.7260470007574277,,5.0,,88,0.24091192396186994,0.4320106276209049,,22.0,1.2272727272727273,0.4305591113239984,0.10716947194219921,0.4776584935182719,173,2.393063583815029,0.6662806676481652,0.3171778063459196,0.3975649973641466,56,1.0,,,0.5024509803921569,10.735332045394635,5.661454792658056,8328.0,11.803467029231816,7.858113905963162,12.987544055827627,34.947728034517695,13.50918020505279,16.0,5.799728463718821,0.026173002321829536,0.12443148688046657,0.672740524781341,0.07331415416151768,299.0,98.0,12.716181933518666,3475.0,0.33650577838205303,8.406862745098039,1471.0
corpora_selected_txt/KUK_1.0/data/FrBo/articles/TXT/orig_Jak právo chrání kulturní památky.txt,Fart_orig_06249,orig_Jak právo chrání kulturní památky,TXT,data/FrBo/articles/TXT,FrBo,FrBo_articles,6249,Jak právo chrání kulturní památky,False,high,,,,normative,quasiobjective,False,individual,natural person,public,No,,good,6.0,,2.0,356,1.5898876404494382,0.5486566546992093,0.9990636704119851,0.012486279040446423,,10.0,5.3,0.7062531843335746,,,,,,,1.0,1.0,1.0,,14.0,3.2142857142857144,1.359822344689485,7.0,99,9.878787878787879,0.7318569684216836,14.0,2.2142857142857144,0.5366575078364241,1.0,116,2.6551724137931036,1.139223472454096,70.0,1.542857142857143,0.6951552990829776,80,2.3,1.0748361113972544,,1.0,,78,0.18089841073251936,0.3368843936973634,1.0,18.0,1.1666666666666667,0.44099636179502266,0.08674337111598744,0.6770835328296332,130,2.976923076923077,0.5618876487802303,0.32333609543473174,0.37541519801554746,43,5.0,,,0.30892448512585813,11.37821377641966,5.937675070028011,8479.0,13.024299719887951,7.819778380301073,13.856962503183087,27.93373109243697,14.705271199388847,15.0,5.885163774403092,0.027782433715318373,0.10980436418359674,0.6917456734386757,0.08983629023538503,304.0,99.0,13.383793397009324,3557.0,0.3396358543417367,12.037313432835822,1428.0
corpora_selected_txt/KUK_1.0/data/FrBo/articles/TXT/orig_Jaké právní nástroje můžete využít pro ochranu půdy.txt,Fart_orig_06265,orig_Jaké právní nástroje můžete využít pro ochranu půdy,TXT,data/FrBo/articles/TXT,FrBo,FrBo_articles,6265,Jaké právní nástroje můžete využít pro ochranu půdy?,False,medium,,,,normative,quasiobjective,False,individual,natural person,public,No,,bad,5.0,,,228,1.5657894736842106,0.539546458059987,0.9993734335839599,0.009466877034822237,,5.0,4.0,0.5863019699779287,,,,,,,1.0,,1.0,,5.0,1.2,0.37267799624996495,3.0,51,12.588235294117647,0.7454054685898948,20.0,1.65,0.7429204474001514,,63,3.142857142857143,0.7491664255987904,29.0,1.793103448275862,0.6891717743589905,56,2.607142857142857,0.9939786989341025,,,,37,0.17351777641739277,0.4150116869330855,4.0,10.0,1.5,0.47140452079103173,0.1037284834188859,0.5094217793413512,72,3.6527777777777777,0.6352735400540671,0.3603468635218506,0.4009462856877723,55,1.0,,,0.3106796116504854,11.451763900080579,5.4840182648401825,4804.0,11.209817351598174,7.6842462812902905,13.494620870265912,35.54265350523772,14.952780016116037,11.0,5.845020035546126,0.022525946179962026,0.10680823680823681,0.6894594594594594,0.05036156743775741,240.0,51.0,13.771669155767515,2010.0,0.4212328767123288,15.619047619047619,876.0
corpora_selected_txt/KUK_1.0/data/FrBo/articles/TXT/orig_pravni_nastroje_ochrany_ovzdusi.txt,Fart_orig_06288,orig_pravni_nastroje_ochrany_ovzdusi,TXT,data/FrBo/articles/TXT,FrBo,FrBo_articles,6288,Právní nástroje ochrany ovzduší,False,medium,,,,normative,quasiobjective,False,individual,natural person,public,No,,bad,5.0,,,291,1.5463917525773196,0.5735439335204939,0.9988545246277206,0.013809085995009815,,6.0,4.666666666666667,0.7128557114214085,,,,,2.0,,,,5.0,,21.0,1.7142857142857142,0.8874119674649427,3.0,76,11.907894736842104,0.8156011213189889,18.0,2.7222222222222223,0.8980955915163432,,94,3.4468085106382977,0.7364437961066078,59.0,2.440677966101695,1.1032664285989093,68,2.411764705882353,0.8809864702232078,,2.0,,54,0.19339754027309897,0.4930128677040861,7.0,12.0,1.3333333333333333,0.48850421045919723,0.12493069795701374,0.6816232141729676,100,3.81,0.6092280090482479,0.364791162753267,0.3969723593298319,78,3.0,,,0.38636363636363635,12.237955474720437,5.894175553732568,7185.0,13.019524200164073,8.175418723686137,14.424146496265273,27.089928630024588,14.783303829713743,13.0,6.032101666093235,0.021970652205843336,0.08716071428571426,0.7395357142857143,0.06938077107604453,316.0,76.0,13.593352965767739,3000.0,0.41263330598851516,11.483050847457626,1219.0
corpora_selected_txt/KUK_1.0/data/FrBo/articles/TXT/orig_Shromáždění jak zajistit řádný průběh a kdy může být rozpuštěno.txt,Fart_orig_06326,orig_Shromáždění jak zajistit řádný průběh a kdy může být rozpuštěno,TXT,data/FrBo/articles/TXT,FrBo,FrBo_articles,6326,Shromažďovací právo,False,high,,,,normative,quasiobjective,False,individual,natural person,public,No,,good,2.0,,,597,1.2948073701842546,0.4198252237516664,1.0,-1.0,,8.0,5.5,0.9219864597038363,,1.0,,1.0,,,,1.0,7.0,,77.0,2.207792207792208,0.7505343206856326,12.0,195,10.317948717948719,0.8735501314879798,57.0,2.1403508771929824,0.6920805630968181,1.0,240,2.5166666666666666,0.7650254337747148,196.0,1.780612244897959,0.7098859743567294,161,1.9006211180124224,0.7375519076228615,,1.0,,157,0.2430458215473545,0.3704231993429376,1.0,41.0,1.4878048780487805,0.5444252175663535,0.1425356937901301,0.5307515323381703,290,2.2448275862068967,0.6480491536239833,0.31684705961855014,0.3683274097284807,235,1.0,,,0.631911532385466,9.143276671389401,5.678701825557809,13998.0,11.48101419878296,7.9481380822339025,11.72657641554629,38.63168011456881,13.814814437298054,19.0,5.724864492794788,0.043907519491401883,0.09250211327134406,0.6372823330515638,0.1267037474869005,334.0,199.0,12.59179231398473,5851.0,0.25557809330628806,7.2556390977443606,2465.0
corpora_selected_txt/KUK_1.0/data/FrBo/articles/TXT/orig_Trestní odpovědnost právnických osob.txt,Fart_orig_06367,orig_Trestní odpovědnost právnických osob,TXT,data/FrBo/articles/TXT,FrBo,FrBo_articles,6367,Trestní odpovědnost právnických osob,False,high,,,,normative,quasiobjective,False,individual,natural person,public,No,,good,10.0,,1.0,384,1.5078125,0.45965768310750965,0.9991319444444445,0.012022854330146398,,8.0,7.5,1.4830256502721317,,,,,,,,,1.0,,23.0,1.3043478260869565,0.5388914922357193,2.0,100,12.44,0.6375127882484573,18.0,2.388888888888889,0.6115048796179662,,130,2.8,0.6295220838901231,54.0,2.074074074074074,0.680899326591977,103,1.5242718446601942,0.5576218231374094,,1.0,,80,0.2286674155806105,0.47709944969063617,6.0,27.0,1.2962962962962963,0.41788884072503285,0.09097344927238288,0.3988504014018882,159,2.547169811320755,0.7785703549947943,0.281298493596306,0.3563549724879745,89,,2.0,,0.3614931237721022,11.795345988538678,5.5306590257879655,9651.0,11.45512893982808,7.853108375709945,13.150434383954149,38.39700687679084,13.031575931232092,17.0,5.7623559641174795,0.03015683527096511,0.11379708383961118,0.6584386391251519,0.08292580426237055,320.0,100.0,12.411214026448931,3911.0,0.3123209169054441,10.890710382513662,1745.0
corpora_selected_txt/KUK_1.0/data/FrBo/articles/TXT/orig_Obecní a krajská periodika.txt,Fart_orig_06394,orig_Obecní a krajská periodika,TXT,data/FrBo/articles/TXT,FrBo,FrBo_articles,6394,Jaká pravidla platí pro periodika obcí a krajů?,False,high,,,,normative,quasiobjective,False,individual,natural person,public,No,,good,3.0,,,458,1.3842794759825328,0.46868730925157687,0.9993241838220005,0.010253000050076263,,6.0,5.666666666666667,1.174115289399967,,,,3.0,3.0,,,,1.0,1.0,46.0,2.4565217391304346,0.7367855294122114,3.0,128,11.4140625,0.7262593589269793,37.0,2.4594594594594597,1.1363402529128541,,158,3.069620253164557,0.7409794302631977,121.0,1.8264462809917354,0.7635041026559221,149,2.2885906040268456,0.9694888414691673,,,,113,0.21588915249541119,0.4246312709985955,7.0,24.0,1.3333333333333333,0.6123724356957946,0.11647967346980505,0.6741105716671876,198,2.813131313131313,0.739296348005578,0.3473451830592357,0.43095318122318543,101,,1.0,,0.4932301740812379,11.206643021226512,5.825130890052356,11126.0,12.546492146596856,8.055656685964491,13.947457790494742,28.03122996063152,16.54028166727546,18.0,5.889371165058667,0.0262914239045565,0.10400883489784651,0.6880839315295417,0.07837979075583038,299.0,129.0,14.454513314497003,4735.0,0.28900523560209423,8.708661417322835,1910.0
"corpora_selected_txt/KUK_1.0/data/FrBo/articles/TXT/orig_Vyvlastnění podle zákona o urychlení výstavby dopravní, vodní a energetické infrastruktury.txt",Fart_orig_06416,"orig_Vyvlastnění podle zákona o urychlení výstavby dopravní, vodní a energetické infrastruktury",TXT,data/FrBo/articles/TXT,FrBo,FrBo_articles,6416,"Vyvlastnění podle zákona o urychlení výstavby dopravní, vodní a energetické infrastruktury",False,medium,,,,normative,quasiobjective,False,individual,natural person,public,No,,bad,1.0,,1.0,181,1.4530386740331491,0.5912466700618634,0.9972375690607734,0.02139662162659112,,10.0,3.8,0.6422107093937939,,,,,1.0,,,,1.0,,4.0,2.25,0.8413197549333739,2.0,35,14.4,0.7545853536338111,4.0,3.0,0.9428090415820635,,41,3.0,0.9660917830792957,20.0,1.9,1.1314017770212312,39,2.4871794871794872,1.3073008765520437,,4.0,,27,0.16709277108457246,0.5407497060464457,2.0,7.0,1.2857142857142858,0.37951669503554064,0.11539694825298541,0.6942204531766547,56,3.892857142857143,0.7193971047062551,0.3576116097172575,0.3251923770806483,58,1.0,,,0.3,14.48947162977867,5.777464788732394,4102.0,12.844225352112675,7.544496747187163,15.997591146881284,24.310750503018113,16.33963782696177,11.0,5.894012754003954,0.0255114237488785,0.08749590834697218,0.6902454991816694,0.08420444236083666,191.0,35.0,14.796856082469326,1698.0,0.4309859154929577,15.808510638297872,710.0
corpora_selected_txt/KUK_1.0/data/FrBo/articles/TXT/orig_Jak se zapojit do povolování těžby - 2. díl (úpravy)_ k formálním úpravám.txt,Fart_orig_06420,orig_Jak se zapojit do povolování těžby - 2. díl (úpravy)_ k formálním úpravám,TXT,data/FrBo/articles/TXT,FrBo,FrBo_articles,6420,Jak se zapojit do povolování těžby? – 2. část,False,high,,,,normative,quasiobjective,False,individual,natural person,public,No,,good,21.0,,,786,1.4567430025445292,0.5214892477707054,0.9994168787107718,0.0095100393567954,,24.0,3.875,0.7583703241610048,,,,,,2.0,2.0,,9.0,1.0,29.0,2.103448275862069,0.5731009810830641,2.0,213,9.7981220657277,0.7084250960325816,46.0,2.217391304347826,1.0454493027025928,3.0,206,3.407766990291262,0.8781317077872006,115.0,2.026086956521739,1.1141619125477324,198,2.1717171717171717,1.0712112945931491,1.0,9.0,,165,0.17673479043431092,0.40009191196426774,6.0,27.0,1.4074074074074074,0.530951246827394,0.11044598930735841,0.5747814413286725,248,3.725806451612903,0.5968320841406436,0.35705536093658435,0.3383474790328666,278,7.0,,,0.32457293035479634,10.357200714593962,5.81665524331734,16973.0,12.321213159698425,8.188892154553153,13.063689729139693,31.62508534511207,14.039755794176632,21.0,5.900996775577228,0.0352666831794096,0.09779354380986172,0.6964668322100035,0.09672998205156551,374.0,216.0,12.885471636013051,7167.0,0.24297464016449624,13.394308943089431,2918.0
corpora_selected_txt/KUK_1.0/data/FrBo/articles/TXT/orig_Užívání dokončené stavby - kolaudace_akt2021.txt,Fart_orig_06582,orig_Užívání dokončené stavby - kolaudace_akt2021,TXT,data/FrBo/articles/TXT,FrBo,FrBo_articles,6582,Užívání dokončené stavby – kolaudace,False,medium,,,,normative,quasiobjective,False,individual,natural person,public,No,,bad,9.0,,1.0,401,1.428927680798005,0.42887432770678374,1.0,-1.0,,1.0,3.0,,,,,,,,,2.0,2.0,,15.0,1.6666666666666667,0.7050835816716038,2.0,104,9.788461538461538,0.7319574254118629,29.0,1.5172413793103448,0.6961958107082359,,122,2.3934426229508197,0.42485287100860286,78.0,1.564102564102564,0.8471197491811725,121,1.7685950413223142,0.8410661110184022,,6.0,,85,0.2235691013927931,0.3664287376925729,,22.0,1.4090909090909092,0.4189410696511432,0.11264412544806333,0.6285045552301498,166,2.572289156626506,0.6102942810360349,0.35118057536998004,0.3623465438204365,68,3.0,,,0.36895674300254455,10.103053935303109,5.823399558498896,7914.0,12.281309786607798,7.559854415952633,12.975765268579835,31.397999433972956,13.70374426897606,16.0,5.72646143348442,0.027750907251525268,0.13581746031746034,0.6474841269841269,0.0785335381990172,211.0,104.0,12.635684438814376,3359.0,0.3038999264164827,10.9375,1359.0
corpora_selected_txt/KUK_1.0/data/FrBo/articles/TXT/orig_Rozcestník obtěžování hlukem.txt,Fart_orig_06775,orig_Rozcestník obtěžování hlukem,TXT,data/FrBo/articles/TXT,FrBo,FrBo_articles,6775,Rozcestník obtěžování hlukem;Ochrana před hlukem;Hluk,False,,,,,normative,quasiobjective,False,individual,natural person,public,No,,bad,4.0,,,230,1.382608695652174,0.44919835682164216,1.0,-1.0,,11.0,4.181818181818182,0.4253320730920208,,,,2.0,,,1.0,,,,6.0,1.3333333333333333,0.38729833462074176,,82,6.7439024390243905,0.7931722461896574,10.0,1.7,0.39702856335914877,,45,2.4,0.5646353967943661,22.0,2.090909090909091,0.8071826269938736,36,1.9444444444444444,0.5207753806436592,,1.0,,41,0.19679593642951643,0.5936416843343705,,16.0,1.0,-1.0,0.09779964724817666,0.5189969181021825,52,3.076923076923077,0.7904608980667854,0.3444483873514595,0.49313249176673424,49,,,,0.24242424242424243,7.597817961242033,5.775032509752926,4441.0,11.192977893368008,7.352489341427952,10.6094358209902,40.61596875892036,10.981388562910338,10.0,6.0063748350932045,0.01698523167592387,0.1030746268656717,0.7330746268656716,0.050615577002738145,132.0,82.0,10.566915646099723,1863.0,0.34070221066319895,18.617021276595743,769.0
corpora_selected_txt/KUK_1.0/data/FrBo/articles/TXT/orig_Jak uspořádat veřejnou sbírku.txt,Fart_orig_06863,orig_Jak uspořádat veřejnou sbírku,TXT,data/FrBo/articles/TXT,FrBo,FrBo_articles,6863,Jak uspořádat veřejnou sbírku,False,high,,,,normative,quasiobjective,False,individual,natural person,public,No,,good,8.0,,,398,1.407035175879397,0.4568793658591106,0.9995812395309882,0.008357745011839125,,6.0,2.8333333333333335,0.720438159642111,,,,,1.0,1.0,,,2.0,,53.0,1.830188679245283,0.5940733475985138,1.0,125,9.08,0.7720155101552935,32.0,1.6875,0.5913966426498916,,119,2.5714285714285716,0.7654388486968577,97.0,1.711340206185567,0.791011110821017,76,2.039473684210526,0.9074396329664699,,3.0,,93,0.26011611494950665,0.4516811243948132,3.0,25.0,1.48,0.44134950320417626,0.12262129614451595,0.5243302947361854,153,2.392156862745098,0.7585388543182983,0.31017533611402187,0.41504114251928,65,2.0,,,0.4882075471698113,8.765777230769228,5.613412228796844,8538.0,11.132610124917816,7.782911651176699,11.106587481919785,42.44370031821171,11.205135568704799,16.0,5.805983383395756,0.030558636802657354,0.10948663853727147,0.6670956399437412,0.08563428756096458,251.0,125.0,11.06138757421212,3526.0,0.30177514792899407,8.70388349514563,1521.0
corpora_selected_txt/KUK_1.0/data/FrBo/articles/TXT/orig_Maření výkonu úředního rozhodnutí.txt,Fart_orig_06921,orig_Maření výkonu úředního rozhodnutí,TXT,data/FrBo/articles/TXT,FrBo,FrBo_articles,6921,Maření výkonu úředního rozhodnutí jako trestný čin,False,medium,,,,normative,quasiobjective,False,individual,natural person,public,No,,bad,6.0,,,104,1.6538461538461537,0.5379817415882194,1.0,-1.0,,,,,,,,,,,,,,1.0,6.0,1.6666666666666667,0.4898979485566356,2.0,27,12.703703703703704,0.8030029546574464,8.0,1.75,0.26452002850644324,,40,2.525,0.5228545866718946,22.0,1.5909090909090908,0.5708159981903866,32,1.78125,0.5473626166017896,,,,25,0.21531757101127139,0.36469242822946113,1.0,7.0,1.0,-1.0,0.06820243248814677,0.2602830071116605,47,2.74468085106383,0.7652599091597644,0.2902735663036084,0.35870593965250774,26,,,,0.3897058823529412,11.809691014354826,5.5610278372591,2597.0,11.583297644539615,7.202368062427168,14.035266793560151,32.08565683242128,13.342501387897535,9.0,5.976827308742875,0.03296698035769026,0.12649456521739133,0.7290217391304348,0.07915358512759792,148.0,27.0,12.650343791298138,1096.0,0.47109207708779444,9.903846153846153,467.0
corpora_selected_txt/KUK_1.0/data/FrBo/articles/TXT/orig_Jak dosáhnout změny dopravního značení.txt,Fart_orig_06948,orig_Jak dosáhnout změny dopravního značení,TXT,data/FrBo/articles/TXT,FrBo,FrBo_articles,6948,Jak dosáhnout změny dopravního značení,False,medium,,,,normative,quasiobjective,False,individual,natural person,public,No,,bad,,,,179,1.4692737430167597,0.5266561840389375,1.0,-1.0,,6.0,5.666666666666667,0.5543161877359881,,,,,,,1.0,,4.0,,13.0,2.076923076923077,1.5903659427103458,4.0,47,10.76595744680851,0.7378175276453618,6.0,1.8333333333333333,0.6376610151545521,,50,3.14,1.1107152340305435,31.0,1.7096774193548387,0.644167633611189,39,1.5384615384615385,0.5344697322925238,,1.0,,39,0.2210480655583143,0.5105163602871584,,8.0,1.125,0.3142696805273545,0.12941468253968252,0.8031659080358187,62,3.064516129032258,0.7353145759087054,0.32405444485870366,0.33518508033115796,46,2.0,,,0.3482587064676617,10.696386968085108,5.65625,3982.0,11.774999999999997,7.580317650015875,12.56789071566731,37.74602901353964,13.321034816247584,10.5,5.947300011521655,0.02395101876246221,0.10608264462809913,0.7128925619834711,0.07203042650061774,209.0,47.0,12.593451513678477,1632.0,0.4446022727272727,11.869565217391305,704.0
corpora_selected_txt/KUK_1.0/data/FrBo/articles/TXT/orig_Jak přimět nečinný úřad jednat_final.txt,Fart_orig_07008,orig_Jak přimět nečinný úřad jednat_final,TXT,data/FrBo/articles/TXT,FrBo,FrBo_articles,7008,Jak přimět nečinný úřad jednat?,False,high,,,,normative,quasiobjective,False,individual,natural person,public,No,,good,4.0,,,285,1.3473684210526315,0.40510412356553166,1.0,-1.0,1.0,1.0,4.0,,,,,,,,,,1.0,,44.0,1.5909090909090908,0.5305655121620477,4.0,77,10.623376623376624,0.6307250729822907,20.0,2.25,0.7881513725769098,,104,2.8076923076923075,0.7832738351113894,73.0,1.4657534246575343,0.6025642097783395,79,1.5822784810126582,0.6288124745940782,2.0,2.0,,68,0.2720372012825078,0.34039641889936956,1.0,26.0,1.3846153846153846,0.46027367060462177,0.11622036126531245,0.5843441109807382,128,2.421875,0.7116116527960964,0.3219358668238796,0.37221826296414035,77,,,,0.6202090592334495,7.8039282190167825,5.1032558139534885,5486.0,8.98353488372093,7.3037970122462665,10.631120529879304,48.370412893729764,11.43373564910215,13.0,5.786335314836251,0.02446379961507589,0.12172131147540988,0.6516393442622951,0.08118771823096746,168.0,79.0,11.284482372738239,2348.0,0.2827906976744186,6.88135593220339,1075.0
corpora_selected_txt/KUK_1.0/data/FrBo/articles/TXT/orig_Kdo_má_povinnost_poskytovat_informace_final.txt,Fart_orig_07031,orig_Kdo_má_povinnost_poskytovat_informace_final,TXT,data/FrBo/articles/TXT,FrBo,FrBo_articles,7031,Kdo má povinnost poskytovat informace?,False,high,,,,normative,quasiobjective,False,individual,natural person,public,No,,good,21.0,,,384,1.4348958333333333,0.48615083117232905,0.9991319444444445,0.012022854330146389,1.0,5.0,3.2,0.5590169943749473,,,,,,,,,5.0,,30.0,1.5333333333333334,0.5343308143869693,4.0,109,10.871559633027523,0.5988854161119395,21.0,2.0476190476190474,0.6456159095391634,,150,2.5733333333333333,0.6244075565614876,89.0,1.595505617977528,0.6729163770929892,128,1.71875,0.7114089453874446,,6.0,,93,0.2155672706565256,0.43190049234412087,4.0,20.0,1.25,0.3554093266554554,0.08748590440347406,0.6423789717492124,176,2.25,0.6710963942462889,0.2836702435265269,0.37424137542993824,20,,,,0.40425531914893614,11.119284287869476,5.803933620159803,9443.0,12.444867854947754,7.8563228704499855,13.212982008157791,33.00317406269207,14.299891601944461,16.0,5.794976523027093,0.028611804496827476,0.11031413612565444,0.6638023560209424,0.08718793125136687,258.0,110.0,13.187427743715652,3904.0,0.29256299938537184,10.116402116402117,1627.0
corpora_selected_txt/KUK_1.0/data/FrBo/articles/TXT/orig_Jak se zapojit do fungování městské části(1).txt,Fart_orig_07071,orig_Jak se zapojit do fungování městské části(1),TXT,data/FrBo/articles/TXT,FrBo,FrBo_articles,7071,Jak se zapojit do fungování městské části,False,high,,,,normative,quasiobjective,False,individual,natural person,public,No,,good,4.0,1.0,,728,1.489010989010989,0.4829231639101211,0.9997710622710623,0.006178492128798735,,8.0,4.5,0.6056756834393305,,,,,,,1.0,1.0,6.0,1.0,94.0,1.8085106382978724,0.6500980890553817,4.0,192,10.567708333333334,0.5948303504625839,17.0,2.3529411764705883,0.618465843842649,,221,3.02262443438914,0.7147691058301117,185.0,2.2054054054054055,0.8189336067528273,187,1.9839572192513368,0.7137360290926844,,1.0,,174,0.22258468072618787,0.34783892321337995,4.0,27.0,1.2222222222222223,0.524055776089376,0.09362123896437621,0.6469081939238845,286,2.937062937062937,0.6618283674803841,0.3191804851924821,0.3527959838284397,113,1.0,,,0.4856115107913669,10.183676159688012,5.54679802955665,15764.0,11.237790288529206,7.763771148152107,11.758532664790053,42.92634594182499,11.95883474079287,24.0,5.699905104441867,0.030248007891141074,0.1447247539190667,0.6335763762304046,0.08853453210551329,301.0,192.0,11.668413689123383,6365.0,0.21569317382125264,7.9183168316831685,2842.0
corpora_selected_txt/KUK_1.0/data/FrBo/articles/TXT/orig_Politické nástroje občana_final.txt,Fart_orig_07106,orig_Politické nástroje občana_final,TXT,data/FrBo/articles/TXT,FrBo,FrBo_articles,7106,Politické nástroje občana: Jak efektivně upozornit na problém nebo prosadit jeho řešení?,False,high,,,,normative,quasiobjective,False,individual,natural person,public,No,,good,1.0,,,283,1.3286219081272084,0.42623577812718033,1.0,-1.0,,8.0,2.75,0.6372906050070285,,,,1.0,,,1.0,,1.0,,61.0,2.5081967213114753,0.7894485148022382,5.0,87,13.022988505747126,0.5139024219994195,23.0,2.0,0.543557306504609,,132,2.5757575757575757,0.8128436241917998,98.0,1.7857142857142858,0.7847831140400985,72,2.4305555555555554,0.7558863572724831,1.0,1.0,,85,0.2584194735896112,0.3299877538950018,1.0,21.0,1.3333333333333333,0.4330127018922194,0.09324173734683705,0.5096781423360883,159,2.1320754716981134,0.637864772334552,0.2750934850765766,0.41365319718255417,57,4.0,,,0.6191709844559585,10.888071140534706,5.42196132596685,7851.0,10.864848066298341,7.907198725715042,13.208323831523462,36.496424811075144,13.86741601574903,15.0,5.935467016939914,0.018690336541416726,0.11789473684210527,0.7081319495922905,0.058817810852307494,286.0,87.0,13.023866798666859,3321.0,0.3356353591160221,6.857142857142857,1448.0
corpora_selected_txt/KUK_1.0/data/FrBo/articles/TXT/orig_Ekologický spolek jako žalobce – kdy se bránit u soudu_final.txt,Fart_orig_07138,orig_Ekologický spolek jako žalobce – kdy se bránit u soudu_final,TXT,data/FrBo/articles/TXT,FrBo,FrBo_articles,7138,Ekologický spolek jako žalobce – kdy se bránit u soudu?,False,high,,,,normative,quasiobjective,False,individual,natural person,public,No,,good,10.0,,,348,1.3994252873563218,0.4904759388644197,1.0,-1.0,1.0,4.0,3.0,0.2721655269759087,,,,,,,,1.0,,,48.0,2.0208333333333335,0.9438265113370502,1.0,87,11.758620689655173,0.5713711409244614,21.0,2.142857142857143,0.9131143289740763,,113,3.0265486725663715,0.7015437584213092,75.0,1.8,0.591904004337148,103,1.9611650485436893,0.6770715152475139,,2.0,,78,0.22475570144673554,0.33483002036178744,7.0,17.0,1.2941176470588236,0.362925441424348,0.10523576263878576,0.47287623587298444,156,2.4358974358974357,0.5938655215678768,0.30899642610615463,0.40249659485649364,64,4.0,,,0.5316091954022989,9.911469787697332,5.407185628742515,7224.0,10.629940119760482,7.762137300924917,12.460960125204135,38.85348502994012,12.300272182906916,14.0,5.931941982146714,0.01818884985373593,0.13288601455133386,0.7029830234438157,0.058412317573101856,217.0,88.0,11.911945987284739,3066.0,0.31511976047904194,8.21195652173913,1336.0
corpora_selected_txt/KUK_1.0/data/FrBo/articles/TXT/orig_Veřejné prostranství.txt,Fart_orig_07158,orig_Veřejné prostranství,TXT,data/FrBo/articles/TXT,FrBo,FrBo_articles,7158,Veřejné prostranství: co to je a jak ho využít?,False,high,,,,normative,quasiobjective,False,individual,natural person,public,No,,good,1.0,,1.0,190,1.5421052631578946,0.48371202937514807,0.9992481203007519,0.010371744734454647,,2.0,3.5,0.6060915267313264,,,,1.0,,,,,,,14.0,1.7857142857142858,0.5459783033164483,2.0,50,10.76,0.6671610745624852,18.0,1.9444444444444444,0.5134446904780222,1.0,58,3.3275862068965516,0.9273496654230059,38.0,1.5789473684210527,0.6524152402003235,60,2.3666666666666667,1.17201437314868,,,,44,0.2268594599063569,0.35901923911940237,,10.0,1.5,0.47140452079103173,0.09205409356725146,0.331322396061244,77,2.6623376623376624,0.7352605212201565,0.3006591325700348,0.3461835043700499,23,,,,0.4028436018957346,10.633062100311822,5.712938005390836,4239.0,11.985040431266844,7.1699512627228685,12.109461894191636,40.0643222345542,11.587801913218117,9.0,5.738730770448368,0.03591382940191957,0.11993779160186624,0.6490824261275272,0.10221521234357815,165.0,51.0,11.403790077722121,1701.0,0.3692722371967655,10.0,742.0
corpora_selected_txt/KUK_1.0/data/FrBo/articles/TXT/orig_Jak se zapojit do zasedání zastupitelstva.txt,Fart_orig_07205,orig_Jak se zapojit do zasedání zastupitelstva,TXT,data/FrBo/articles/TXT,FrBo,FrBo_articles,7205,Jak se zapojit na zasedání zastupitelstva,False,medium,,,,normative,quasiobjective,False,individual,natural person,public,No,,bad,,,,315,1.3428571428571427,0.4954138267229305,0.9994708994708994,0.009395574033509184,,2.0,3.5,0.6060915267313264,,,,,,,,2.0,3.0,,29.0,1.7241379310344827,0.6557656375783741,1.0,79,12.582278481012658,0.7122974697766835,28.0,2.0357142857142856,0.5427791148276911,,97,2.9278350515463916,0.8089255501029355,71.0,2.0422535211267605,1.0151567518603373,76,2.4342105263157894,0.6819476826201701,,2.0,,70,0.2289450405518448,0.4533813611383674,2.0,20.0,1.2,0.43595696981716414,0.08943858021063904,0.48564521293419033,121,3.1983471074380163,0.7182371074419445,0.35417270851190946,0.3853791681217514,73,4.0,,,0.599290780141844,12.250525927773342,5.962490023942538,7471.0,13.29768555466879,7.687738316138518,13.98995411013567,29.34172936951316,15.012007182761373,15.0,5.810290371843044,0.02520475714428316,0.11626516464471404,0.6650433275563258,0.07195174046551184,268.0,80.0,13.70153986740998,3051.0,0.34317637669592976,8.648809523809524,1253.0
corpora_selected_txt/KUK_1.0/data/FrBo/articles/TXT/orig_Neinformování o zahájení řízení podle § 70 ZOPK.txt,Fart_orig_4CAd1,orig_Neinformování o zahájení řízení podle § 70 ZOPK,TXT,data/FrBo/articles/TXT,FrBo,FrBo_articles,,Neinformování o zahájeném správním řízení podle § 70 zákona o ochraně přírody a krajiny,False,medium,,,,normative,quasiobjective,False,individual,natural person,public,No,,bad,,,,141,1.3687943262411348,0.4401762755328749,1.0,-1.0,,4.0,5.0,0.5416025603090641,,,,,,3.0,,,,,8.0,2.25,0.3939578935235193,2.0,26,18.03846153846154,0.7284832837287601,16.0,2.1875,0.5834917180509193,,38,3.210526315789474,0.7771140484674603,17.0,2.9411764705882355,1.3730622709840947,40,1.925,0.669484726382275,,2.0,,23,0.1884450763430896,0.4858001216349903,1.0,7.0,1.0,-1.0,0.05614694390341949,0.17807142480685112,53,3.3773584905660377,0.7464073454590688,0.3418884984307462,0.438208443555245,56,,,,0.4015151515151515,14.646719797635015,5.134706814580031,3240.0,10.05467511885895,7.076318601583237,15.448274167987321,35.49307436303792,15.286139217359503,11.0,5.783870747223336,0.020687632483547085,0.07703007518797,0.6575,0.06697737991512581,133.0,26.0,13.639024540459548,1328.0,0.3692551505546751,13.153846153846153,631.0
corpora_selected_txt/KUK_1.0/data/FrBo/articles/TXT/orig_Mohou spolky ve správních žalobách používat věcné argumenty_final.txt,Fart_orig_5938b,orig_Mohou spolky ve správních žalobách používat věcné argumenty_final,TXT,data/FrBo/articles/TXT,FrBo,FrBo_articles,5938b,Mohou spolky ve správních žalobách používat věcné argumenty?,False,medium,,,,normative,quasiobjective,False,individual,natural person,public,No,,bad,2.0,,1.0,305,1.4098360655737705,0.44521471338564045,1.0,-1.0,1.0,5.0,3.0,0.40824829046386296,,,,,,1.0,,,1.0,,41.0,1.7560975609756098,0.813134842203271,3.0,76,13.736842105263158,0.6179733382709628,25.0,1.52,0.5411825736514503,,114,3.8508771929824563,0.9876178035954463,72.0,2.0694444444444446,1.1010975821150064,98,2.13265306122449,0.9320719913301393,1.0,,,65,0.21576994396027563,0.382017978870571,2.0,22.0,1.4545454545454546,0.5502975385665294,0.09464382620694188,0.5421650999230372,143,2.3986013986013988,0.6491625625503638,0.29136774658679226,0.4796691771784293,59,1.0,,,0.4394736842105263,12.341099739143779,5.575801749271137,7650.0,11.722011661807576,7.792850035332119,14.056184747583245,33.356306122448984,14.538836888138716,16.0,5.965524906855239,0.023280987777577592,0.11010997643362141,0.7186724273369992,0.06782520490588086,225.0,76.0,13.510955990900158,3164.0,0.3104956268221574,9.55421686746988,1372.0
corpora_selected_txt/KUK_1.0/data/FrBo/articles/TXT/orig_Jak se zapojit do procesu přijímání plánů povodí.txt,Fart_orig_8KpaB,orig_Jak se zapojit do procesu přijímání plánů povodí,TXT,data/FrBo/articles/TXT,FrBo,FrBo_articles,,Jak se zapojit do procesu přijímání plánů povodí?,False,high,,,,normative,quasiobjective,False,individual,natural person,public,No,,good,1.0,,,108,1.5277777777777777,0.5621242082941462,0.9986772486772487,0.013764642179355307,,2.0,3.5,0.20203050891044216,,,,,,,,,1.0,,4.0,1.5,0.6666666666666666,1.0,31,10.838709677419354,0.45455370556140773,3.0,1.3333333333333333,0.4330127018922194,1.0,33,3.6666666666666665,0.7269175268963399,16.0,1.75,0.6083321684827167,28,2.7142857142857144,0.9345021920672831,,,,28,0.16162181072895357,0.47358632705617165,1.0,,,,,,40,3.325,0.715568136366972,0.36162706445601184,0.43757646746224954,25,,,,0.38181818181818183,9.90681966487045,5.592677345537758,2444.0,11.356750572082381,6.677214253184516,12.150125784306486,38.942539086144535,12.686764597327823,7.5,5.572771989418101,0.04065866718728186,0.09156804733727808,0.6238165680473373,0.07983130989954086,123.0,31.0,12.132560248793954,1015.0,0.4279176201372998,11.926829268292684,437.0
corpora_selected_txt/KUK_1.0/data/FrBo/articles/TXT/orig_financovani_politickych_stran.txt,Fart_orig_9hMND,orig_financovani_politickych_stran,TXT,data/FrBo/articles/TXT,FrBo,FrBo_articles,,Financování politických stran,False,medium,,,,normative,quasiobjective,False,individual,natural person,public,No,,bad,8.0,2.0,1.0,241,1.5477178423236515,0.5136853287954565,0.9993084370677732,0.010743373492221472,,8.0,2.75,0.4236235436441582,,,,,1.0,1.0,1.0,,1.0,,20.0,2.0,0.777986605215499,,59,13.440677966101696,0.6696477307142386,10.0,2.5,0.6036923425424944,,75,3.3066666666666666,0.6761814960603149,47.0,2.4893617021276597,0.8201527452208732,78,2.4615384615384617,0.9159038541953352,,5.0,,49,0.16803300778882202,0.4359135654622235,2.0,9.0,1.3333333333333333,0.5303300858899106,0.09039452263136474,0.6490824868420938,86,3.4767441860465116,0.6788228619840966,0.3088690102637543,0.41880450279521525,63,,,,0.3411371237458194,13.295155952380952,5.730357142857143,6418.0,12.500535714285713,7.677678341988856,14.417420238095232,32.04411904761906,14.68095238095238,14.0,5.8191016933427155,0.026771507642812054,0.11370225269343781,0.6660822722820764,0.09033775281185079,226.0,60.0,13.611120272829087,2588.0,0.3464285714285714,11.94059405940594,1120.0
corpora_selected_txt/KUK_1.0/data/FrBo/articles/TXT/orig_Řešení střetu zájmů při povolování těžby_k úpravám.txt,Fart_orig_BxqFg,orig_Řešení střetu zájmů při povolování těžby_k úpravám,TXT,data/FrBo/articles/TXT,FrBo,FrBo_articles,,Jak se řeší střet různých zájmů při povolování těžby?,False,medium,,,,normative,quasiobjective,False,individual,natural person,public,No,,bad,5.0,,,200,1.425,0.5514299658439634,0.9983333333333333,0.016652492032456022,,5.0,6.4,0.28384222069663984,,,,,,,,4.0,,1.0,10.0,1.8,0.5105203241514897,3.0,42,15.214285714285714,0.6710062728361881,8.0,1.625,0.4578608056263661,,57,3.8421052631578947,1.3104380727545772,30.0,1.4,0.5171240777147078,55,2.309090909090909,0.9461447767271272,,1.0,,36,0.18020107075850234,0.41128742428145326,,7.0,1.2857142857142858,0.3795166950355407,0.084315544399578,0.4054842733865763,77,3.5584415584415585,0.7385971818365662,0.3569299914992384,0.37219013168526227,58,,,,0.4215686274509804,13.701522025932846,5.6076099881093935,4716.0,12.027467300832344,7.139867591505697,15.434691297208534,27.65381116584564,14.240201574089804,10.0,5.719581979424335,0.03902074646306313,0.11978436657681935,0.651522911051213,0.10837277089974372,110.0,42.0,13.218281582269196,1972.0,0.29964328180737215,11.2,841.0
corpora_selected_txt/KUK_1.0/data/FrBo/articles/TXT/orig_Jak se bránit rušení nočního klidu(2).txt,Fart_orig_J38kK,orig_Jak se bránit rušení nočního klidu(2),TXT,data/FrBo/articles/TXT,FrBo,FrBo_articles,,Jak se bránit rušení nočního klidu,False,high,,,,normative,quasiobjective,False,individual,natural person,public,No,,good,7.0,,,473,1.2811839323467231,0.4026398198479528,1.0,-1.0,1.0,10.0,3.6,0.49344120720274914,,,,,3.0,1.0,,,3.0,,55.0,2.018181818181818,0.6431616438683099,1.0,137,10.846715328467154,0.6944200477965518,45.0,2.066666666666667,0.5199182750882949,1.0,166,2.5602409638554215,0.5728338997761263,108.0,1.7407407407407407,0.6952883696107177,140,1.8785714285714286,0.6831587910454363,,2.0,,119,0.24443126317737285,0.4179047140181639,6.0,29.0,1.4482758620689655,0.5082729894562759,0.1309561072238557,0.48631347515718854,201,2.6069651741293534,0.7145192611855957,0.33404135842143173,0.42067427177129285,66,2.0,,,0.5206286836935167,8.872520463884719,5.402583423035522,10038.0,10.383315392895588,8.14711398479148,11.795915088039095,40.35506471128991,12.120188885309531,15.0,5.864316182618378,0.02935979534217615,0.11804434337691871,0.6892552586696987,0.08372950800868798,355.0,137.0,11.736358509600773,4300.0,0.32508073196986004,8.238636363636363,1858.0
corpora_selected_txt/KUK_1.0/data/FrBo/articles/TXT/orig_Sousedské vztahy.txt,Fart_orig_OmVfN,orig_Sousedské vztahy,TXT,data/FrBo/articles/TXT,FrBo,FrBo_articles,,Sousedské vztahy,False,medium,,,,normative,quasiobjective,False,individual,natural person,public,No,,bad,7.0,,,400,1.3425,0.44448991435009516,1.0,-1.0,2.0,4.0,3.0,0.47140452079103173,,,,1.0,,,,1.0,,,38.0,2.289473684210526,0.7990086804727202,7.0,101,13.376237623762377,0.6131961638726691,48.0,1.875,0.49964526423345784,,148,3.114864864864865,0.7466182568703063,91.0,1.879120879120879,0.7966086746307393,131,2.114503816793893,0.8013802446892904,,4.0,,95,0.22004203668630645,0.38398050982913,6.0,32.0,1.40625,0.4372172238559685,0.11035650932637193,0.6392435228378737,185,2.6432432432432433,0.6023631472753983,0.32983693486015464,0.4296127692002152,63,4.0,1.0,,0.487964989059081,11.56044497290376,5.518475750577367,9558.0,11.369053117782906,8.24167255111937,14.180827607298834,30.81853767178103,14.15732741865411,16.0,6.020804601227368,0.024618211095310816,0.11249234537660746,0.7421555419473362,0.06788302311227555,397.0,101.0,13.2339015838761,4107.0,0.3643187066974596,9.126126126126126,1732.0
corpora_selected_txt/KUK_1.0/data/FrBo/articles/TXT/orig_lhuty_v_jednani_s_urady_a_soudy.txt,Fart_orig_Phc94,orig_lhuty_v_jednani_s_urady_a_soudy,TXT,data/FrBo/articles/TXT,FrBo,FrBo_articles,,Lhůty v jednání s úřady a soudy,False,medium,,,,normative,quasiobjective,False,individual,natural person,public,No,,bad,1.0,,,253,1.3754940711462451,0.5127021882106176,1.0,-1.0,,5.0,3.6,0.9938079899999066,,,,,,,,1.0,,,12.0,1.6666666666666667,0.5908391567007971,1.0,76,10.526315789473685,0.6294849746684453,14.0,2.857142857142857,0.6563301233138935,,80,2.525,0.6043311327843883,38.0,1.605263157894737,0.6065633643982355,74,2.310810810810811,0.6032410927900248,,5.0,,60,0.21272902840845476,0.5347223546936791,4.0,12.0,1.4166666666666667,0.5597375019520652,0.1089025471862159,0.5879293644518097,110,2.5727272727272728,0.7111983687533232,0.32047764609128243,0.41888195952113616,62,2.0,,,0.5081967213114754,8.066815892470899,5.202544031311154,5317.0,9.425146771037182,7.518043226831248,10.340137449788852,50.05215459882584,11.406344628695026,11.0,5.754839203912915,0.032138144335715026,0.10138678223185271,0.6490790899241603,0.08867062552765029,186.0,76.0,11.261121160689065,2209.0,0.33268101761252444,9.617886178861788,1022.0
corpora_selected_txt/KUK_1.0/data/FrBo/articles/TXT/orig_Zřízení skládky_final původní.txt,Fart_orig_QCpDh,orig_Zřízení skládky_final původní,TXT,data/FrBo/articles/TXT,FrBo,FrBo_articles,,Jak se bránit proti zřízení černé skládky?,False,high,,,,normative,quasiobjective,False,individual,natural person,public,No,,good,5.0,2.0,,613,1.3964110929853182,0.4673672512187956,1.0,-1.0,,12.0,3.0833333333333335,0.3776757252588048,,,,2.0,,,,2.0,2.0,2.0,41.0,2.048780487804878,0.5872499709192596,5.0,185,10.259459459459459,0.7790244053264315,40.0,1.725,0.6562283649237991,,201,2.985074626865672,0.8654922010047232,124.0,1.6774193548387097,0.8850503322056632,142,1.9788732394366197,1.050167355720601,,1.0,,130,0.19981855105251461,0.40218240745262696,6.0,30.0,1.3333333333333333,0.5685735326841777,0.10111213877854744,0.5291682439164839,241,2.775933609958506,0.7075667939514783,0.3285127921421487,0.41829921047776286,181,2.0,,,0.4183835182250396,9.508005268212376,5.527528309254198,14156.0,11.013393205778994,8.129540777698887,11.94583166415146,39.85975719577448,12.893798663950946,20.0,5.903261669839741,0.029409346752791315,0.10044272948822097,0.697591389114541,0.08552548682635423,357.0,185.0,12.244369745901135,5928.0,0.25849277625927375,11.144486692015208,2561.0
corpora_selected_txt/KUK_1.0/data/FrBo/articles/TXT/orig_Jak právo chrání vody před znečištěním.txt,Fart_orig_US5uA,orig_Jak právo chrání vody před znečištěním,TXT,data/FrBo/articles/TXT,FrBo,FrBo_articles,,Který orgán řeší vypouštění nečistot do vod?,False,high,,,,normative,quasiobjective,False,individual,natural person,public,No,,good,19.0,,5.0,667,1.394302848575712,0.4677650763324318,0.9995359463125579,0.008497210711060516,,13.0,4.538461538461538,0.5940671921465046,,,,,3.0,1.0,,,,,39.0,2.3076923076923075,0.9646379195270492,3.0,187,10.144385026737968,0.6689352209399665,43.0,1.5348837209302326,0.556996687822567,,210,3.0952380952380953,0.856268386307635,142.0,1.619718309859155,0.7632013079406837,177,2.07909604519774,0.9376641837243571,,4.0,,157,0.2017951352845956,0.4554034613839241,,34.0,1.2941176470588236,0.48609516031693445,0.1052891533940068,0.6801565665148238,265,2.6566037735849055,0.6510529754214415,0.3300434548219465,0.41772601392038006,135,8.0,1.0,1.0,0.40412979351032446,9.135143270964502,5.52633679169992,13849.0,10.91679968076616,8.433724291162388,11.687021917767726,40.53074597262864,12.614158611923976,21.0,5.908326992431695,0.0338632671323916,0.10651433319484838,0.6998047361861238,0.1035997982002185,411.0,189.0,12.022068883087108,5813.0,0.2968874700718276,10.622710622710622,2506.0
corpora_selected_txt/KUK_1.0/data/FrBo/articles/TXT/orig_Soustavné obtěžování hlukem z provozní činnosti.txt,Fart_orig_fumh2,orig_Soustavné obtěžování hlukem z provozní činnosti,TXT,data/FrBo/articles/TXT,FrBo,FrBo_articles,,Soustavné obtěžování hlukem z provozu,False,medium,,,,normative,quasiobjective,False,individual,natural person,public,No,,bad,2.0,,1.0,382,1.442408376963351,0.5795357163835334,0.9992728330424666,0.010243695775916944,,12.0,3.3333333333333335,0.5325752187591566,,,,,1.0,1.0,,,1.0,1.0,29.0,2.0,0.6943650748294137,6.0,95,11.905263157894737,0.6104068609468231,40.0,1.825,0.7115988803369613,1.0,133,2.6240601503759398,0.7184882034131356,66.0,1.5909090909090908,0.5619656017227596,108,2.138888888888889,1.0704565872187117,,3.0,,87,0.21695146710207078,0.49847811026131666,3.0,17.0,1.2941176470588236,0.362925441424348,0.10426559923008658,0.561762372852543,158,2.8037974683544302,0.7317744349212912,0.3218114610316506,0.41659489000865446,90,6.0,,,0.3747178329571106,11.859828283167982,5.71629392971246,8946.0,12.23047923322684,7.989237516933471,13.94078543803598,31.19202236421728,14.12940978644695,16.0,5.868882836282471,0.02233366904743968,0.1198090040927694,0.6878240109140519,0.056272632772842876,293.0,95.0,13.195962601206936,3730.0,0.33099041533546325,10.787878787878787,1565.0
corpora_selected_txt/KUK_1.0/data/FrBo/articles/TXT/orig_Soustavné obtěžování hlukem z dopravy.txt,Fart_orig_qd6T1,orig_Soustavné obtěžování hlukem z dopravy,TXT,data/FrBo/articles/TXT,FrBo,FrBo_articles,,Soustavné obtěžování hlukem z dopravy,False,high,,,,normative,quasiobjective,False,individual,natural person,public,No,,good,2.0,1.0,1.0,441,1.5215419501133787,0.551699186050504,1.0,-1.0,,12.0,4.5,0.7842444017689565,,,,,1.0,,,1.0,3.0,1.0,22.0,2.4545454545454546,1.0193118603382865,2.0,101,12.316831683168317,0.6209745210360015,29.0,2.586206896551724,0.7699927849589817,1.0,112,3.3392857142857144,0.7653957082676195,62.0,2.0,0.7071067811865475,109,2.2018348623853212,0.8170789382031235,,2.0,,90,0.182679933232098,0.44152535036890117,6.0,14.0,1.2857142857142858,0.475416546501654,0.10181490274922385,0.616249424394149,146,3.287671232876712,0.7268105612565237,0.31230598702429885,0.3868019653389259,88,4.0,,,0.2829076620825147,12.459069501067756,5.647414741474147,10267.0,12.03822882288229,7.912798926271226,14.346325503138548,30.952914709117948,14.32413123665308,17.75,5.727500751738563,0.03935704423870166,0.1043979057591623,0.6313845258871437,0.12222976499956256,224.0,102.0,13.357759606856668,4274.0,0.2678767876787679,13.979020979020978,1818.0
corpora_selected_txt/KUK_1.0/data/FrBo/articles/TXT/orig_Nástroje občana při kontrole hospodaření obce.txt,Fart_orig_u4xT6,orig_Nástroje občana při kontrole hospodaření obce,TXT,data/FrBo/articles/TXT,FrBo,FrBo_articles,,Nástroje občana při kontrole hospodaření obce,True,high,,,,normative,quasiobjective,False,individual,natural person,public,No,,good,10.0,,,485,1.3690721649484536,0.46592243785797804,1.0,-1.0,,10.0,2.9,0.4436841164510065,,,,,,,1.0,2.0,3.0,,39.0,2.0256410256410255,0.615003138272349,5.0,100,13.59,0.6705894245077406,25.0,2.2,0.93706946036765,,132,3.0606060606060606,0.7093829194151181,94.0,1.8936170212765957,0.7723661882468144,97,2.443298969072165,0.9432928039013145,,,,88,0.19703350852742174,0.4195040069299599,3.0,30.0,1.1666666666666667,0.3248991615338157,0.0935444831226565,0.4589283586234023,154,3.772727272727273,0.668444627624072,0.36696979958139064,0.37362762724399134,100,4.0,1.0,,0.4780600461893764,12.518354043126678,5.538544474393531,10274.0,11.589380053908355,8.158141879017528,14.202280323450132,33.29088247978436,14.406522911051212,17.0,5.909157151921448,0.027024640539432092,0.11418564920273355,0.7023917995444191,0.07566555674291857,318.0,100.0,13.41204329460199,4255.0,0.31805929919137466,10.330097087378642,1855.0
corpora_selected_txt/KUK_1.0/data/FrBo/articles/TXT/orig_Jak zajistit měření hluku.txt,Fart_orig_zCtbB,orig_Jak zajistit měření hluku,TXT,data/FrBo/articles/TXT,FrBo,FrBo_articles,,Jak zajistit oficiální měření hluku?,False,medium,,,,normative,quasiobjective,False,individual,natural person,public,No,,bad,1.0,,,160,1.3,0.47095695559261413,1.0,-1.0,,2.0,5.5,0.6428243465332251,,,,,,1.0,,1.0,3.0,,9.0,1.5555555555555556,0.4670248868079293,2.0,41,11.170731707317072,0.626606362292912,9.0,1.3333333333333333,0.375,,51,2.8823529411764706,0.8488225914485524,36.0,1.9444444444444444,1.3065254480321786,35,1.8571428571428572,0.524711314062093,,,,37,0.20181316431316432,0.4257932565516406,,4.0,1.25,0.4,0.09618506493506493,0.6217784198117632,62,2.8870967741935485,0.6728767605871661,0.31038588098597586,0.33597706006986117,48,6.0,,,0.43478260869565216,10.909033125893856,5.643423137876387,3561.0,11.765768621236136,7.292446554683744,13.62465424606702,31.32013501604115,13.38272196668084,10.0,5.840784350696416,0.014851386445190646,0.09981203007518791,0.675,0.056878303402413115,170.0,41.0,12.654987168209761,1521.0,0.4152139461172742,10.202898550724637,631.0
corpora_selected_txt/KUK_1.0/data/FrBo/articles/TXT/red_Jak správně založit spolek(1).txt,Fart_red_00210,red_Jak správně založit spolek(1),TXT,data/FrBo/articles/TXT,FrBo,FrBo_articles,210,Jak správně založit spolek;Spolky a účast veřejnsoti;Spolky,True,high,,,,normative,quasiobjective,False,individual,natural person,public,No,,good,18.0,,,402,1.3955223880597014,0.4667221416215463,1.0,-1.0,,7.0,4.0,0.5590169943749475,,,,,,1.0,,,5.0,1.0,42.0,1.4047619047619047,0.4732308336246321,3.0,129,8.953488372093023,0.7554277370781668,20.0,2.1,0.46090763883189845,,138,2.3333333333333335,0.5843176206324928,94.0,1.8191489361702127,0.6694414553827422,92,1.7934782608695652,0.8690686251846143,1.0,2.0,,106,0.23273543043657643,0.4211873163360946,1.0,14.0,1.2857142857142858,0.475416546501654,0.14669516254545004,0.7368985268815045,161,2.5527950310559007,0.6082832724108016,0.33256530316684246,0.39679186355377805,59,1.0,,,0.48866498740554154,8.099131698309307,5.538003965631196,8379.0,10.652346331791142,8.06385961823547,10.468396371396999,45.63335740125024,10.964857242322266,16.0,5.8350031243738965,0.030150057240055504,0.12473833097595477,0.6792857142857143,0.07905095616848111,329.0,131.0,10.861510623201635,3455.0,0.3582286847323199,9.1139896373057,1513.0
corpora_selected_txt/KUK_1.0/data/FrBo/articles/TXT/red_Jak jedná spolek navenek_final.txt,Fart_red_00211,red_Jak jedná spolek navenek_final,TXT,data/FrBo/articles/TXT,FrBo,FrBo_articles,211,Jak jedná spolek navenek;Spolky a účast veřejnsoti;Spolky,True,high,,,,normative,quasiobjective,False,individual,natural person,public,No,,good,,,,356,1.4382022471910112,0.47207520703840394,0.9995318352059924,0.0088374530511069,1.0,3.0,3.0,0.5773502691896257,,,,,,,,,5.0,,57.0,1.9473684210526316,0.479573360779127,3.0,99,10.828282828282829,0.6441680417448051,28.0,2.0357142857142856,0.674891975636587,,136,2.9779411764705883,0.8117780214010096,94.0,2.234042553191489,1.0071841033825215,108,1.7777777777777777,0.8186993902457637,,3.0,1.0,85,0.25461976213836623,0.3261118401744213,5.0,16.0,1.1875,0.3394634841388862,0.07936413341887244,0.5682382275578179,155,2.509677419354839,0.6363144816849162,0.31741443129665164,0.4108864428803581,55,1.0,,,0.4988344988344988,9.91387050630529,5.501725327812284,7972.0,11.004071773636989,7.58016361915958,12.042913921826965,40.680584541062814,11.817278373800114,17.0,5.753700950923644,0.03511673793292215,0.13740740740740742,0.6497481481481482,0.09452823443518368,209.0,99.0,11.567385478589937,3304.0,0.274672187715666,8.03755868544601,1449.0
corpora_selected_txt/KUK_1.0/data/FrBo/articles/TXT/red_Kterých řízení se může váš spolek účastnit_FINAL.txt,Fart_red_00212,red_Kterých řízení se může váš spolek účastnit_FINAL,TXT,data/FrBo/articles/TXT,FrBo,FrBo_articles,212,Kterých řízení se může váš spolek účastnit?;Životní prostředí;Spolky a účast veřejnsoti,True,high,,,,normative,quasiobjective,False,individual,natural person,public,No,,good,5.0,,,806,1.3436724565756824,0.45417835841684384,0.9998449131513648,0.004403620154049445,,10.0,7.8,1.0925470893179348,,,,,,2.0,,,3.0,,108.0,1.7314814814814814,0.6820143888104749,7.0,216,11.300925925925926,0.5769345270719827,53.0,2.188679245283019,0.6708796175649273,,263,3.1634980988593155,0.8248509882030267,164.0,2.024390243902439,0.8906558430328941,198,2.45959595959596,1.063989992251324,,5.0,,197,0.22534849555178807,0.4542788413525058,10.0,32.0,1.25,0.4064004064006096,0.09413795899984947,0.39552144082960694,330,2.912121212121212,0.7180260772869674,0.3271075351592275,0.36541533927790565,314,8.0,,,0.5258620689655172,10.130169905732025,5.4375753920386005,18031.0,10.7936369119421,7.796183929814421,12.902132444265739,36.167536031809846,12.66667560201939,25.0,5.771073469743908,0.034018882949040895,0.11184333229717125,0.6557382654647187,0.09758782253547015,312.0,216.0,12.170104653183675,7738.0,0.19089264173703258,8.92018779342723,3316.0
"corpora_selected_txt/KUK_1.0/data/FrBo/articles/TXT/red_Guerilla gardening, jak zahradničit na veřejném prostranství (ne)legálně_final.txt",Fart_red_00215,"red_Guerilla gardening, jak zahradničit na veřejném prostranství (ne)legálně_final",TXT,data/FrBo/articles/TXT,FrBo,FrBo_articles,215,Guerilla gardening – jak zahradničit na veřejném prostranství (ne)legálně?;Životní prostředí;Ochrana přírody a krajiny,True,high,,,,normative,quasiobjective,False,individual,natural person,public,No,,good,5.0,,1.0,228,1.4517543859649122,0.501801684519506,1.0,-1.0,,1.0,4.0,,,,,,,,,1.0,1.0,,26.0,1.7692307692307692,0.7379530264096391,2.0,75,9.373333333333333,0.6037021348535954,18.0,1.7777777777777777,0.596404669173343,,82,2.9634146341463414,0.7336724641562163,54.0,1.5,0.729722384821689,55,2.290909090909091,0.6961493307535007,,,,61,0.2099086230732206,0.35181385202661464,4.0,22.0,1.1818181818181819,0.4239916850596462,0.10125461659552569,0.49128873681507085,95,2.863157894736842,0.5641176013812866,0.33606454690820015,0.3835902809901396,34,1.0,,,0.51931330472103,9.343916129032259,5.731182795698925,5330.0,11.730107526881726,7.744100060656587,11.424255913978492,40.71437204301074,11.411612903225809,12.0,5.94752129052573,0.01917801340134271,0.11018050541516244,0.7090132370637786,0.060034421494719416,209.0,75.0,11.20814326018867,2176.0,0.3881720430107527,8.891666666666667,930.0
corpora_selected_txt/KUK_1.0/data/FrBo/articles/TXT/red_Jak zasáhnout proti týrání zvířat úprava 2021_final.txt,Fart_red_00216,red_Jak zasáhnout proti týrání zvířat úprava 2021_final,TXT,data/FrBo/articles/TXT,FrBo,FrBo_articles,216,Jak zasáhnout proti týrání zvířat?;Životní prostředí;Ochrana přírody a krajiny,True,high,,,,normative,quasiobjective,False,individual,natural person,public,No,,good,9.0,,,431,1.4153132250580047,0.49218876746282225,0.9992266047950503,0.0113489463217708,,9.0,3.888888888888889,0.6091144458665098,,,,1.0,1.0,,,2.0,,,14.0,2.4285714285714284,0.786497713398284,5.0,133,9.233082706766917,0.6747786139199071,31.0,2.096774193548387,0.5822218207184526,,136,2.948529411764706,0.8463160966336482,82.0,1.7804878048780488,0.7332207964004761,107,2.1121495327102804,1.0492937747611595,,1.0,,99,0.2001034270159816,0.3436776610722158,3.0,24.0,1.1666666666666667,0.32630870898294895,0.13447883976618497,0.8243908496231468,171,2.590643274853801,0.7235699971494671,0.3182627183468481,0.3808626911944779,107,,,,0.43614457831325304,8.253434990791895,5.49109883364027,8945.0,10.53799877225291,8.169335467154646,10.799544505831797,44.344812645794974,11.088176795580111,14.0,5.922269168938107,0.02566092855937648,0.09600653594771236,0.7071307189542484,0.07531238855740131,326.0,135.0,10.980518767755715,3731.0,0.35174953959484345,10.35,1629.0
corpora_selected_txt/KUK_1.0/data/FrBo/articles/TXT/red_Jak podat trestní oznámení.txt,Fart_red_00217,red_Jak podat trestní oznámení,TXT,data/FrBo/articles/TXT,FrBo,FrBo_articles,217,Jak podat trestní oznámení?;Korupce a transparentnost;Korupce a jednání úředníků,True,high,,,,normative,quasiobjective,False,individual,natural person,public,No,,good,1.0,,1.0,216,1.5092592592592593,0.39903653616543977,1.0,-1.0,,4.0,2.25,0.2222222222222222,,,,1.0,,,1.0,,,,24.0,1.2916666666666667,0.5343894593700773,5.0,67,11.776119402985074,0.7221887937560999,43.0,2.1627906976744184,0.5701339468514439,1.0,84,2.607142857142857,0.574241120054115,49.0,1.6734693877551021,0.5641040374438743,65,1.7538461538461538,0.5792857696543016,,1.0,,62,0.23034849812979521,0.36937532371244614,2.0,15.0,1.2666666666666666,0.4686448734510502,0.08610153367220266,0.6432702179535276,108,2.2777777777777777,0.8026680810980028,0.2762000723989028,0.35317268390774353,102,,,1.0,0.4358974358974359,10.33665229408513,5.431149097815765,5719.0,10.806647673314346,7.555968086410524,12.630184986747174,38.70015020339895,13.731961276239884,13.0,5.840512141274477,0.025654548764582855,0.13237945492662473,0.6843186582809224,0.06675954037804825,223.0,67.0,12.900022533936042,2404.0,0.3561253561253561,9.266666666666667,1053.0
corpora_selected_txt/KUK_1.0/data/FrBo/articles/TXT/red_Jak mohou občané řešit neudržované pozemky.txt,Fart_red_00218,red_Jak mohou občané řešit neudržované pozemky,TXT,data/FrBo/articles/TXT,FrBo,FrBo_articles,218,Jak mohou občané řešit neudržované pozemky?;Životní prostředí;Ochrana přírody a krajiny,True,high,,,,normative,quasiobjective,False,individual,natural person,public,No,,good,2.0,,1.0,241,1.2863070539419088,0.4633228400481697,1.0,-1.0,,4.0,3.0,0.6666666666666666,,,,,,,,,,,19.0,1.6842105263157894,0.6275123117428764,5.0,48,14.020833333333334,0.5880459449304749,19.0,2.0526315789473686,0.5735418485404313,,81,2.9135802469135803,0.6825632012495884,43.0,1.6744186046511629,0.7897382062749169,56,2.3214285714285716,0.8461563890616589,,,,45,0.20776895035930895,0.5267635926833399,5.0,25.0,1.32,0.5230382620507065,0.09194354647760221,0.48371367510891283,94,2.882978723404255,0.6491341820110352,0.3395957764724644,0.38873836729825584,51,,,,0.5116279069767442,12.815007647679323,5.69620253164557,4950.0,12.29240506329114,7.796218190427502,15.186295550441116,25.758481204449538,15.89529152282317,11.0,5.966777040529941,0.018172721602216124,0.10288311688311691,0.7205454545454545,0.05932108874783889,234.0,48.0,14.434950587195996,2109.0,0.43498273878020716,8.990825688073395,869.0
corpora_selected_txt/KUK_1.0/data/FrBo/articles/TXT/red_Právo vstupovat na pozemek a využívat soukromé cesty.txt,Fart_red_00219,red_Právo vstupovat na pozemek a využívat soukromé cesty,TXT,data/FrBo/articles/TXT,FrBo,FrBo_articles,219,Právo vstupovat na pozemek a využívat soukromé cesty;Životní prostředí;Ochrana přírody a krajiny,True,high,,,,normative,quasiobjective,False,individual,natural person,public,No,,good,3.0,,2.0,198,1.4292929292929293,0.47944657357371856,0.9991582491582492,0.011854462745973285,,9.0,4.333333333333333,0.9444637813698982,,,,,,2.0,,,1.0,1.0,18.0,2.7777777777777777,1.2133376427417548,1.0,64,10.296875,0.809525225301614,12.0,1.6666666666666667,0.4670993664969137,,67,2.462686567164179,0.803860651492778,40.0,1.575,0.6248695686009721,48,2.2083333333333335,0.9615436412746585,,,,53,0.2322720094892978,0.5010599286689685,,14.0,1.2857142857142858,0.475416546501654,0.1299696335410621,0.4903883259922544,80,3.0625,0.8121307828536615,0.327452376840573,0.48064706567386206,28,,1.0,,0.4358974358974359,9.129522860738255,5.402684563758389,4830.0,10.44519015659955,7.842817464318203,11.506835011185679,43.08305313199105,11.896224832214765,12.0,5.941837647318704,0.02623225148234921,0.08001257861635214,0.7160754716981133,0.08190082199145227,257.0,64.0,11.608487940396994,2020.0,0.4429530201342282,10.03960396039604,894.0
corpora_selected_txt/KUK_1.0/data/FrBo/articles/TXT/red_Zvláště chráněná území - co smíme a co je zakázáno.txt,Fart_red_00220,red_Zvláště chráněná území - co smíme a co je zakázáno,TXT,data/FrBo/articles/TXT,FrBo,FrBo_articles,220,Zvláště chráněná území – co smíme a co je zakázáno;Životní prostředí;Ochrana přírody a krajiny,True,high,,,,normative,quasiobjective,False,individual,natural person,public,No,,good,5.0,,4.0,246,1.4878048780487805,0.4492679887013155,0.9993224932249323,0.010633482807700422,,7.0,4.285714285714286,1.0145241541034198,,,,1.0,,,,,3.0,,18.0,2.3333333333333335,0.5500190982169267,2.0,94,9.329787234042554,0.6116745431960765,23.0,1.565217391304348,0.46496201406459836,1.0,77,2.792207792207792,0.6906999410634191,57.0,1.8771929824561404,0.8305972660529619,66,2.1666666666666665,0.8778879774007705,,,,81,0.20061750825883376,0.4565352624894692,,2.0,1.0,-1.0,0.08712121212121213,0.06148754619013468,101,2.603960396039604,0.5976066323731188,0.29877620570038493,0.5281853838674978,36,1.0,,,0.3433734939759036,8.530454613493,5.457286432160804,6516.0,10.497654941373531,7.928191437626057,10.573953954168005,47.06793032538579,12.317031968352403,13.0,5.88096600266427,0.022437096028145857,0.08302283105022834,0.6868401826484019,0.06417454977113557,276.0,94.0,11.788900449767144,2662.0,0.3785594639865997,12.530973451327434,1194.0
corpora_selected_txt/KUK_1.0/data/FrBo/articles/TXT/red_Jak zabránit kácení stromů.txt,Fart_red_00225,red_Jak zabránit kácení stromů,TXT,data/FrBo/articles/TXT,FrBo,FrBo_articles,225,Jak zabránit kácení stromů?;Životní prostředí;Ochrana přírody a krajiny,True,high,,,,normative,quasiobjective,False,individual,natural person,public,No,,good,12.0,,2.0,511,1.3874755381604698,0.4936767050935081,0.9986953685583823,0.014721570767594516,,10.0,4.3,1.079998263991821,,,,,,1.0,,,3.0,,47.0,1.7659574468085106,0.6490095550828804,3.0,127,12.84251968503937,1.0547453141639611,50.0,1.54,0.7210603244084889,1.0,166,2.7048192771084336,0.7430732501963343,95.0,2.136842105263158,0.9906464216043582,111,1.90990990990991,0.7184224251312186,,1.0,,100,0.2161795260889494,0.46889002303769584,8.0,34.0,1.2058823529411764,0.3403529615645064,0.10575895068176905,0.6040151036189352,201,3.1641791044776117,0.7720582900299611,0.34627410486813825,0.39314162471014774,209,3.0,,,0.44341372912801486,11.269636933882563,5.491818606825619,11747.0,11.213464235624128,8.24573507443846,13.679713321774464,33.6585707612285,14.104936812772179,16.666666666666668,5.906290916432949,0.03381053364456863,0.09883333333333333,0.7000343137254902,0.09617392351168169,386.0,127.0,13.191259244487103,4992.0,0.3132304815334268,10.298319327731093,2139.0
corpora_selected_txt/KUK_1.0/data/FrBo/articles/TXT/red_Jak se bránit obtěžování světlem_final.txt,Fart_red_00230,red_Jak se bránit obtěžování světlem_final,TXT,data/FrBo/articles/TXT,FrBo,FrBo_articles,230,Jak se bránit obtěžování světlem?;Fungování obcí a úřadů;Životní prostředí,True,high,,,,normative,quasiobjective,False,individual,natural person,public,No,,good,1.0,,,391,1.4040920716112533,0.4269470429621748,1.0,-1.0,,9.0,3.888888888888889,0.32639027596559606,,,,,,,,1.0,3.0,,52.0,1.7692307692307692,0.730682375931705,1.0,115,10.556521739130435,0.5711585064081919,29.0,2.4827586206896552,0.6860805854015278,,139,2.6546762589928057,0.6535742348271153,90.0,1.9111111111111112,0.8792364867350677,93,1.935483870967742,0.8578319205209924,,4.0,,106,0.22642440879015938,0.41618675037099345,4.0,22.0,1.1818181818181819,0.33403701436419037,0.08505010256660729,0.40111575183252834,173,2.578034682080925,0.6667497620870751,0.3029564851931814,0.3657555390403977,116,2.0,1.0,,0.5068493150684932,9.698771764454989,5.521152667075414,9005.0,11.032863274064992,7.9294455381996105,12.350152720390263,37.74106514008477,12.956918401620772,15.0,5.817922237634072,0.03275977672504443,0.11287206266318539,0.6693668407310704,0.09705722067930116,281.0,115.0,12.309767111310357,3816.0,0.3096259963212753,8.506787330316742,1631.0
corpora_selected_txt/KUK_1.0/data/FrBo/articles/TXT/red_Co je to a jak probíhá integrované povolování_final.txt,Fart_red_00234,red_Co je to a jak probíhá integrované povolování_final,TXT,data/FrBo/articles/TXT,FrBo,FrBo_articles,234,Co je to a jak probíhá integrované povolování?;Životní prostředí;Záměry ovlivňující životní prostředí/Záměry s negativním vlivem,True,high,,,,normative,quasiobjective,False,individual,natural person,public,No,,good,3.0,,,236,1.478813559322034,0.6030459473305924,0.9989085772984079,0.012349400111181186,,2.0,7.0,0.20203050891044216,,,,,,,,,1.0,,25.0,1.56,0.6692504172378556,2.0,62,10.629032258064516,0.5914145697569653,18.0,2.0,0.5144957554275265,,76,2.5526315789473686,0.7471280376701379,37.0,2.081081081081081,1.0944550012585266,57,1.9649122807017543,0.7509617103039049,,,,54,0.21181596359026025,0.437179666386814,2.0,8.0,1.0,-1.0,0.07879915223665224,0.2653871737164847,85,2.9058823529411764,0.7779218920779836,0.3232915411685772,0.4398494282503667,94,5.0,,,0.42543859649122806,10.458994075049375,5.72108843537415,5046.0,11.978684807256235,7.523747627382926,13.267401214249137,31.576889254626593,14.533859995611147,12.0,5.904210898253268,0.029220326065068986,0.09757343550447006,0.6988378033205619,0.08227874656292924,191.0,62.0,13.260428488183763,2150.0,0.37528344671201813,10.71875,882.0
corpora_selected_txt/KUK_1.0/data/FrBo/articles/TXT/red_Jak se zapojit do integrovaného povolování_final.txt,Fart_red_00235,red_Jak se zapojit do integrovaného povolování_final,TXT,data/FrBo/articles/TXT,FrBo,FrBo_articles,235,Jak se zapojit do integrovaného povolování;Životní prostředí;Záměry ovlivňující životní prostředí/Záměry s negativním vlivem,True,high,,,,normative,quasiobjective,False,individual,natural person,public,No,,good,2.0,,,263,1.338403041825095,0.4816601781652116,0.9995247148288974,0.007711495359118815,,2.0,5.5,0.6428243465332251,,,,,,,,,3.0,,37.0,1.945945945945946,1.089759155569145,,75,10.586666666666666,0.7569577622591189,19.0,1.8421052631578947,0.32687623431867646,,93,2.89247311827957,0.874715155092064,73.0,2.287671232876712,1.233110163390551,68,2.0588235294117645,0.8635157542355417,,,,61,0.26646232167852196,0.3202468341374396,,6.0,1.5,0.5577733510227171,0.12347742127153892,0.624332130242357,124,2.435483870967742,0.68314116873126,0.33717503374761437,0.39061859513826946,92,2.0,,,0.5602836879432624,9.659998894246222,5.571841851494696,5778.0,11.219189971070394,7.3527627988436075,12.427192606878812,36.55154814529092,13.360946319511411,14.0,5.7699482737190735,0.02304846477685947,0.13461620469083158,0.6488166311300639,0.06684723462071711,167.0,75.0,12.527681744071813,2456.0,0.29604628736740596,7.585987261146497,1037.0
corpora_selected_txt/KUK_1.0/data/FrBo/articles/TXT/red_Co je to EIA_final.txt,Fart_red_00236,red_Co je to EIA_final,TXT,data/FrBo/articles/TXT,FrBo,FrBo_articles,236,Co je to EIA?;Životní prostředí;Záměry ovlivňující životní prostředí/Záměry s negativním vlivem,True,high,,,,normative,quasiobjective,False,individual,natural person,public,No,,good,3.0,,,347,1.4063400576368876,0.4739331498715158,0.9990393852065322,0.012647011061439737,,7.0,4.714285714285714,0.7909806848667431,,,,,,1.0,,,6.0,,32.0,1.875,0.7263598049921566,,124,9.03225806451613,0.5525687783915777,17.0,1.8235294117647058,0.39901022183396717,,137,2.7664233576642334,0.5966518366154858,74.0,1.662162162162162,0.7268589915272599,123,1.7967479674796747,0.6870596731811581,,,,107,0.22610353339679748,0.441539113897703,7.0,17.0,1.1764705882352942,0.3340097303971847,0.09421599035740358,0.4561139741586479,169,2.366863905325444,0.6348007162919411,0.3007456212131776,0.38887961935005755,70,6.0,,,0.4987146529562982,7.748673866136858,5.400403768506057,8025.0,10.056864064602964,7.713001011014065,11.183195720908369,41.222731889166624,12.03912922728535,16.0,5.852525716259889,0.02637068337449728,0.11462869502523432,0.6749531362653208,0.07280769625394129,250.0,126.0,11.522619722579634,3489.0,0.29878869448183043,8.89119170984456,1486.0
corpora_selected_txt/KUK_1.0/data/FrBo/articles/TXT/red_Jak se zapojit do procesu EIA_final.txt,Fart_red_00237,red_Jak se zapojit do procesu EIA_final,TXT,data/FrBo/articles/TXT,FrBo,FrBo_articles,237,Jak se zapojit do procesu EIA?;Životní prostředí;Životní prostředí,True,high,,,,normative,quasiobjective,False,individual,natural person,public,No,,good,1.0,2.0,,333,1.3213213213213213,0.41664069835105344,1.0,-1.0,,4.0,3.0,0.47140452079103173,,,,,,,,,1.0,,55.0,1.6727272727272726,0.5152279227335697,2.0,104,9.923076923076923,0.5013634959527852,13.0,1.2307692307692308,0.48680506023116343,,137,3.145985401459854,0.6604236142310701,99.0,1.4848484848484849,0.5032765847515731,93,1.5806451612903225,0.6068380003087245,,3.0,,95,0.26466823063417494,0.3055545212873765,3.0,21.0,1.0952380952380953,0.2746367251713696,0.09450401304188585,0.4383271346291867,170,2.0941176470588236,0.5528203667608672,0.31150251276981383,0.3964051491841762,80,6.0,,,0.6404199475065617,7.789711833475906,5.251497005988024,7016.0,9.534281437125747,7.4811060475248725,11.080254455374963,43.66140424864557,11.945811234673512,16.0,5.777043398830671,0.029064005012991376,0.11500404203718673,0.6519725141471302,0.07945722006060321,210.0,105.0,11.565711049467673,3051.0,0.280688622754491,6.333333333333333,1336.0
corpora_selected_txt/KUK_1.0/data/FrBo/articles/TXT/red_Jak dosáhnout zrušení stanoviska EIA_final.txt,Fart_red_00238,red_Jak dosáhnout zrušení stanoviska EIA_final,TXT,data/FrBo/articles/TXT,FrBo,FrBo_articles,238,Jak dosáhnout zrušení stanoviska EIA?;Životní prostředí;Záměry ovlivňující životní prostředí/Záměry s negativním vlivem,True,high,,,,normative,quasiobjective,False,individual,natural person,public,No,,good,1.0,,,296,1.4324324324324325,0.43139771416575495,0.9994369369369369,0.00969276086427338,,1.0,5.0,,,,,1.0,,,,,5.0,,48.0,1.5833333333333333,0.5654019610996862,4.0,90,9.28888888888889,0.5609622417447597,17.0,2.235294117647059,0.6430563491203896,,114,2.8859649122807016,0.6482650494867052,70.0,1.5,0.5759540149831419,87,1.7471264367816093,0.6246753972499598,,2.0,,80,0.2598685406584013,0.3004124956413814,1.0,13.0,1.0769230769230769,0.25753937681885636,0.10732516352425854,0.5668121460265941,142,2.232394366197183,0.67833338060119,0.2999754472396422,0.354839325636696,84,4.0,,,0.589171974522293,8.015930878669469,5.3823264201983765,5969.0,10.07592425608656,7.2886849304650605,11.014690812543826,43.35749241558963,12.07045786995291,15.0,5.701033948105039,0.037828186038149365,0.13526732673267328,0.6327524752475248,0.1128151737137002,184.0,90.0,11.602472056035307,2550.0,0.2894499549143372,6.815217391304348,1109.0
corpora_selected_txt/KUK_1.0/data/FrBo/articles/TXT/red_Kdy a jak se obrátit na Veřejného ochránce práv.txt,Fart_red_00239,red_Kdy a jak se obrátit na Veřejného ochránce práv,TXT,data/FrBo/articles/TXT,FrBo,FrBo_articles,239,Kdy a jak se obrátit na Veřejného ochránce práv?;Správní řízení;Správní řízení,True,high,,,,normative,quasiobjective,False,individual,natural person,public,No,,good,8.0,,2.0,265,1.2566037735849056,0.460888925944464,1.0,-1.0,,7.0,18.285714285714285,1.408035614025648,,,,1.0,,,,,1.0,,21.0,1.5238095238095237,0.4460109653921078,7.0,66,16.03030303030303,1.059049220690396,26.0,2.076923076923077,0.7196249594785653,3.0,88,2.909090909090909,0.7082012638878962,60.0,1.8833333333333333,0.7123197377516802,90,1.9222222222222223,0.8830950669540711,,,,57,0.19480416149023377,0.5029250204653104,2.0,29.0,1.4482758620689655,0.5082729894562759,0.11110909792317927,0.40903271075591247,130,2.623076923076923,0.780376762084195,0.313204816341067,0.4162919532453639,79,8.0,,,0.44299674267100975,13.584570207242287,5.491137370753323,7435.0,11.514254062038402,7.901168344614575,15.252448950360321,29.81254406696209,15.14845351595721,14.75,5.8831194890127705,0.025742299671402596,0.0893386454183267,0.6938964143426295,0.08027469036832109,272.0,66.0,13.90880557449169,3110.0,0.3463810930576071,11.555555555555555,1354.0
corpora_selected_txt/KUK_1.0/data/FrBo/articles/TXT/red_Co je to úřední deska a jak ji využít.txt,Fart_red_00241,red_Co je to úřední deska a jak ji využít,TXT,data/FrBo/articles/TXT,FrBo,FrBo_articles,241,Co je úřední deska a jak ji využít;Správní řízení;Úřady a soudy,True,high,,,,normative,quasiobjective,False,individual,natural person,public,No,,good,1.0,,,162,1.3395061728395061,0.45698167459469724,1.0,-1.0,,5.0,3.4,0.4460514967089147,,,,,,,1.0,,,,11.0,2.3636363636363638,0.8929374435572229,3.0,39,12.717948717948717,0.741115257191984,7.0,2.0,0.408248290463863,,49,3.3469387755102042,0.7048070124837873,31.0,2.774193548387097,0.8309466453293927,31,1.5161290322580645,0.678453224421167,,,,31,0.17812790071110915,0.42085629006591496,,9.0,1.2222222222222223,0.36078426969062594,0.07177163794810854,0.41603231277592645,53,3.811320754716981,0.7615808256019694,0.3036179747592217,0.3649368122048374,44,,,,0.4152046783625731,11.357672240802678,5.369565217391305,3705.0,10.7204347826087,7.438300325537303,13.376104347826086,37.31328762541807,13.395763656633221,10.0,5.921961859177822,0.013367825267080967,0.096751269035533,0.703688663282572,0.04259870451752205,181.0,39.0,12.679594993212895,1554.0,0.427536231884058,11.042857142857143,690.0
corpora_selected_txt/KUK_1.0/data/FrBo/articles/TXT/red_Jak_nezmeskat_lhutu.txt,Fart_red_00242,red_Jak_nezmeskat_lhutu,TXT,data/FrBo/articles/TXT,FrBo,FrBo_articles,242,Jak nezmeškat lhůtu? Zásady počítání lhůt;Správní řízení;Správní řízení,True,high,,,,normative,quasiobjective,False,individual,natural person,public,No,,good,,,,415,1.3349397590361445,0.4545612774594174,0.9995983935742971,0.008184631895324772,,6.0,4.166666666666667,0.7186654298072225,,,,1.0,,,,,,,37.0,2.27027027027027,0.6022405570754478,6.0,95,12.336842105263157,0.7193536066589306,27.0,2.3333333333333335,0.6289709020331509,,122,2.639344262295082,0.7840271899208155,56.0,1.6964285714285714,0.7102175476543948,90,2.1333333333333333,0.908613974101535,,6.0,,72,0.2056947802087059,0.41369141028975404,3.0,18.0,1.2777777777777777,0.4496189869253283,0.12226643970065022,0.8562686518674215,143,2.9160839160839163,0.6002013223482958,0.34518118656333385,0.4317007536011172,129,3.0,,,0.5089285714285714,9.447556039202802,5.164914586070959,7861.0,9.571156373193164,7.689056177056954,11.515319754708713,46.54781887866844,12.649156811213317,16.0,5.800950224875823,0.03255516783063872,0.09865073787772316,0.6686788475052705,0.09276040777965804,231.0,96.0,12.161744961471694,3277.0,0.2890932982917214,10.617647058823529,1522.0
corpora_selected_txt/KUK_1.0/data/FrBo/articles/TXT/red_Jak si pohlídat lhůty v jednání s úřady a soudy.txt,Fart_red_00243,red_Jak si pohlídat lhůty v jednání s úřady a soudy,TXT,data/FrBo/articles/TXT,FrBo,FrBo_articles,243,Jak si pohlídat lhůty v jednání s úřady a soudy?;Správní řízení;Správní řízení,True,high,,,,normative,quasiobjective,False,individual,natural person,public,No,,good,1.0,,,237,1.3881856540084387,0.4695897329322713,1.0,-1.0,,6.0,2.3333333333333335,0.34992710611188255,,,,,,,,1.0,,,11.0,1.4545454545454546,0.472691760029726,4.0,76,10.5,0.6738838368353979,17.0,2.764705882352941,0.6333585486550004,,85,2.5058823529411764,0.5731029110704783,42.0,1.3571428571428572,0.5595417353372464,59,2.389830508474576,0.6361012173337959,1.0,3.0,,59,0.2183988638218055,0.5432684792444199,4.0,15.0,1.4,0.5262774268664338,0.10183846368056894,0.5885949317851397,107,2.532710280373832,0.6715413826584306,0.31919662058988174,0.46680087249140323,54,,,,0.5141700404858299,7.966377536306517,5.175146771037182,5289.0,9.296379647749513,7.447570437562892,10.429501441961065,49.44373972602739,11.445483571943559,10.0,5.770136405050599,0.029468731425316915,0.10459371614301183,0.6550704225352113,0.08367427416425646,174.0,76.0,11.287481103922648,2219.0,0.3199608610567515,9.468253968253968,1022.0
corpora_selected_txt/KUK_1.0/data/FrBo/articles/TXT/red_Co byste měli vědět o nahlížení do spisu_akt2021.txt,Fart_red_00244,red_Co byste měli vědět o nahlížení do spisu_akt2021,TXT,data/FrBo/articles/TXT,FrBo,FrBo_articles,244,Co byste měli vědět o nahlížení do spisu;Správní řízení;Účastníci správního řízení,True,high,,,,normative,quasiobjective,False,individual,natural person,public,No,,good,2.0,,,204,1.2794117647058822,0.4287144781320336,1.0,-1.0,,2.0,5.0,0.8485281374238569,,,,,,,,,3.0,,39.0,1.7179487179487178,0.7780807894915469,3.0,65,10.215384615384615,0.5869649218528945,15.0,2.066666666666667,0.7643381931415381,1.0,85,2.4823529411764707,0.5615497129880217,57.0,1.736842105263158,0.7341619946908038,62,1.9516129032258065,0.767487799298446,,2.0,,60,0.2670012367806486,0.3658733507785023,2.0,11.0,1.3636363636363635,0.4944132324730442,0.09894715707409206,0.48946865373547105,105,2.057142857142857,0.5947074863342434,0.2849242424242424,0.44521876901591806,29,,,,0.6233766233766234,8.015081813314296,5.220417633410673,4500.0,9.479350348027841,7.41077555976594,10.813859628770299,46.47973553453511,11.801135106193113,12.0,5.871497744362253,0.021381399123811696,0.12505897771952812,0.6881389252948886,0.059100781756864285,197.0,65.0,11.51311941424646,1917.0,0.3689095127610209,6.951048951048951,862.0
corpora_selected_txt/KUK_1.0/data/FrBo/articles/TXT/red_Správní exekuce_final.txt,Fart_red_00245,red_Správní exekuce_final,TXT,data/FrBo/articles/TXT,FrBo,FrBo_articles,245,Správní exekuce;Správní řízení;Správní řízení,True,high,,,,normative,quasiobjective,False,individual,natural person,public,No,,good,7.0,,3.0,479,1.4739039665970772,0.47412126130692156,0.9989561586638831,0.013176034388024407,,5.0,4.4,0.4128614119223852,,,,2.0,,1.0,2.0,,1.0,,31.0,3.161290322580645,0.9135094493716803,5.0,117,10.435897435897436,0.6423555085078854,43.0,2.116279069767442,0.5073510375484261,,127,2.425196850393701,0.5843348394711257,106.0,1.3396226415094339,0.6085109392148369,114,1.9210526315789473,0.6895588628091253,,,,94,0.2210055070267564,0.4196481647983127,6.0,28.0,1.4285714285714286,0.5192587309132409,0.1023792382552334,0.558653368027596,170,2.552941176470588,0.7972089367368276,0.3166318497149495,0.3699363905713585,98,10.0,,,0.38125,10.581876645876648,5.753753753753754,9580.0,12.132912912912913,7.654847099040182,13.118184984984982,32.60206675906676,15.109725109725112,17.0,5.826536255312943,0.03664341480338725,0.1384355044699872,0.6733141762452107,0.10994232330324824,200.0,117.0,13.5858093907238,4031.0,0.2594594594594595,10.736263736263735,1665.0
corpora_selected_txt/KUK_1.0/data/FrBo/articles/TXT/red_Podávání podnětů správním orgánům.txt,Fart_red_00248,red_Podávání podnětů správním orgánům,TXT,data/FrBo/articles/TXT,FrBo,FrBo_articles,248,Podávání podnětů správním orgánům;Správní řízení;Správní řízení,True,high,,,,normative,quasiobjective,False,individual,natural person,public,No,,good,,,,229,1.3275109170305677,0.406629085731974,1.0,-1.0,1.0,3.0,3.0,0.3333333333333333,,,,1.0,,,,1.0,2.0,,28.0,2.142857142857143,0.7264548337745461,3.0,74,10.5,0.6388279424065442,22.0,2.0,0.6900655593423543,,77,2.5844155844155843,0.5899982498230906,63.0,1.380952380952381,0.8166688128178474,71,1.704225352112676,0.6682514882278447,,,,63,0.26437565581020445,0.31430921332501316,1.0,18.0,1.5555555555555556,0.5038864560833618,0.11950615174299384,0.593391796055698,111,2.1531531531531534,0.6692268531144564,0.29564376064376063,0.364071346787355,77,1.0,,,0.5494505494505495,8.638239490253223,5.386571719226857,5295.0,10.26388606307223,7.568776473525127,11.075431250171839,44.74044433752164,11.417277501305987,13.0,5.896369584438055,0.021303766558330252,0.1270701357466063,0.7042533936651584,0.05404570098425407,243.0,74.0,11.262548206617517,2213.0,0.387589013224822,7.818791946308725,983.0
corpora_selected_txt/KUK_1.0/data/FrBo/articles/TXT/red_10 významných práv účastníka správního řízení.txt,Fart_red_00249,red_10 významných práv účastníka správního řízení,TXT,data/FrBo/articles/TXT,FrBo,FrBo_articles,249,10 významných práv účastníka správního řízení;Správní řízení;Účastníci správního řízení,True,high,,,,normative,quasiobjective,False,individual,natural person,public,No,,good,,,,171,1.3157894736842106,0.49097262413199655,1.0,-1.0,,,,,,,,,,,,1.0,2.0,,11.0,2.272727272727273,0.485633606744838,4.0,45,10.8,0.6156473815961072,15.0,1.9333333333333333,0.49714660589133874,1.0,50,2.66,0.8201687519770112,45.0,1.7333333333333334,0.8287709066487369,41,2.1707317073170733,0.8362374175784426,,1.0,,38,0.22124282880861829,0.33087070468378815,1.0,10.0,1.1,0.28747978728803447,0.08438736100500807,0.44177422870269806,60,3.1,0.6163609981869947,0.3278079001608413,0.3038990937489299,41,1.0,,,0.5240963855421686,9.081082706235648,5.3879173290938,3389.0,10.377106518282995,7.299345169466497,11.116147147147146,45.75983123123123,11.441667549902846,10.0,5.8277485646158,0.01774973786790753,0.11588679245283018,0.6706792452830189,0.047627284851557684,162.0,45.0,11.297417166548648,1394.0,0.4165341812400636,8.069767441860465,629.0
corpora_selected_txt/KUK_1.0/data/FrBo/articles/TXT/red_Dotčený vlastník - Kdo to je a jaká má v územním plánování práva_final.txt,Fart_red_00251,red_Dotčený vlastník - Kdo to je a jaká má v územním plánování práva_final,TXT,data/FrBo/articles/TXT,FrBo,FrBo_articles,251,Dotčený vlastník: Kdo to je a jaká má v územním plánování práva?;Územní plánování;Územní plánování,True,high,,,,normative,quasiobjective,False,individual,natural person,public,No,,good,2.0,1.0,,386,1.3963730569948187,0.4230531818076522,1.0,-1.0,,5.0,2.2,0.20327890704543544,,,,,,1.0,,,8.0,,56.0,1.75,0.628335256694382,1.0,113,10.150442477876107,0.5819797539508325,23.0,1.9130434782608696,0.5663607179262324,,140,3.0642857142857145,0.8342707715163842,113.0,1.8849557522123894,0.9994494017659018,104,1.9230769230769231,0.7484560159201008,,2.0,,102,0.2470064723291215,0.35230074667360667,5.0,16.0,1.3125,0.3647341362881288,0.09841228029693419,0.5155859031355715,184,2.244565217391304,0.6090484310544878,0.3023893094153644,0.3967181179821873,59,6.0,,,0.5357917570498916,8.975118337106402,5.406976744186046,8370.0,10.425064599483205,7.467793922682712,11.645581812672933,41.63466620932519,12.456390203745627,17.0,5.738039284342383,0.03168207971543773,0.14559006211180126,0.6362249827467219,0.09759622186901043,218.0,113.0,11.959646791516828,3545.0,0.2564599483204134,7.1138211382113825,1548.0
corpora_selected_txt/KUK_1.0/data/FrBo/articles/TXT/red_Certifikáty autorizovaných inspektorů.txt,Fart_red_00253,red_Certifikáty autorizovaných inspektorů,TXT,data/FrBo/articles/TXT,FrBo,FrBo_articles,253,Certifikáty autorizovaných inspektorů;Územní a stavební řízení;Územní a stavební řízení,True,high,,,,normative,quasiobjective,False,individual,natural person,public,No,,good,5.0,,,295,1.471186440677966,0.51915509611441,0.9988700564971752,0.013715255110754443,,6.0,4.333333333333333,1.2094304004328336,,,,1.0,,1.0,,2.0,5.0,,14.0,1.7142857142857142,0.6642584709578916,7.0,50,16.46,1.283220768665117,29.0,3.0,1.2084359562332876,,78,3.1538461538461537,0.7851559006918715,46.0,3.9130434782608696,3.720487157800444,78,2.2435897435897436,1.669543773413491,,,,44,0.19207884470445852,0.46079375785682664,4.0,18.0,1.1111111111111112,0.29104275004359953,0.08342266313841672,0.643764109972481,113,2.9026548672566372,0.8746673063018111,0.35073665136500926,0.4499768904329096,49,3.0,,,0.3035143769968051,16.658060848056536,5.963780918727915,6751.0,13.866519434628975,7.683486792171053,18.188095936395754,13.795707985865732,18.31395053003534,13.0,5.80933330599732,0.04696973614577185,0.1346466602129719,0.6678025169409487,0.12876911072299124,237.0,50.0,16.206173938767797,2827.0,0.35159010600706714,13.712765957446809,1132.0
corpora_selected_txt/KUK_1.0/data/FrBo/articles/TXT/red_jak se bránit územnímu souhlasu a ohlášení stavby.txt,Fart_red_00254,red_jak se bránit územnímu souhlasu a ohlášení stavby,TXT,data/FrBo/articles/TXT,FrBo,FrBo_articles,254,Jak se bránit proti územnímu souhlasu a ohlášení?;Územní a stavební řízení;Územní a stavební řízení,True,high,,,,normative,quasiobjective,False,individual,natural person,public,No,,good,1.0,,,329,1.419452887537994,0.4298604551890568,1.0,-1.0,,3.0,2.0,-1.0,,,,,,,,1.0,4.0,,26.0,1.6923076923076923,0.5223911963112232,1.0,89,10.112359550561798,0.7206067207677934,25.0,2.48,0.8403494103408918,1.0,106,2.9150943396226414,0.6911586110110124,54.0,1.5555555555555556,0.6568556738000453,90,2.1444444444444444,0.82285985258964,,5.0,,70,0.21118768630422766,0.3471439469309853,,25.0,1.32,0.5669177858748395,0.11709163059163058,0.6869164899558509,124,2.7338709677419355,0.5864926148115572,0.3219277441241741,0.4480591752457424,68,2.0,,,0.4147058823529412,9.406741573033706,5.5,6776.0,10.883928571428571,7.548945738967524,11.969743643294905,39.6959365606304,12.647468262075003,14.0,5.950926268674118,0.026907141635178863,0.10647837599293908,0.711270962047661,0.07739938287172582,172.0,89.0,12.090420083584192,2855.0,0.2922077922077922,10.114285714285714,1232.0
corpora_selected_txt/KUK_1.0/data/FrBo/articles/TXT/red_Jak se bránit neposkytnutí projektové dokumentace.txt,Fart_red_00259,red_Jak se bránit neposkytnutí projektové dokumentace,TXT,data/FrBo/articles/TXT,FrBo,FrBo_articles,259,Jak se bránit neposkytnutí projektové dokumentace;Územní a stavební řízení;Správní řízení,True,high,,,,normative,quasiobjective,False,individual,natural person,public,No,,good,2.0,,2.0,234,1.4401709401709402,0.46759323302280936,1.0,-1.0,,3.0,2.3333333333333335,0.24743582965269678,,,,,,,3.0,,1.0,,18.0,2.1666666666666665,0.8263835975687471,1.0,51,12.941176470588236,0.5525754875322354,14.0,2.2857142857142856,0.3611213838118062,,67,3.4328358208955225,0.9325929558791073,36.0,2.111111111111111,0.8827592816544335,62,2.2096774193548385,0.9239688875383395,,,,47,0.21195532123250696,0.4315954587599937,2.0,12.0,1.1666666666666667,0.49487165930539345,0.08142829392829393,0.520003384415989,90,3.1,0.722203210076879,0.36808437704271035,0.4539984741105899,59,,,,0.4811320754716981,11.92193073535001,5.608893956670467,4919.0,11.798631698973777,7.570290309876489,14.053687124108478,31.773008630133916,15.498727837771368,13.0,5.816638568897538,0.02828914400457122,0.11241645244215948,0.667917737789203,0.06833025406455964,197.0,51.0,14.126518440385961,2065.0,0.3774230330672748,9.851485148514852,877.0
corpora_selected_txt/KUK_1.0/data/FrBo/articles/TXT/red_Sousedské spory-Jak se bránit imisím_FINAL.txt,Fart_red_00260,red_Sousedské spory-Jak se bránit imisím_FINAL,TXT,data/FrBo/articles/TXT,FrBo,FrBo_articles,260,Sousedské spory: Jak se bránit imisím;Fungování obcí a úřadů;Sousedská práva,True,high,,,,normative,quasiobjective,False,individual,natural person,public,No,,good,6.0,,,445,1.2898876404494382,0.40237443813258045,1.0,-1.0,1.0,4.0,4.5,0.9686442096757053,,,,,,,,,,,61.0,1.6557377049180328,0.6512814792939982,2.0,134,10.022388059701493,0.5663370505437684,42.0,1.880952380952381,0.5406766139122687,,176,2.727272727272727,0.6564454546423754,107.0,1.7476635514018692,0.8684612260112112,137,1.9635036496350364,0.9812192090821572,1.0,2.0,,122,0.2519861805577648,0.3552553791801039,4.0,39.0,1.2820512820512822,0.4364449684969639,0.10868459962589516,0.47087744141831334,214,2.322429906542056,0.5979399959097942,0.32941584063422985,0.4061313435899364,66,2.0,1.0,,0.6051502145922747,8.579260895779498,5.463953488372093,9398.0,10.535813953488374,7.996346642021701,12.06111716192937,37.01505124892333,12.235831180017227,16.0,5.874112078418106,0.024789609883448208,0.13107341147439855,0.6887970388648982,0.06873052274769204,339.0,135.0,11.743940464119007,4111.0,0.32790697674418606,7.149466192170818,1720.0
corpora_selected_txt/KUK_1.0/data/FrBo/articles/TXT/red_Svépomoc při ochraně subjektivních práv_final.txt,Fart_red_00262,red_Svépomoc při ochraně subjektivních práv_final,TXT,data/FrBo/articles/TXT,FrBo,FrBo_articles,262,Kdy můžete k ochraně svých práv použít svépomoci?;Fungování obcí a úřadů;Sousedská práva,True,high,,,,normative,quasiobjective,False,individual,natural person,public,No,,good,2.0,,,381,1.372703412073491,0.4343309419913725,0.9995625546806649,0.00854232879472347,,6.0,4.833333333333333,0.8421138681580503,,,,1.0,,,,,2.0,,46.0,1.565217391304348,0.5496288809019557,8.0,101,11.049504950495049,0.5310190223200573,43.0,1.9767441860465116,0.7526829038831625,,139,2.841726618705036,0.7129925837883105,100.0,1.85,0.6625812799404055,108,1.9351851851851851,0.6823055375590775,2.0,5.0,1.0,93,0.23864837182291157,0.3071779804890003,4.0,30.0,1.3666666666666667,0.44996187794515474,0.10168862312438164,0.4616519172159316,187,2.2459893048128343,0.5827956601241443,0.3170018689325075,0.37170661638708685,42,,,,0.5465994962216625,9.898659573891727,5.52530779753762,8078.0,11.09316005471956,7.901502412173204,12.354922830518348,38.25532731508443,12.848922539312756,14.0,5.915105880820491,0.0225160180060001,0.1401760821716801,0.7040865737344094,0.05884395548996601,310.0,101.0,12.259590351531287,3397.0,0.34746922024623805,7.685185185185185,1462.0
"corpora_selected_txt/KUK_1.0/data/FrBo/articles/TXT/red_Samostatná a přenesená působnost_final, k doplnění linku na část v rámci manuául.txt",Fart_red_00263,"red_Samostatná a přenesená působnost_final, k doplnění linku na část v rámci manuául",TXT,data/FrBo/articles/TXT,FrBo,FrBo_articles,263,Co je to samostatná a přenesená působnost;Fungování obcí a úřadů;Orgány obce a kraje,True,high,,,,normative,quasiobjective,False,individual,natural person,public,No,,good,12.0,,,338,1.4053254437869822,0.44781707023489264,0.9995069033530571,0.009069943912604947,1.0,14.0,5.5,0.8370018847754224,,,,,,,,1.0,3.0,,36.0,2.0,0.8194074514114279,,115,9.991304347826087,0.6227187204015231,10.0,2.7,0.8010433677781894,,115,3.382608695652174,0.834866854972337,56.0,2.5714285714285716,1.0109945542764587,90,2.522222222222222,0.8779942301199957,,,,83,0.20402226477191973,0.4150677108519425,10.0,8.0,1.375,0.3763993960049205,0.08560305183946489,0.3655681454283978,134,2.716417910447761,0.7535159583342584,0.28689658531076445,0.37285417940050314,58,3.0,,,0.4263565891472868,8.574144764862467,5.308673469387755,8324.0,9.953188775510204,7.475415859606343,11.438549328970716,42.92400827417924,12.877382431233364,17.0,5.673774033882466,0.03915556668275888,0.11028590878148403,0.625575221238938,0.09988421165072876,218.0,115.0,12.216559955057992,3561.0,0.26211734693877553,11.060975609756097,1568.0
corpora_selected_txt/KUK_1.0/data/FrBo/articles/TXT/red_Zastupitelstvo_o čem a jak rozhoduje.txt,Fart_red_00264,red_Zastupitelstvo_o čem a jak rozhoduje,TXT,data/FrBo/articles/TXT,FrBo,FrBo_articles,264,Zastupitelstvo obce a kraje: o čem rozhoduje a jak?;Fungování obcí a úřadů;Orgány obce a kraje,True,high,,,,normative,quasiobjective,False,individual,natural person,public,No,,good,1.0,2.0,1.0,226,1.2566371681415929,0.42809436380790844,1.0,-1.0,,11.0,4.818181818181818,0.6002254234183723,,,,,,,,1.0,2.0,,29.0,2.0,0.6681531047810608,4.0,84,9.928571428571429,0.574834881065422,6.0,2.1666666666666665,0.3474335320195759,,90,3.188888888888889,0.6939108623445299,61.0,2.098360655737705,0.846731085942309,79,2.0,0.7885397084452194,,2.0,,77,0.210654133102366,0.41513563830526473,,10.0,1.1,0.28747978728803447,0.09799353424353424,0.4605180022966346,106,2.792452830188679,0.7054205681886399,0.3415290488773169,0.36785429338822245,35,,,,0.6454545454545455,8.710124924945731,5.580019398642095,5753.0,10.99592628516004,7.34046033497303,10.9394730959309,43.77914585931367,12.901764352685788,14.0,5.717016236051743,0.02344570342646375,0.13022532188841196,0.640461373390558,0.07000097881714687,201.0,84.0,12.075306179157732,2365.0,0.32783705140640157,8.21985815602837,1031.0
corpora_selected_txt/KUK_1.0/data/FrBo/articles/TXT/red_Práva občanů obcí a krajů_final.txt,Fart_red_00265,red_Práva občanů obcí a krajů_final,TXT,data/FrBo/articles/TXT,FrBo,FrBo_articles,265,Práva občanů obcí a krajů;Fungování obcí a úřadů;Zapojení veřejnosti,True,high,,,,normative,quasiobjective,False,individual,natural person,public,No,,good,7.0,1.0,1.0,497,1.3158953722334004,0.4335064092484455,1.0,-1.0,,5.0,2.6,0.3440104580768907,,,,,,,,,7.0,,84.0,2.130952380952381,1.379800110490825,3.0,156,10.91025641025641,0.5839157442498544,36.0,2.111111111111111,0.5636390327507542,,201,3.4079601990049753,0.9400199512020441,130.0,2.353846153846154,0.9221040610028023,129,2.356589147286822,1.1123795257432432,,5.0,,137,0.2323136667147979,0.4022347165885617,9.0,27.0,1.1481481481481481,0.31530250994363335,0.10432986648586924,0.3925156390993588,231,2.5454545454545454,0.6330777905665361,0.3088973429867443,0.39489580725794093,69,1.0,,,0.5963302752293578,9.140409732119064,5.368278355173972,11880.0,10.314821509263444,7.962234509056599,11.655694231058895,42.475275736614634,12.79591342533051,20.0,5.8306801328723425,0.0243530010261967,0.12190633869441814,0.6630842005676443,0.07662432269605769,296.0,156.0,12.207948050445438,5009.0,0.26163578852236785,7.787037037037037,2213.0
corpora_selected_txt/KUK_1.0/data/FrBo/articles/TXT/red_Smlouvy obcí s investory.txt,Fart_red_00267,red_Smlouvy obcí s investory,TXT,data/FrBo/articles/TXT,FrBo,FrBo_articles,267,Smlouvy obcí s investory;Fungování obcí a úřadů;Hospodaření obce a kraje,False,,,,,normative,quasiobjective,False,individual,natural person,public,No,,bad,,,1.0,133,1.368421052631579,0.4070111299323757,1.0,-1.0,1.0,3.0,4.0,-1.0,,,,1.0,,,,,2.0,,11.0,1.9090909090909092,0.920908552657796,1.0,30,12.933333333333334,0.793442694848002,13.0,1.3076923076923077,0.36735282343519987,1.0,50,3.2,1.120526821250994,24.0,1.6666666666666667,0.7223151185146152,40,3.425,1.5291614567947083,,,1.0,27,0.2252382516355922,0.3196286043509369,,9.0,1.3333333333333333,0.375,0.09739704198768526,0.8065193479036655,56,2.375,0.5537355116590629,0.2956490434169005,0.48848729810160885,13,1.0,,,0.45323741007194246,11.765813450292399,5.582846003898635,2864.0,11.666861598440542,7.382268185985374,13.720317738791422,33.86317621832359,14.559298245614038,8.0,6.033992113799317,0.012888622265861622,0.12050724637681154,0.753816425120773,0.04356321077310933,172.0,30.0,13.506818969022046,1192.0,0.49902534113060426,9.03225806451613,513.0
corpora_selected_txt/KUK_1.0/data/FrBo/articles/TXT/red_Jaká pravidla platí při nakládání s veřejným majetkem_final.txt,Fart_red_00269,red_Jaká pravidla platí při nakládání s veřejným majetkem_final,TXT,data/FrBo/articles/TXT,FrBo,FrBo_articles,269,Jaká pravidla platí při nakládání s veřejným majetkem?;Fungování obcí a úřadů;Hospodaření obce a kraje,True,high,,,,normative,quasiobjective,False,individual,natural person,public,No,,good,7.0,1.0,2.0,670,1.3402985074626865,0.4491200162612265,1.0,-1.0,,37.0,3.6216216216216215,0.8266981707959601,,,,,,,1.0,1.0,6.0,,126.0,2.015873015873016,0.6050638810940548,5.0,212,12.995283018867925,1.237071330973256,43.0,2.5348837209302326,0.6346399962008827,,267,3.1235955056179776,2.1195007699981807,197.0,1.8071065989847717,0.8164587961103273,212,1.9386792452830188,0.6433154361656503,,2.0,,182,0.24090225398070622,0.4043416958274457,2.0,51.0,1.2745098039215685,0.446015893791682,0.10510272542976255,0.5414452513278052,311,2.485530546623794,1.048568334227852,0.2936049942478417,0.3908860276860821,108,4.0,,,0.5790108564535585,8.87977259149497,4.915608241603161,17416.0,8.45975162291843,8.284244170861216,10.06218026154859,57.46616859535233,11.709290620001882,26.0,5.715488219136536,0.06214222190403526,0.09360336817653891,0.6370993031358885,0.17415017089947735,451.0,216.0,11.429527900616531,6954.0,0.23257126728760938,8.747390396659707,3543.0
corpora_selected_txt/KUK_1.0/data/FrBo/articles/TXT/red_Rada obce a kraje O čem rozhoduje a jak se zapojit do její činnosti_final.txt,Fart_red_00270,red_Rada obce a kraje O čem rozhoduje a jak se zapojit do její činnosti_final,TXT,data/FrBo/articles/TXT,FrBo,FrBo_articles,270,Rada obce a kraje: o čem rozhoduje a jak se zapojit do její činnosti?;Fungování obcí a úřadů;Orgány obce a kraje,True,high,,,,normative,quasiobjective,False,individual,natural person,public,No,,good,3.0,1.0,1.0,389,1.2673521850899743,0.4009688656299918,1.0,-1.0,,7.0,3.2857142857142856,0.7997321542795012,,,,,,,,,4.0,,43.0,1.9767441860465116,0.7921263549052275,1.0,133,9.774436090225564,0.6367502411803055,15.0,2.4,0.540979417500084,,135,2.9703703703703703,0.6732422633501863,108.0,1.9907407407407407,0.7444212842724429,119,2.0588235294117645,0.867707292835224,,1.0,,118,0.2115803020596611,0.3401781936180849,2.0,23.0,1.2608695652173914,0.49108361558986136,0.13981052368687194,0.6934447608657496,164,2.9207317073170733,0.6513723465786554,0.34886485929941213,0.37280508903133025,45,4.0,,,0.6416666666666667,7.403319756956968,5.231857318573185,8507.0,9.350369003690036,7.663306600106377,10.241125951409888,48.443549639782105,11.630692968583823,15.0,5.794575082839971,0.019570249686287282,0.13935821872953502,0.6629273084479371,0.05840476554202157,221.0,133.0,11.328732661861974,3610.0,0.27183271832718325,8.152173913043478,1626.0
"corpora_selected_txt/KUK_1.0/data/FrBo/articles/TXT/red_Co můžete dělat, pokud obec postupuje při prodeji nebo pronájmu pozemků nezákonně_FINAL.txt",Fart_red_00273,"red_Co můžete dělat, pokud obec postupuje při prodeji nebo pronájmu pozemků nezákonně_FINAL",TXT,data/FrBo/articles/TXT,FrBo,FrBo_articles,273,"Co můžete dělat, pokud obec postupuje při prodeji nebo pronájmu pozemků nezákonně?;Fungování obcí a úřadů;Hospodaření obce a kraje",True,high,,,,normative,quasiobjective,False,individual,natural person,public,No,,good,1.0,1.0,,690,1.3072463768115943,0.42318856468433974,0.9997584541062803,0.0063464245163390625,,26.0,3.076923076923077,0.5585696017507576,,,1.0,1.0,,,1.0,1.0,5.0,,137.0,1.8613138686131387,0.6618032796652211,4.0,197,11.309644670050762,0.5804320882290762,68.0,2.3676470588235294,0.6440827375066563,,251,3.0358565737051793,0.8319268681695556,202.0,2.089108910891089,1.0485003961545947,208,1.9182692307692308,0.7935049542063345,,2.0,,177,0.2496234316807025,0.40389806850425813,1.0,59.0,1.2203389830508475,0.4045409946437837,0.11107766225833077,0.5290926757965158,328,2.3780487804878048,0.6042219236709413,0.3122561762424567,0.3671449319660621,81,3.0,,,0.6504065040650406,8.996121623271463,5.325275506576609,14980.0,10.11571276217561,8.131019729449694,11.58856905349262,42.97184069992497,11.697758961818685,21.0,5.867142308689967,0.024726889967734512,0.11973102431834926,0.6835740604274134,0.07118746110650048,382.0,198.0,11.479024033405114,6343.0,0.25026661926768573,6.860125260960334,2813.0
corpora_selected_txt/KUK_1.0/data/FrBo/articles/TXT/red_Kompletní_průvodce_právem_na_informace_o_ŽP_final.txt,Fart_red_00274,red_Kompletní_průvodce_právem_na_informace_o_ŽP_final,TXT,data/FrBo/articles/TXT,FrBo,FrBo_articles,274,Kompletní průvodce právem na informace o životním prostředí;Právo na informace;Právo na informace,True,high,,,,normative,quasiobjective,False,individual,natural person,public,No,,good,8.0,,3.0,720,1.3875,0.4615627421329527,0.9997685185185186,0.006212738071312233,,11.0,4.636363636363637,0.8854846384792334,,,,,,,1.0,,4.0,,96.0,1.8020833333333333,0.7139113218156413,13.0,219,10.337899543378995,0.6170574830568715,60.0,1.8166666666666667,0.6037775231180808,1.0,244,2.778688524590164,0.7767649899134198,188.0,1.6808510638297873,0.7106969188815965,176,1.8409090909090908,0.9608569200766521,,5.0,,180,0.2457834674358363,0.4453578958658413,7.0,59.0,1.4067796610169492,0.3761115507252534,0.10962721801794971,0.46777551411605156,303,2.5643564356435644,0.7954237042249162,0.3110977406315455,0.3773609838018244,104,3.0,,,0.5329113924050632,9.371225668449199,5.532085561497326,16552.0,10.997860962566845,7.995738459022522,11.869269385026737,39.92656203208557,13.514866310160428,25.0,5.743625861429884,0.03735604122211893,0.11259592118907702,0.6522951952989976,0.09940995803030525,452.0,220.0,12.594785366340119,6942.0,0.25434491978609625,8.31904761904762,2992.0
corpora_selected_txt/KUK_1.0/data/FrBo/articles/TXT/red_Jaký_je_rozdíl_mezi_právem_na_informace_o_životním_prostředí_a_obecným_právem_na_informace_final.txt,Fart_red_00276,red_Jaký_je_rozdíl_mezi_právem_na_informace_o_životním_prostředí_a_obecným_právem_na_informace_final,TXT,data/FrBo/articles/TXT,FrBo,FrBo_articles,276,Jaký je rozdíl mezi právem na informace o životním prostředí a obecným právem na informace?;Právo na informace;Právo na informace,True,high,,,,normative,quasiobjective,False,individual,natural person,public,No,,good,1.0,,,309,1.4174757281553398,0.4313529205319651,1.0,-1.0,,3.0,5.666666666666667,0.444107907957103,,,,,,,,,,,35.0,1.8285714285714285,0.6563265886680557,5.0,102,8.568627450980392,0.7535666744145193,14.0,1.9285714285714286,0.42971803786320095,,87,2.4942528735632186,0.5290412572512303,64.0,1.609375,0.7227362949640588,69,1.8985507246376812,0.6136211506660246,,,,76,0.23335789512616548,0.4571307795951839,1.0,20.0,1.3,0.3616633430627902,0.11665576747813591,0.4459548768542301,116,2.7586206896551726,0.7878717204127125,0.30950450606610963,0.3705712369467806,31,1.0,,,0.47770700636942676,7.815070512717639,5.426446280991735,6566.0,10.169752066115704,7.339531830601025,10.321597368209893,47.0026450292867,11.938698547701197,15.0,5.617893119337115,0.04369288502674765,0.1252115211521153,0.6108460846084608,0.11568769646499223,179.0,103.0,11.4591648198506,2730.0,0.2809917355371901,9.590604026845638,1210.0
corpora_selected_txt/KUK_1.0/data/FrBo/articles/TXT/red_Kompletní_průvodce_právem_na_informace_final.txt,Fart_red_00277,red_Kompletní_průvodce_právem_na_informace_final,TXT,data/FrBo/articles/TXT,FrBo,FrBo_articles,277,Kompletní průvodce právem na informace;Právo na informace;Právo na informace,True,high,,,,normative,quasiobjective,False,individual,natural person,public,No,,good,19.0,,,888,1.3963963963963963,0.45142915749330254,0.9998123123123124,0.0055940170549094535,,18.0,3.7222222222222223,0.6696194311231616,,,1.0,,1.0,,1.0,,4.0,,102.0,1.8529411764705883,0.7058983351952678,14.0,223,12.461883408071749,0.8028340649872104,57.0,1.9473684210526316,0.7417499917041119,2.0,303,3.1254125412541254,1.7560782689959398,239.0,2.01673640167364,1.8790751976929876,224,2.25,2.13418020061947,,14.0,,206,0.23923832144916096,0.4101388932672976,6.0,65.0,1.3692307692307693,0.45772297371508736,0.09451264600288178,0.44574751994268386,401,2.6408977556109727,0.7105004430275319,0.32280029248400866,0.3949013539832707,133,5.0,1.0,,0.5176233635448136,11.479492241537539,5.607249120908845,20730.0,11.721206383554234,8.129900406931668,13.753280584643917,32.5261140210209,15.289911221453691,27.0,5.808074949612392,0.031866482771689714,0.11922456920511393,0.6631434130072262,0.08944779966966003,415.0,224.0,13.94539937582628,8729.0,0.21855558560995403,8.423001949317738,3697.0
corpora_selected_txt/KUK_1.0/data/FrBo/articles/TXT/red_Kompletní průvodce petičním právem_final.txt,Fart_red_00281,red_Kompletní průvodce petičním právem_final,TXT,data/FrBo/articles/TXT,FrBo,FrBo_articles,281,Kompletní průvodce petičním právem;Spolky a účast veřejnsoti;Petice a shromáždění,True,high,,,,normative,quasiobjective,False,individual,natural person,public,No,,good,1.0,1.0,,520,1.3076923076923077,0.4175928595667256,1.0,-1.0,,2.0,3.5,0.20203050891044216,,,,,,,,,,,99.0,1.8888888888888888,0.5704390839824248,2.0,175,9.08,0.5296829524534982,27.0,2.0,0.7337993857053428,,198,2.6666666666666665,0.6843055689347611,161.0,1.6956521739130435,0.7163730420009675,149,1.9798657718120805,0.8145723956582058,,2.0,,159,0.2724907672695155,0.34966166426639517,3.0,38.0,1.263157894736842,0.3532878604089197,0.14470344327155474,0.5413887585913142,256,2.12109375,0.5533192722390305,0.3244320382174424,0.4137073909330422,39,2.0,,,0.6128472222222222,7.61994331833521,5.396653543307087,10966.0,10.001181102362205,7.911657861510455,10.886359195725532,42.903230798650185,10.333547806524185,19.0,5.78006884041424,0.036191789108854955,0.14592860838075528,0.6631143300569063,0.09753446168748958,333.0,175.0,10.470431459619569,4726.0,0.2859251968503937,6.693181818181818,2032.0
corpora_selected_txt/KUK_1.0/data/FrBo/articles/TXT/red_Předcházení ekologické újmě - jak se bránit nepříznivé změně životního prostředí_final.txt,Fart_red_00284,red_Předcházení ekologické újmě - jak se bránit nepříznivé změně životního prostředí_final,TXT,data/FrBo/articles/TXT,FrBo,FrBo_articles,284,Předcházení ekologické újmě – jak se bránit nepříznivé změně životního prostředí;Životní prostředí;Ochrana přírody a krajiny,True,high,,,,normative,quasiobjective,False,individual,natural person,public,No,,good,12.0,,1.0,401,1.4563591022443891,0.477558546928062,0.9995843724023274,0.008326396837630274,,9.0,7.777777777777778,0.8049274273282693,,,,1.0,,,,,3.0,,43.0,1.8837209302325582,0.6260865603176962,5.0,118,10.5,0.5986916499877254,31.0,2.4838709677419355,0.8563816638443253,,131,2.7099236641221376,0.7801008899895937,85.0,1.6352941176470588,0.8053515358466082,113,1.8849557522123894,1.1836246142527391,,,,103,0.23435985704316845,0.4615138367336033,5.0,33.0,1.2727272727272727,0.4510475335826816,0.10058954763429855,0.5955569783685456,177,2.7231638418079096,0.7424473881715254,0.3371449393632843,0.422578786389661,118,2.0,,,0.4553014553014553,10.198823044310931,5.693325315694528,9468.0,11.812086590499097,7.9046910141749835,12.676662854919478,35.12982474216386,13.671695882201348,17.0,5.856702798035877,0.029044212544830583,0.1203260869565218,0.6851278772378516,0.0789536113436414,289.0,119.0,12.728433800413686,3970.0,0.3084786530366807,8.724770642201834,1663.0
corpora_selected_txt/KUK_1.0/data/FrBo/articles/TXT/red_Jaké trestné činy mohou souviset s korupcí_FINAL.txt,Fart_red_00285,red_Jaké trestné činy mohou souviset s korupcí_FINAL,TXT,data/FrBo/articles/TXT,FrBo,FrBo_articles,285,Jaké trestné činy mohou souviset s korupcí;Korupce a transparentnost;Korupce a jednání úředníků,True,high,,,,normative,quasiobjective,False,individual,natural person,public,No,,good,13.0,,3.0,606,1.5214521452145215,0.5134607900470664,0.9997642621404998,0.005804543091295059,,8.0,4.75,0.7005001322617813,,,,1.0,,4.0,,2.0,6.0,,30.0,1.4333333333333333,0.4736585259937414,2.0,130,14.3,0.7285918415576741,44.0,1.8636363636363635,0.4989647986180492,,211,3.109004739336493,0.6756005807364054,136.0,1.875,0.7328168776247495,164,2.2865853658536586,0.8863473632057348,,3.0,,110,0.1901056672458588,0.4497987462954986,15.0,26.0,1.1923076923076923,0.4121969766442138,0.07735110909048545,0.5422049934747952,256,2.82421875,0.7652508815168284,0.3100258629878258,0.3960436912310983,127,3.0,,,0.36462585034013606,13.253847032655045,5.6056448451587615,14300.0,11.966640533124265,8.136038881614457,15.259107385101501,27.54506167516007,14.34731596640652,19.0,5.887500873644605,0.029490646370339026,0.10648858075040779,0.6906199021207178,0.08173447090806296,343.0,132.0,13.343531390751206,6034.0,0.25950607604860837,10.940074906367041,2551.0
corpora_selected_txt/KUK_1.0/data/FrBo/articles/TXT/red_provokace_korupcniho_jednani.txt,Fart_red_00288,red_provokace_korupcniho_jednani,TXT,data/FrBo/articles/TXT,FrBo,FrBo_articles,288,Provokace korupčního jednání;Korupce a transparentnost;Korupce a jednání úředníků,True,high,,,,normative,quasiobjective,False,individual,natural person,public,No,,good,9.0,,,208,1.5528846153846154,0.6660124777256093,0.9972909035409037,0.01963990564294454,,2.0,5.5,0.385694607919935,,,,,,,,,1.0,,15.0,2.2666666666666666,0.9353813182752524,5.0,50,13.56,0.6250767449950173,24.0,2.2916666666666665,0.766454427547865,,63,2.873015873015873,0.5395555076233837,35.0,1.6,0.6642111641550715,54,2.5555555555555554,0.8175152193438538,,,,43,0.186447361178578,0.3544259181345591,1.0,12.0,1.5,0.34815531191139565,0.08424262248759153,0.2696830321734206,80,3.1125,0.621890295139201,0.31931896196553705,0.40635571742524057,62,2.0,,,0.3524904214559387,12.660967320261435,5.672113289760349,5207.0,12.170043572984747,7.8750922517676365,14.774773420479299,28.365623093681904,15.304575163398694,10.0,6.047861139053107,0.026514965261167724,0.09648351648351638,0.7601709401709402,0.06865423710811,239.0,51.0,14.038888211671637,2192.0,0.42919389978213507,11.285714285714286,918.0
corpora_selected_txt/KUK_1.0/data/FrBo/articles/TXT/red_Jak využít svého práva být informován o veřejném dění.txt,Fart_red_00290,red_Jak využít svého práva být informován o veřejném dění,TXT,data/FrBo/articles/TXT,FrBo,FrBo_articles,290,Jak využít svého práva být informován o věcech veřejných;Korupce a transparentnost;Právo na informace,True,high,,,,normative,quasiobjective,False,individual,natural person,public,No,,good,5.0,,,348,1.3908045977011494,0.4278167076185349,1.0,-1.0,,15.0,7.533333333333333,0.7978285758460014,,,,,,,,2.0,4.0,,33.0,2.515151515151515,1.0939210020192187,2.0,99,11.01010101010101,0.6074085400193505,15.0,1.5333333333333334,0.543788731195299,,115,2.9391304347826086,0.8891573820263816,81.0,1.7037037037037037,0.639246883801482,64,2.125,0.7707510822148945,,3.0,,81,0.19146651908290163,0.4226468229220344,4.0,13.0,1.1538461538461537,0.32546263368615136,0.08356821086754197,0.5608597684220556,120,3.5166666666666666,0.7527827532999729,0.3287551207629897,0.37510860249581923,53,2.0,,,0.4071246819338422,11.087380918560608,5.670572916666667,8710.0,11.908333333333337,8.04274812535975,13.032779829545454,35.58314583333336,13.05501893939394,15.0,5.874539287498635,0.02776298864983322,0.0963604732080724,0.689526791927627,0.08299706509468137,304.0,99.0,12.440290513993297,3592.0,0.3385416666666667,11.10691823899371,1536.0
corpora_selected_txt/KUK_1.0/data/FrBo/articles/TXT/red_Jak získat informace o dotacích a jak oznámit jejich nesprávné použití.txt,Fart_red_00291,red_Jak získat informace o dotacích a jak oznámit jejich nesprávné použití,TXT,data/FrBo/articles/TXT,FrBo,FrBo_articles,291,Jak získat informace o dotacích a jak oznámit jejich nesprávné použití?;Korupce a transparentnost;Korupce a jednání úředníků,True,high,,,,normative,quasiobjective,False,individual,natural person,public,No,,good,3.0,,,255,1.3490196078431373,0.4507999009442792,1.0,-1.0,,5.0,2.8,0.46565731465733207,,,,,1.0,,1.0,,1.0,,28.0,2.0714285714285716,0.7066862597213516,,73,10.547945205479452,0.7273619430951748,17.0,1.411764705882353,0.5045367099296806,,93,2.774193548387097,0.5677830117052008,79.0,1.7088607594936709,0.8283822531466186,47,2.0851063829787235,0.5816443280946583,,,,64,0.2472803367428685,0.38004891048363604,1.0,15.0,1.2,0.3450327796711771,0.09518421712795114,0.46540882384244625,108,2.5925925925925926,0.6608301958733347,0.31688177170203313,0.4195222066697117,62,4.0,,,0.5474452554744526,10.226635118306351,5.6682785299806575,5861.0,11.721760154738883,7.591702784529586,13.11602974219019,32.492711613364776,13.712175088100475,13.0,5.8302225097414375,0.03517625013651461,0.12085561497326203,0.6735614973262032,0.09216004068797823,217.0,73.0,12.772166754842889,2507.0,0.3539651837524178,7.993288590604027,1034.0
corpora_selected_txt/KUK_1.0/data/FrBo/articles/TXT/red_Pozemkové úpravy_final.txt,Fart_red_00293,red_Pozemkové úpravy_final,TXT,data/FrBo/articles/TXT,FrBo,FrBo_articles,293,Pozemkové úpravy;Životní prostředí;Ochrana přírody a krajiny,True,high,,,,normative,quasiobjective,False,individual,natural person,public,No,,good,14.0,,1.0,430,1.4744186046511627,0.4803861273330831,0.9996124031007751,0.008040496841150725,,9.0,3.5555555555555554,0.5282544220117802,1.0,,,,,2.0,,,7.0,,9.0,1.7777777777777777,0.6147598616533125,8.0,104,11.317307692307692,0.721871229943436,23.0,2.0,0.6908492797077573,,135,3.0444444444444443,0.6640857071646933,71.0,2.0422535211267605,1.0548684323395303,99,1.797979797979798,0.6646660471773466,,10.0,,88,0.18418871612561266,0.40247003297899336,3.0,18.0,1.0555555555555556,0.22329687826943603,0.0940073815073815,0.4959864551114272,159,3.289308176100629,0.5957320466887027,0.35817221018574336,0.3568077097303064,96,3.0,,,0.3770491803278688,11.458015457184327,5.810691823899371,9239.0,12.539559748427672,7.97634496648495,13.728937106918234,30.41998790517661,15.27261731978713,14.666666666666666,5.818513656056651,0.03003923883046135,0.11230717639168342,0.6764252179745137,0.08909138920318523,319.0,104.0,13.81666964889586,3860.0,0.3383647798742138,11.19375,1590.0
"corpora_selected_txt/KUK_1.0/data/FrBo/articles/TXT/red_znalci, znalecké posudky_final2021.txt",Fart_red_00298,"red_znalci, znalecké posudky_final2021",TXT,data/FrBo/articles/TXT,FrBo,FrBo_articles,298,"Znalci, znalecké posudky;Správní řízení;Správní řízení",True,high,,,,normative,quasiobjective,False,individual,natural person,public,No,,good,8.0,,,230,1.3565217391304347,0.4268131022772984,1.0,-1.0,,7.0,3.5714285714285716,0.4811098280711657,,,,1.0,,,,,5.0,,31.0,1.4193548387096775,0.507213801291315,2.0,63,11.777777777777779,0.5863518531852345,16.0,1.625,0.5891859124654388,,94,2.7127659574468086,0.560805691897255,72.0,1.7361111111111112,0.7793665900525509,73,1.9589041095890412,0.6986972921158875,,2.0,,55,0.22968697735950763,0.4068553217390646,2.0,13.0,1.4615384615384615,0.45173309437135906,0.11002613328700285,0.5427650967044961,109,2.5779816513761467,0.6296742710286194,0.3307746564762215,0.4191483101445381,33,4.0,,,0.4981549815498155,10.565027753231877,5.5484536082474225,5382.0,11.320206185567004,7.624340107857817,12.496848175421366,39.01084814269353,11.890688921616757,11.8,5.893358889247281,0.017823544279826197,0.13687715269804823,0.6999655568312284,0.044283363272595404,266.0,63.0,11.614690334993394,2218.0,0.4020618556701031,8.201492537313433,970.0
corpora_selected_txt/KUK_1.0/data/FrBo/articles/TXT/red_Jak dosáhnout změny dopravního značení_final.txt,Fart_red_00299,red_Jak dosáhnout změny dopravního značení_final,TXT,data/FrBo/articles/TXT,FrBo,FrBo_articles,299,Jak dosáhnout změny dopravního značení?;Správní řízení;Správní řízení,True,high,,,,normative,quasiobjective,False,individual,natural person,public,No,,good,,,,242,1.43801652892562,0.4979486505626574,1.0,-1.0,,1.0,2.0,,,,,,,,1.0,,1.0,,29.0,2.103448275862069,1.0732116821844297,1.0,70,9.142857142857142,0.6565895860511874,7.0,2.0,0.5773502691896258,,80,2.6125,0.7570082464416612,66.0,1.6515151515151516,0.6146799523895798,47,1.6382978723404256,0.5609571327071404,,,,57,0.2625035223739802,0.4001273795755975,1.0,16.0,1.25,0.3577708763999664,0.14447401556776557,0.7056841712783921,94,2.5638297872340425,0.6332221119617423,0.34092126534035827,0.45367459454382564,71,1.0,,,0.48659003831417624,8.896313352970054,5.596792668957617,4886.0,11.111683848797247,7.563878443584763,12.103405171003107,36.223985632466054,12.044699721813124,12.0,5.954447256813088,0.020002688209128493,0.10687338501291987,0.710968992248062,0.058078165744001514,183.0,70.0,11.602472056035307,2104.0,0.36769759450171824,8.0,873.0
corpora_selected_txt/KUK_1.0/data/FrBo/articles/TXT/red_Místní a krajské referendum Jak dosáhnout jeho vyhlášení a jak probíhá_FINAL.txt,Fart_red_00300,red_Místní a krajské referendum Jak dosáhnout jeho vyhlášení a jak probíhá_FINAL,TXT,data/FrBo/articles/TXT,FrBo,FrBo_articles,300,Místní a krajské referendum: Jak dosáhnout jeho vyhlášení a jak probíhá?;Spolky a účast veřejnsoti;Místní referendum,True,high,,,,normative,quasiobjective,False,individual,natural person,public,No,,good,2.0,1.0,,507,1.272189349112426,0.39602220114294145,1.0,-1.0,,6.0,2.8333333333333335,0.4126041862764749,,,,1.0,,,,1.0,4.0,,78.0,1.6153846153846154,0.5751271768459387,,144,10.659722222222221,0.6241646160958819,41.0,1.951219512195122,0.6058697260962953,,187,2.893048128342246,0.806210202744008,136.0,1.9558823529411764,0.789295706026091,123,2.2357723577235773,1.0897090269639358,,1.0,,121,0.23984046315433002,0.3678347336090886,7.0,29.0,1.4827586206896552,0.4273269939181572,0.11666920244506451,0.4193578568044902,224,2.361607142857143,0.6300511348623964,0.3221023304680137,0.40072977764246226,63,2.0,,,0.6074950690335306,8.786584200051358,5.386235233692861,10487.0,10.300051361068311,7.778942734475247,11.113203133025163,44.92616358500257,12.496160760143812,19.0,5.767322515488183,0.0259819358256024,0.1339285714285714,0.6440530303030303,0.07185713973863009,254.0,144.0,11.97156271549957,4365.0,0.2516692347200822,7.299674267100977,1947.0
corpora_selected_txt/KUK_1.0/data/FrBo/articles/TXT/red_Kompletní průvodce občana obtěžovaného hlukuem.txt,Fart_red_00306,red_Kompletní průvodce občana obtěžovaného hlukuem,TXT,data/FrBo/articles/TXT,FrBo,FrBo_articles,306,Kompletní manuál občana obtěžovaného hlukem;Ochrana před hlukem;Hluk,True,high,,,,normative,quasiobjective,False,individual,natural person,public,No,,good,6.0,,1.0,518,1.420849420849421,0.455186714817063,1.0,-1.0,,11.0,3.909090909090909,1.0133238924346486,,,,,2.0,,,1.0,4.0,,28.0,2.6785714285714284,0.6895432972973755,3.0,132,10.409090909090908,0.6897073335010832,41.0,2.024390243902439,0.7925797183614427,1.0,152,3.0197368421052633,0.7870491797963357,90.0,1.6888888888888889,0.7821212927545425,104,2.2884615384615383,0.9228004806507402,,2.0,,105,0.21353418587901726,0.40794718696926363,6.0,25.0,1.2,0.34020690871988585,0.08881587349698805,0.34431211679079793,181,2.8784530386740332,0.7219484475979626,0.3402207945986378,0.44753660557635555,98,6.0,,,0.3452830188679245,10.478379467142844,5.74854420328216,10859.0,12.089359449444151,8.261705700166056,13.051975024296198,32.8029488002023,13.664216240133374,15.0,5.949410840328626,0.024209569420291236,0.11129050279329611,0.7158268156424581,0.06201354057686537,331.0,134.0,12.736638679475195,4574.0,0.3298041291688724,11.901098901098901,1889.0
corpora_selected_txt/KUK_1.0/data/FrBo/articles/TXT/red_nezakonny_uredni_postup_final.txt,Fart_red_00315,red_nezakonny_uredni_postup_final,TXT,data/FrBo/articles/TXT,FrBo,FrBo_articles,315,Jaké jsou typické nezákonné úřední postupy?;Korupce a transparentnost;Korupce a jednání úředníků,True,high,,,,normative,quasiobjective,False,individual,natural person,public,No,,good,8.0,,4.0,730,1.373972602739726,0.47377372217683905,0.9993150684931507,0.010676992854556583,,12.0,3.0833333333333335,0.5941476989323642,,,,1.0,,,,,1.0,,50.0,1.56,0.5957309878128423,7.0,168,12.535714285714286,0.6900403135207555,55.0,2.2363636363636363,0.6262743047985244,,212,3.2169811320754715,0.7332427827199487,122.0,1.8114754098360655,0.837751577167086,168,2.357142857142857,1.041545290762671,,,,147,0.19596378271733197,0.41215041249729206,19.0,53.0,1.320754716981132,0.5095015571464858,0.10649602149090386,0.7495264608762028,271,3.236162361623616,0.6756654236830122,0.3491648724795342,0.38743384776377904,230,1.0,,,0.4371345029239766,11.910506934088879,5.6210855949895615,16155.0,11.847286012526096,8.267789840438594,14.362807187593198,29.502274679391576,15.416273983497366,19.0,5.884354310119899,0.030440884911559673,0.10523963963963967,0.6970666666666666,0.08260080482477149,410.0,168.0,14.06817628641468,6879.0,0.26374391092553934,10.919463087248323,2874.0
corpora_selected_txt/KUK_1.0/data/FrBo/articles/TXT/red_Zástupce veřejnosti - jak a proč ho zmocnit_final.txt,Fart_red_00325,red_Zástupce veřejnosti - jak a proč ho zmocnit_final,TXT,data/FrBo/articles/TXT,FrBo,FrBo_articles,325,Zástupce veřejnosti: jak a proč ho zmocnit?;Územní plánování;Územní plánování,True,high,,,,normative,quasiobjective,False,individual,natural person,public,No,,good,2.0,3.0,,288,1.375,0.4195251866215042,1.0,-1.0,,6.0,2.3333333333333335,0.34992710611188255,,,,,,,,,1.0,,48.0,1.6875,0.548816494557482,,83,11.25301204819277,0.8857030542741711,15.0,2.0,0.4225771273642583,,110,3.3454545454545452,0.8865681000121426,91.0,2.4175824175824174,1.2348674473353491,78,2.1153846153846154,0.8851487147874646,,,,71,0.2521728778749918,0.30404907876350595,,11.0,1.0909090909090908,0.27638539919628335,0.08800533987699763,0.5258054211251263,140,2.3,0.6186240649798153,0.3291340692515504,0.4113756132466927,53,,,,0.5849056603773585,9.548240819565684,5.497005988023952,6426.0,10.905303678357575,7.196458732634921,12.071914446494276,39.45178778072082,12.442973605285127,16.0,5.580494549800506,0.04209774960874501,0.13575700934579438,0.5864953271028037,0.12581397455364998,148.0,83.0,11.974804511979414,2706.0,0.25748502994011974,7.1891891891891895,1169.0
corpora_selected_txt/KUK_1.0/data/FrBo/articles/TXT/red_Jak napadnout územní plán a zásady územního rozvoje_final.txt,Fart_red_00326,red_Jak napadnout územní plán a zásady územního rozvoje_final,TXT,data/FrBo/articles/TXT,FrBo,FrBo_articles,326,Jak napadnout územní plán a zásady územního rozvoje?;Územní plánování;Územní plánování,True,high,,,,normative,quasiobjective,False,individual,natural person,public,No,,good,1.0,,,360,1.4305555555555556,0.44922688641306835,1.0,-1.0,,4.0,4.5,0.4625924443258074,,,,,,,,,5.0,,48.0,1.6458333333333333,0.7466733745735736,,98,10.346938775510203,0.611265011419107,18.0,2.1666666666666665,0.8263835975687469,,118,2.6271186440677967,0.5469778678572679,88.0,1.8636363636363635,0.6668375884334561,100,2.01,0.6383617037395618,1.0,,,86,0.2516257854952145,0.37926562435026046,4.0,15.0,1.2,0.3450327796711771,0.09642958892958893,0.5332838300501935,151,2.5231788079470197,0.6723287910771529,0.3255190302996288,0.37939598064169894,62,2.0,,,0.4765258215962441,9.167518522065865,5.384837545126354,7458.0,10.385054151624546,7.4958101399386665,11.965176703750089,40.26875642820306,12.32454136889413,16.0,5.752932127232038,0.02751883597822284,0.12354587869362366,0.6399144634525661,0.07778918431963446,214.0,98.0,11.899873341045819,3186.0,0.2779783393501805,7.767326732673268,1385.0
corpora_selected_txt/KUK_1.0/data/FrBo/articles/TXT/red_Jak se podílet na plánování obce_final.txt,Fart_red_00328,red_Jak se podílet na plánování obce_final,TXT,data/FrBo/articles/TXT,FrBo,FrBo_articles,328,Jak se podílet na plánování obce?;Územní plánování;Územní plánování,True,high,,,,normative,quasiobjective,False,individual,natural person,public,No,,good,2.0,1.0,,436,1.4655963302752293,0.43213429937629305,1.0,-1.0,,9.0,4.111111111111111,0.8552036395836076,,,,,1.0,,,,10.0,,50.0,1.94,0.6108823314272794,,119,10.176470588235293,0.5719326196405624,18.0,2.0555555555555554,0.8585320610643451,,164,3.042682926829268,0.7811039956929859,115.0,1.826086956521739,0.9978644101638895,124,1.5887096774193548,0.5732637609338347,,,,109,0.24706320429234296,0.32173332945668676,2.0,8.0,1.125,0.3142696805273545,0.07576593137254901,0.3785269165241412,203,2.4532019704433496,0.5907861418767357,0.3449722868642251,0.3558202387310648,76,2.0,,,0.5341614906832298,9.260614044943821,5.544943820224719,8883.0,11.0189138576779,7.368275781775579,12.093074282147313,37.935760049937585,13.155230961298379,17.0,5.651577914271318,0.03139159225398246,0.13694610778443117,0.6207651363938789,0.07913724807396458,215.0,120.0,12.355376835755578,3779.0,0.2484394506866417,7.206225680933852,1602.0
"corpora_selected_txt/KUK_1.0/data/FrBo/articles/TXT/red_Jak se zapojit do povolování těžby - 1. díl_final, pořešit odkazy na druhý díl.txt",Fart_red_00332,"red_Jak se zapojit do povolování těžby - 1. díl_final, pořešit odkazy na druhý díl",TXT,data/FrBo/articles/TXT,FrBo,FrBo_articles,332,Jak se zapojit do povolování těžby? - 1. část;Životní prostředí;Hornictví,True,high,,,,normative,quasiobjective,False,individual,natural person,public,No,,good,13.0,,1.0,371,1.4150943396226414,0.45601643719387014,0.999550763701707,0.008656791138992453,,11.0,4.636363636363637,1.6770151620967368,,,,,,,2.0,1.0,2.0,,21.0,1.8095238095238095,0.5956908975545646,,103,9.883495145631068,0.6432429908196406,19.0,1.736842105263158,0.6020913794273223,1.0,116,3.4655172413793105,0.8495727061543297,57.0,2.017543859649123,0.8711321286264497,88,1.9886363636363635,0.7489466212755461,,2.0,,85,0.19375800729645884,0.3817508891630178,5.0,15.0,1.4,0.5914847651505893,0.12354268422682745,0.6516548861263037,131,2.900763358778626,0.6164689666064582,0.3165729460013054,0.3717019409697573,105,6.0,,,0.3713527851458886,9.962083443484158,5.730960854092527,8052.0,11.898149466192175,7.877954356709009,12.620802711404842,34.40066683612949,13.096153194373835,15.0,5.88078862308773,0.02748232902345009,0.10728177641653913,0.6924349157733537,0.0790287504273875,275.0,105.0,12.32374017784274,3393.0,0.33451957295373663,10.992805755395683,1405.0
corpora_selected_txt/KUK_1.0/data/FrBo/articles/TXT/red_Jak se řeší střet různých zájmů při povolování těžby_final.txt,Fart_red_00333,red_Jak se řeší střet různých zájmů při povolování těžby_final,TXT,data/FrBo/articles/TXT,FrBo,FrBo_articles,333,Jak se řeší střet zájmů při povolování těžby?;Životní prostředí;Hornictví,True,high,,,,normative,quasiobjective,False,individual,natural person,public,No,,good,3.0,,,142,1.3591549295774648,0.47465493190117375,0.9988262910798122,0.01400279117251819,,6.0,5.166666666666667,0.5108602037375265,,,,,,5.0,,1.0,,,10.0,1.8,0.5105203241514897,1.0,41,11.0,0.6932377026653227,4.0,1.75,0.2857142857142857,,38,2.763157894736842,0.5545291738452196,17.0,1.3529411764705883,0.3640898744444397,36,1.75,0.5855400437691199,,,,28,0.20196553701225306,0.40010878152400653,,4.0,1.5,0.6666666666666666,0.0989177489177489,0.46874826595555813,50,3.38,0.801685019694224,0.34343861882871174,0.4192217127505048,35,,,,0.410958904109589,9.911203765227022,5.553156146179402,3343.0,11.204485049833886,7.15238775560262,12.345381506090803,38.05514839424143,11.979180509413068,8.666666666666666,5.672024047532695,0.052304165823928855,0.11423459244532808,0.6346322067594433,0.14135867464152801,147.0,42.0,11.675519718221192,1403.0,0.4053156146179402,11.05084745762712,602.0
corpora_selected_txt/KUK_1.0/data/FrBo/articles/TXT/red_jake_povinnosti_maji_urednici.txt,Fart_red_00335,red_jake_povinnosti_maji_urednici,TXT,data/FrBo/articles/TXT,FrBo,FrBo_articles,335,Jaké povinnosti mají úředníci?;Správní řízení;Úřady a soudy,True,high,,,,normative,quasiobjective,False,individual,natural person,public,No,,good,1.0,,1.0,133,1.2255639097744362,0.4094137132061987,1.0,-1.0,,1.0,6.0,,,,,1.0,,,,,3.0,,15.0,1.9333333333333333,0.6015099058271788,3.0,27,15.037037037037036,1.3916078427607521,8.0,3.375,0.4462046273504342,,41,3.4878048780487805,1.2808127096201671,37.0,4.405405405405405,3.0268021394404943,32,3.90625,2.2780328808978183,,,,24,0.2509029349168079,0.24223836132584656,4.0,10.0,1.1,0.28747978728803447,0.08707805051845299,0.6780140440086599,58,2.6206896551724137,0.765922968631088,0.36257108615320954,0.4680049867608493,30,2.0,,,0.6328125,13.315888106916901,5.627639155470249,2932.0,12.067754318618038,7.302456090503442,14.85207215468828,30.26122790929125,15.703163432146159,9.0,5.90020969073714,0.02624764499066829,0.10739336492890994,0.7047867298578199,0.0732591162884424,179.0,27.0,14.341013108633849,1210.0,0.4875239923224568,7.675,521.0
"corpora_selected_txt/KUK_1.0/data/FrBo/articles/TXT/red_Co dělat, když vám někdo znečistí vodu ve studni.txt",Fart_red_00341,"red_Co dělat, když vám někdo znečistí vodu ve studni",TXT,data/FrBo/articles/TXT,FrBo,FrBo_articles,341,"Co dělat, když vám někdo znečistí vodu ve studni?;Životní prostředí;Ochrana ovzduší a vod",True,high,,,,normative,quasiobjective,False,individual,natural person,public,No,,good,17.0,,1.0,448,1.3459821428571428,0.4600211992789075,1.0,-1.0,,7.0,3.142857142857143,0.5006882315714639,,,,,4.0,,,1.0,,,28.0,1.8214285714285714,0.7328426818514918,4.0,121,9.933884297520661,0.6409921739322235,28.0,1.8214285714285714,0.49678935571015914,,139,2.633093525179856,0.63044956721351,97.0,1.5360824742268042,0.6514260394473429,114,1.894736842105263,0.8169313412670417,,8.0,,102,0.21554892451518748,0.37157504268352376,3.0,21.0,1.5238095238095237,0.3947902924338439,0.1347436662065145,0.6336646626795218,175,2.6857142857142855,0.6630139731208643,0.3429651377665531,0.377381996958497,95,3.0,,1.0,0.4618937644341801,9.091116008437353,5.537788881948782,8866.0,10.948219862585885,8.033887746806721,11.97135166545499,38.340284443124716,12.21982367577641,17.0,5.904804782668231,0.02585424939663253,0.11767643142476703,0.6993608521970706,0.07195236416393783,316.0,122.0,11.768172568051824,3776.0,0.3316677076826983,9.195979899497488,1601.0
corpora_selected_txt/KUK_1.0/data/FrBo/articles/TXT/red_Hlukové limity a udělování výjimek_prefinal.txt,Fart_red_05446,red_Hlukové limity a udělování výjimek_prefinal,TXT,data/FrBo/articles/TXT,FrBo,FrBo_articles,5446,Hlukové výjimky a ochranná hluková pásma;Ochrana před hlukem;Hluk,True,high,,,,normative,quasiobjective,False,individual,natural person,public,No,,good,3.0,,,471,1.5307855626326965,0.5160543189901062,0.9989889798806996,0.012685654542890161,,11.0,6.636363636363637,1.0808904955933623,,,,,,2.0,,,4.0,,39.0,2.0256410256410255,0.6651039910937151,1.0,138,9.384057971014492,0.5849958719982593,23.0,1.6956521739130435,0.5743922734269999,,156,2.9551282051282053,0.75944441211912,98.0,1.4795918367346939,0.5841426611202462,133,2.037593984962406,0.8091497088664408,,5.0,,121,0.2335946011956598,0.39218585602573586,1.0,30.0,1.1333333333333333,0.38309336951938655,0.11335685365147606,0.5541558327784768,190,2.610526315789474,0.6647608530327952,0.30984818953248155,0.40652175172443206,91,11.0,,,0.42028985507246375,9.203258241168257,5.587064676616915,10107.0,11.161636263128797,7.869703676456545,11.785788260933543,39.40082414864128,11.772919574787933,18.0,5.827862787934167,0.025599960451928777,0.1279239766081871,0.6670643274853801,0.07975558389694193,277.0,139.0,11.479663066355457,4241.0,0.2797125483692648,8.982683982683982,1809.0
corpora_selected_txt/KUK_1.0/data/FrBo/articles/TXT/red_Obvyklé důvody neposkytnutí informací_final(1).txt,Fart_red_05448,red_Obvyklé důvody neposkytnutí informací_final(1),TXT,data/FrBo/articles/TXT,FrBo,FrBo_articles,5448,Obvyklé důvody neposkytnutí informací;Právo na informace;Právo na informace,True,high,,,,normative,quasiobjective,False,individual,natural person,public,No,,good,22.0,,,1073,1.4426840633737186,0.4651374418155688,0.9994230683885855,0.009469393832623699,,28.0,5.178571428571429,1.0822647351205443,,,,,1.0,1.0,,4.0,5.0,1.0,116.0,1.9224137931034482,0.6404054917447153,16.0,278,10.859712230215827,0.6178764532559592,73.0,2.136986301369863,0.8447416558871885,1.0,345,2.7884057971014493,0.7244014426933951,228.0,1.881578947368421,0.7547511242687052,331,2.102719033232628,0.8933732390461813,,8.0,,237,0.229602277671689,0.3708605940855569,6.0,85.0,1.3529411764705883,0.4519887341793008,0.09895392093752652,0.4953912989742033,441,2.671201814058957,0.6358479150802854,0.3315577160381425,0.380736254357623,156,2.0,,,0.4633529907329402,11.114681157635466,5.83492296404989,23859.0,12.565712888236737,8.29809893137286,13.569894804877194,30.223208860007702,14.47923732662544,27.0,5.814567778937538,0.03645819115522328,0.12327568922305765,0.6723057644110275,0.10132812602499894,490.0,280.0,13.27396499417316,10015.0,0.22572756175103936,8.688524590163935,4089.0
corpora_selected_txt/KUK_1.0/data/FrBo/articles/TXT/red_Kdy a jak požadovat náhradu škody za chyby úředníků.txt,Fart_red_05450,red_Kdy a jak požadovat náhradu škody za chyby úředníků,TXT,data/FrBo/articles/TXT,FrBo,FrBo_articles,5450,Kdy a jak požadovat náhradu škody za chyby úředníků?;Fungování obcí a úřadů;Správní řízení,True,high,,,,normative,quasiobjective,False,individual,natural person,public,No,,good,3.0,,2.0,367,1.4604904632152589,0.532268571065531,0.9991566108732322,0.011452662500488117,,9.0,5.222222222222222,0.8054954977100403,,,,1.0,,1.0,,,,,19.0,1.7894736842105263,0.6338521519703769,4.0,99,11.080808080808081,0.838562524516411,40.0,1.875,0.529042569067972,1.0,123,2.845528455284553,0.6003739216253611,76.0,2.026315789473684,1.053760397010192,97,2.0,0.7144345083117603,,5.0,,80,0.21245136208768392,0.42055871808167067,5.0,40.0,1.4,0.5315774339537507,0.12564148624423394,0.48151894199605544,150,2.6666666666666665,0.6497611848328864,0.3207484075837017,0.3449005895287488,53,2.0,,,0.3911007025761124,10.527896067864269,5.60146373918829,8419.0,11.524018629407854,7.9484908774779175,12.653938656021289,37.25599103127081,13.570216899534266,15.666666666666666,5.856286671255483,0.03630053650162058,0.12351851851851847,0.6846153846153846,0.10275305065622121,290.0,100.0,12.756391145488433,3494.0,0.3313373253493014,10.433734939759036,1503.0
"corpora_selected_txt/KUK_1.0/data/FrBo/articles/TXT/red_Obecně závazné vyhlášky Kde je najít, jak se proti nim bránit a jak iniciovat jejich vydání_final.txt",Fart_red_05456,"red_Obecně závazné vyhlášky Kde je najít, jak se proti nim bránit a jak iniciovat jejich vydání_final",TXT,data/FrBo/articles/TXT,FrBo,FrBo_articles,5456,"Obecně závazné vyhlášky: Kde je najít, jak se proti nim bránit a jak iniciovat jejich vydání?;Fungování obcí a úřadů;Normotvorba obce a kraje",True,high,,,,normative,quasiobjective,False,individual,natural person,public,No,,good,8.0,,,340,1.276470588235294,0.38532520393985,1.0,-1.0,,6.0,2.0,-1.0,,,,1.0,,,,,2.0,,51.0,1.6666666666666667,0.6752777206453653,1.0,107,10.345794392523365,0.5463109261713552,13.0,2.4615384615384617,0.7710796340737662,,121,3.355371900826446,0.7103484145492679,97.0,1.9690721649484537,0.916875863369728,81,1.9382716049382716,0.7536091100417783,,1.0,,94,0.22493080949819635,0.44527447078128124,1.0,15.0,1.2,0.3450327796711771,0.09668152510257773,0.5585481272105717,140,2.7142857142857144,0.6064021352964568,0.32137291636742393,0.37224354419128985,63,,1.0,,0.5895953757225434,8.754787297132719,5.43342776203966,7672.0,10.469830028328607,7.792211085423554,11.167073071933494,43.95300344179398,11.794085409441106,15.0,5.781810843081808,0.030144299624345994,0.12720487433358718,0.6495963442498096,0.09471017326956156,251.0,107.0,11.50471999378994,3200.0,0.31869688385269124,7.995073891625616,1412.0
corpora_selected_txt/KUK_1.0/data/FrBo/articles/TXT/red_Účast spolků ve správních řízeních.txt,Fart_red_05461,red_Účast spolků ve správních řízeních,TXT,data/FrBo/articles/TXT,FrBo,FrBo_articles,5461,Účast spolků v řízeních: Co když úřad neinformuje o zahájených řízeních navzdory žádosti?;Životní prostředí;Ochrana přírody a krajiny,True,high,,,,normative,quasiobjective,False,individual,natural person,public,No,,good,3.0,,,307,1.4071661237785016,0.5140381177792466,0.9996380745566414,0.006343742023148165,,5.0,12.8,0.8828470679072905,,,,,,1.0,,,1.0,,29.0,1.9655172413793103,0.5350363589303804,5.0,67,13.970149253731343,0.7620369883186487,26.0,3.1923076923076925,0.7519076238188164,,95,3.2736842105263158,1.1372401918621835,38.0,1.8157894736842106,0.8083351833971337,80,2.3375,0.9576806872474734,1.0,2.0,,60,0.20049153095358654,0.5389746747860354,7.0,7.0,1.1428571428571428,0.33071891388307384,0.07123218852758495,0.3719892943225646,112,3.625,0.7908378299150283,0.3535788301358497,0.37073800083655417,155,3.0,,,0.4013840830449827,12.786937116923227,5.5266457680250785,7052.0,11.573510971786837,7.382605650130633,15.13316210873532,27.877573199831573,14.54581013428157,14.0,5.744570955045337,0.030050513754517484,0.10733220050977066,0.6598385726423109,0.07749721490581996,227.0,67.0,13.504471865301195,3021.0,0.29780564263322884,12.434782608695652,1276.0
corpora_selected_txt/KUK_1.0/data/FrBo/articles/TXT/red_Jak se zapojit do procesu SEA_final.txt,Fart_red_05480,red_Jak se zapojit do procesu SEA_final,TXT,data/FrBo/articles/TXT,FrBo,FrBo_articles,5480,Jak se zapojit do procesu SEA?;Životní prostředí;Záměry ovlivňující životní prostředí/Záměry s negativním vlivem,True,high,,,,normative,quasiobjective,False,individual,natural person,public,No,,good,,,,496,1.314516129032258,0.41164120767971746,1.0,-1.0,,8.0,3.0,0.5909368402852789,,,,,,,,,6.0,,76.0,1.6578947368421053,0.6349312168430349,,150,9.013333333333334,0.5009719523623387,21.0,2.0476190476190474,0.6075511850052621,,192,2.8125,0.6705105395783169,129.0,1.558139534883721,0.6896780188313724,140,1.7214285714285715,0.8952613745114425,,1.0,,136,0.2603755119665666,0.3271183770017077,2.0,23.0,1.2173913043478262,0.42585720602778154,0.11884025585398585,0.472942906476105,241,2.2489626556016598,0.5875588884625105,0.34603731564408824,0.38924032360385463,109,12.0,,,0.6486486486486487,7.967308656439361,5.505456634118323,9585.0,10.495117748420446,7.569243043053446,10.790427188454526,43.403857998181735,11.09095556713619,17.666666666666668,5.741794606700309,0.026687833661258847,0.11792326431181488,0.6435566382460414,0.07690644510262479,219.0,151.0,10.936043140055073,4039.0,0.23836875358989087,6.482315112540193,1741.0
corpora_selected_txt/KUK_1.0/data/FrBo/articles/TXT/red_Jak chránit vody a správně s nimi nakládat_revKZ.txt,Fart_red_05481,red_Jak chránit vody a správně s nimi nakládat_revKZ,TXT,data/FrBo/articles/TXT,FrBo,FrBo_articles,5481,Jak chránit vody a správně s nimi nakládat?,True,high,,,,normative,quasiobjective,False,individual,natural person,public,No,,good,7.0,,,337,1.454005934718101,0.44951713778971397,1.0,-1.0,,9.0,4.555555555555555,1.5252192867567682,,,,,,,,1.0,1.0,,32.0,2.46875,1.0184400073066249,3.0,96,9.729166666666666,0.7088946889976534,5.0,2.0,0.8660254037844386,,115,2.773913043478261,0.77592858956761,66.0,1.9848484848484849,0.7879412375382713,71,1.704225352112676,0.5191221797244141,,,,82,0.22257197937316514,0.4038098149708098,2.0,14.0,1.2857142857142858,0.3646278462854964,0.15354941633137123,0.8947773834458841,127,3.125984251968504,0.7003913103407415,0.3471219244570089,0.3342948594677089,112,8.0,,,0.4473684210526316,9.60007645348837,5.622480620155039,7253.0,11.397286821705427,7.610543876656399,12.124308527131781,37.88658527131784,13.250968992248062,17.0,5.790564238920036,0.03164057989088522,0.1193366918555836,0.669328295549958,0.09009152227536338,225.0,96.0,12.42146322874865,3041.0,0.31085271317829455,9.710526315789474,1290.0
corpora_selected_txt/KUK_1.0/data/FrBo/articles/TXT/red_závazná stanoviska_aktualizováno k 2021.txt,Fart_red_05483,red_závazná stanoviska_aktualizováno k 2021,TXT,data/FrBo/articles/TXT,FrBo,FrBo_articles,5483,Závazná stanoviska;Správní řízení;Správní řízení,True,high,,,,normative,quasiobjective,False,individual,natural person,public,No,,good,5.0,,1.0,277,1.6137184115523466,0.468370253822315,1.0,-1.0,,1.0,2.0,,,,,1.0,1.0,,,,,,17.0,1.7058823529411764,0.4524014401173078,11.0,70,10.32857142857143,0.6596957528576798,30.0,1.7,0.49215295678475035,1.0,76,2.986842105263158,0.7969752699320456,46.0,1.826086956521739,0.7684408797945884,78,1.9487179487179487,0.8266046053464031,,1.0,,58,0.2437579484599028,0.3932051148122719,1.0,19.0,1.263157894736842,0.7389880885790572,0.099836050330999,0.6617542141000897,109,2.44954128440367,0.5705796257935198,0.3234089559777633,0.33896187261866406,46,2.0,,,0.3485342019543974,10.598423068371318,5.679961089494164,5839.0,11.848346303501947,7.30242234177862,12.947772790439132,34.61225614230128,14.862612562534743,13.0,5.721657333700392,0.022427071974325894,0.15325080731969865,0.6466092572658773,0.06802476055143003,183.0,70.0,13.506818969022046,2443.0,0.32490272373540857,10.641509433962264,1028.0
corpora_selected_txt/KUK_1.0/data/FrBo/articles/TXT/red_CO je černá stvaba a jak ji ponat.txt,Fart_red_05504,red_CO je černá stvaba a jak ji ponat,TXT,data/FrBo/articles/TXT,FrBo,FrBo_articles,5504,Co je černá stavba a jak ji poznat?;Územní a stavební řízení;Černé stavby,True,high,,,,normative,quasiobjective,False,individual,natural person,public,No,,good,1.0,,2.0,167,1.4311377245508983,0.5502939673044995,0.9991445680068435,0.011064082177500077,,2.0,4.5,0.7856742013183862,,,,,,,,,2.0,,20.0,2.5,1.0819086448445976,,42,12.571428571428571,0.43003482840158347,19.0,2.0526315789473686,0.4998356074261007,,63,3.0634920634920637,0.683390600524419,39.0,1.641025641025641,0.7194915368133616,50,1.66,0.6622593117924609,,2.0,,42,0.21793671717654467,0.3941369944212487,2.0,10.0,1.4,0.49943278484292936,0.10436507936507937,0.6000969634586788,78,2.5128205128205128,0.6657388279685311,0.2908378302609072,0.33267321596185484,50,,,,0.42995169082125606,12.149889020070837,5.65564738292011,4106.0,12.026997245179059,7.2903398393420416,14.5977987012987,28.23601298701297,14.903266430539157,12.0,5.809923677860762,0.022854016986062212,0.13961722488038286,0.6667464114832535,0.06773938490959931,170.0,42.0,13.74371610233738,1749.0,0.3787878787878788,9.340909090909092,726.0
corpora_selected_txt/KUK_1.0/data/FrBo/articles/TXT/red_Zapojte se do povolování stavby nebo záměru_FINAL.txt,Fart_red_05546,red_Zapojte se do povolování stavby nebo záměru_FINAL,TXT,data/FrBo/articles/TXT,FrBo,FrBo_articles,5546,Zapojte se do povolování stavby nebo záměru;Životní prostředí;Životní prostředí,True,high,,,,normative,quasiobjective,False,individual,natural person,public,No,,good,2.0,,4.0,1103,1.42792384406165,0.47361780272099185,0.9991149678366361,0.012000979303770885,,30.0,4.066666666666666,1.3389919987767598,,,1.0,,,,2.0,,6.0,,89.0,1.9101123595505618,0.8560380805457477,5.0,294,11.53061224489796,0.626028158136731,85.0,1.9764705882352942,0.6760012440416024,1.0,362,3.1408839779005526,0.8799886345645724,151.0,2.271523178807947,0.9454720145853335,299,2.117056856187291,0.8517252037490948,,14.0,1.0,270,0.21387684564131973,0.445290845115628,16.0,41.0,1.1951219512195121,0.3843296603135794,0.08951402285616587,0.5083369760652968,454,2.8700440528634363,0.7561215588741418,0.32433697324170174,0.4161905931645146,392,10.0,,,0.43427620632279534,10.500144024655512,5.531831109166484,25286.0,11.241325749288995,8.23839599566841,13.262760298971628,33.78462321236134,14.031967306699313,28.0,5.8043556241912055,0.03152698291471537,0.10165026833631485,0.6690921288014311,0.08718995944269263,407.0,297.0,13.073714805831528,10837.0,0.190111572959965,10.190019193857966,4571.0
corpora_selected_txt/KUK_1.0/data/FrBo/articles/TXT/red_Jak uspořádat shromáždění_final.txt,Fart_red_05548,red_Jak uspořádat shromáždění_final,TXT,data/FrBo/articles/TXT,FrBo,FrBo_articles,5548,Jak uspořádat shromáždění?;Spolky a účast veřejnsoti;Petice a shromáždění,True,high,,,,normative,quasiobjective,False,individual,natural person,public,No,,good,,,,334,1.2754491017964071,0.4519678039466463,1.0,-1.0,,5.0,7.2,0.8062736263166662,,,,1.0,,,,,4.0,,50.0,1.84,0.624602029848409,3.0,120,8.7,0.634064622557156,20.0,1.65,0.4065578140908709,,120,2.683333333333333,0.5975702268897147,104.0,1.8269230769230769,0.7132420327968975,86,1.9534883720930232,0.6841251427073514,,1.0,,98,0.2596912837553831,0.4629531361735901,,21.0,1.3333333333333333,0.4330127018922194,0.15679717108288538,0.6371093661916992,147,2.45578231292517,0.6607858672386244,0.34028929681299325,0.4160719897058712,139,1.0,,,0.6095505617977528,8.395475931520643,5.707703927492447,7557.0,11.334063444108763,7.7267263439157325,11.19731218529708,39.7061186304129,13.325720040281974,15.0,5.764684107416244,0.03620486838605246,0.1107999999999999,0.6528734693877551,0.10633771779404877,240.0,120.0,12.086156645461163,3168.0,0.33157099697885195,7.148148148148148,1324.0
corpora_selected_txt/KUK_1.0/data/FrBo/articles/TXT/red_Jak probíhá SEA při územním plánování_fina.txt,Fart_red_05585,red_Jak probíhá SEA při územním plánování_fina,TXT,data/FrBo/articles/TXT,FrBo,FrBo_articles,5585,Jak probíhá SEA při územním plánování?;Životní prostředí;Záměry ovlivňující životní prostředí/Záměry s negativním vlivem,True,high,,,,normative,quasiobjective,False,individual,natural person,public,No,,good,1.0,,,332,1.5271084337349397,0.45635178722212005,1.0,-1.0,,6.0,4.333333333333333,0.6134585242269811,,,,,,,,,1.0,,28.0,1.5,0.5289946984105813,,92,9.978260869565217,0.5428458782146809,10.0,2.5,0.6036923425424945,,115,3.347826086956522,0.7317122739682945,67.0,2.1641791044776117,1.1392317065470186,111,2.1621621621621623,0.8144120857738698,,,,81,0.21528305339078185,0.3676657591942512,2.0,5.0,1.0,-1.0,0.06935897435897435,0.33680927303129415,156,2.5705128205128207,0.6804658049266532,0.35641427660658426,0.43829132349154054,71,11.0,,,0.45179063360881544,9.481437413181048,5.582137161084529,7000.0,11.214992025518336,7.194325938976967,12.467895199876523,35.63398688069148,13.30423419251942,16.0,5.613166533283129,0.03682113562641296,0.11227705627705631,0.605030303030303,0.09598657817020784,156.0,93.0,12.457975602129121,3000.0,0.2503987240829346,8.760736196319018,1254.0
corpora_selected_txt/KUK_1.0/data/FrBo/articles/TXT/red_Jak probíhá trestní řízení.txt,Fart_red_05586,red_Jak probíhá trestní řízení,TXT,data/FrBo/articles/TXT,FrBo,FrBo_articles,5586,Jak probíhá trestní řízení;Korupce a transparentnost;Korupce a jednání úředníků,True,high,,,,normative,quasiobjective,False,individual,natural person,public,No,,good,2.0,,,383,1.433420365535248,0.4627185114408613,1.0,-1.0,,12.0,3.6666666666666665,1.0026261534621523,,,,1.0,,1.0,,,5.0,,20.0,2.2,0.5234808381476689,7.0,97,10.917525773195877,0.6637631844727742,27.0,1.8148148148148149,0.5725767786893853,1.0,116,2.439655172413793,0.4843564597485843,52.0,1.8461538461538463,0.7461320010312938,100,1.91,0.6448660955631406,,,,74,0.20870824793038414,0.3963843942022927,6.0,13.0,1.4615384615384615,0.45173309437135906,0.0952861341775369,0.5125707950605344,142,2.5985915492957745,0.7965516242013699,0.31781082174074804,0.42204508808010927,144,3.0,,,0.34134615384615385,10.568281150298425,5.670877192982456,8081.0,11.806315789473684,7.97250930922225,12.748782275275815,35.97639410381623,13.090323747513114,13.0,5.976516741786354,0.024505752232519995,0.08377073906485666,0.7243438914027149,0.07048260841157707,283.0,97.0,12.427872665937343,3355.0,0.34175438596491226,11.71631205673759,1425.0
"corpora_selected_txt/KUK_1.0/data/FrBo/articles/TXT/red_Musí úřad zjistit informaci, kterou nemá_final.txt",Fart_red_05593,"red_Musí úřad zjistit informaci, kterou nemá_final",TXT,data/FrBo/articles/TXT,FrBo,FrBo_articles,5593,"Musí úřad zjistit informaci, kterou nemá?;Právo na informace;Právo na informace",True,high,,,,normative,quasiobjective,False,individual,natural person,public,No,,good,6.0,1.0,,343,1.4110787172011663,0.43191905064100455,1.0,-1.0,1.0,8.0,6.25,0.5392057651239063,,,,,,,,1.0,2.0,,37.0,2.081081081081081,0.6138873105907819,3.0,93,12.24731182795699,0.6725169759579654,30.0,2.433333333333333,0.6967799000989481,1.0,141,2.9574468085106385,0.8972247827657862,119.0,1.6554621848739495,1.1216818018130168,113,1.8849557522123894,0.68275826370957,,2.0,,84,0.24651588898376314,0.37634744813322313,1.0,28.0,1.4642857142857142,0.47322381173512995,0.09922204236252223,0.6088444107421774,169,2.3195266272189348,0.6335006293923872,0.3008733900337133,0.4063879835177879,39,2.0,,,0.559322033898305,10.414438065895375,5.4842387659289065,8177.0,11.03447350771294,7.495653839030936,12.63830902079141,38.2988895036888,14.421755533199196,17.0,5.757902433155143,0.03528840265738669,0.11733477011494253,0.6532543103448276,0.09917778112369183,232.0,96.0,13.328392162939544,3421.0,0.2823608316566063,7.517391304347826,1491.0
corpora_selected_txt/KUK_1.0/data/FrBo/articles/TXT/red_muze_obec_zakazat_spalovani_nevhodnych_materialu.txt,Fart_red_05619,red_muze_obec_zakazat_spalovani_nevhodnych_materialu,TXT,data/FrBo/articles/TXT,FrBo,FrBo_articles,5619,Může obec zakázat spalování nevhodných materiálů?;Životní prostředí;Ochrana ovzduší a vod,True,high,,,,normative,quasiobjective,False,individual,natural person,public,No,,good,,,,163,1.343558282208589,0.5446877354796658,0.9992331288343558,0.009798269635305973,,3.0,5.666666666666667,0.8339674634563427,,,,,1.0,,,,5.0,,20.0,3.15,0.7588004148077446,1.0,45,11.755555555555556,0.713827073842748,12.0,1.6666666666666667,0.5325752187591567,,61,3.5081967213114753,0.8902451718863214,54.0,2.0925925925925926,0.9836064665388125,46,2.0652173913043477,0.6647173717937721,,,,38,0.24033267012672044,0.38318615360011193,5.0,16.0,1.1875,0.4580257929005114,0.10060747055232348,0.49228490963104415,83,2.5301204819277108,0.7415769665538142,0.3438565411279798,0.5097204154142799,39,,,,0.5380434782608695,10.347333333333335,5.5,3795.0,11.084782608695653,7.630648710288113,12.983320289855069,35.58018840579709,13.205797101449276,10.0,5.927472115917915,0.032654852821002014,0.12052453468697122,0.7014382402707275,0.09135123671252646,192.0,45.0,12.535394984388557,1617.0,0.4434782608695652,8.214285714285714,690.0
corpora_selected_txt/KUK_1.0/data/FrBo/articles/TXT/red_Jak se bránit obtěžování kouřem a pálením odpadu.txt,Fart_red_05620,red_Jak se bránit obtěžování kouřem a pálením odpadu,TXT,data/FrBo/articles/TXT,FrBo,FrBo_articles,5620,Jak se bránit obtěžování kouřem a pálením odpadu?;Životní prostředí;Ochrana ovzduší a vod,True,high,,,,normative,quasiobjective,False,individual,natural person,public,No,,good,8.0,,1.0,458,1.3842794759825328,0.475940461297608,0.9997270742358079,0.005842460977076905,,11.0,3.3636363636363638,0.5683392437466104,,,,,1.0,1.0,,3.0,1.0,,53.0,2.1132075471698113,0.7228092917044263,4.0,117,11.179487179487179,0.7878650174241154,22.0,1.6363636363636365,0.6124324339750444,,151,3.370860927152318,0.7431249256056467,101.0,1.7821782178217822,0.8420554657547253,115,2.017391304347826,0.8509510692271004,,1.0,,95,0.22217943005463145,0.42502642619358283,9.0,32.0,1.21875,0.49907126742122726,0.09427098569537617,0.5013416375074979,178,3.0280898876404496,0.7103122642737877,0.34010810569856564,0.3556090745711895,88,6.0,,,0.47789473684210526,10.257885406082202,5.590830945558739,9756.0,11.426532951289401,8.328015456661955,12.91065478317401,34.82414574655078,13.04033131877393,15.0,5.973313373391444,0.03721676968105882,0.1022296476306197,0.7171567436208991,0.09994225381762628,319.0,119.0,12.39406160431395,4142.0,0.3375358166189112,8.929203539823009,1745.0
corpora_selected_txt/KUK_1.0/data/FrBo/articles/TXT/red_Jak podat stížnost na nevhodné chování úředníků.txt,Fart_red_05643,red_Jak podat stížnost na nevhodné chování úředníků,TXT,data/FrBo/articles/TXT,FrBo,FrBo_articles,5643,Jak a kdy podat stížnost na nevhodné chování úředníků?;Správní řízení;Úřady a soudy,True,high,,,,normative,quasiobjective,False,individual,natural person,public,No,,good,2.0,,,293,1.3617747440273038,0.42898888600605045,1.0,-1.0,,5.0,3.6,0.4212708580028639,,,,,,,,,1.0,1.0,43.0,1.5813953488372092,0.46247603510342317,2.0,94,9.297872340425531,0.5867205258379156,18.0,2.4444444444444446,0.4905524551257964,,111,2.7027027027027026,0.6497202195071073,78.0,1.5,0.6241877839323592,63,1.7142857142857142,0.6661624437280232,1.0,2.0,,83,0.26846274553758814,0.3881840530966821,2.0,25.0,1.44,0.4943091783347829,0.11478224524013997,0.5466097454483886,131,2.2519083969465647,0.604232305221458,0.30410969437686997,0.4012573975282448,62,1.0,,,0.5662650602409639,8.738655643520808,5.574504737295435,6472.0,10.984582256675276,7.634600487803815,10.985894276760675,43.60743212930893,11.555412612018253,14.0,5.922355531095936,0.019501399637296798,0.12205273069679856,0.705442561205273,0.05210214013450589,222.0,94.0,11.293638162336883,2664.0,0.3324720068906115,7.208556149732621,1161.0
corpora_selected_txt/KUK_1.0/data/FrBo/articles/TXT/red_Kompletní průvodce pořizováním nahrávek veřejné správy.txt,Fart_red_05648,red_Kompletní průvodce pořizováním nahrávek veřejné správy,TXT,data/FrBo/articles/TXT,FrBo,FrBo_articles,5648,Kompletní průvodce pořizováním nahrávek veřejné správy;Fungování obcí a úřadů;Právo na informace,True,high,,,,normative,quasiobjective,False,individual,natural person,public,No,,good,11.0,,7.0,535,1.4018691588785046,0.4886645155309277,0.9997329773030709,0.006177902514006599,,6.0,3.3333333333333335,0.9797958971132712,,,,,,1.0,,,,,42.0,2.0238095238095237,0.6501218748742872,4.0,141,12.113475177304965,0.5605158695441863,58.0,1.793103448275862,0.5602169575722799,2.0,190,2.9842105263157896,0.7300025785636094,109.0,1.7155963302752293,0.915089491333885,135,2.325925925925926,1.0383899103907905,,2.0,,137,0.2152436567874357,0.4473646528165285,8.0,40.0,1.35,0.46091665522244574,0.10180941596206099,0.43712688684231726,228,2.776315789473684,0.6943596279185007,0.31027002359239203,0.36718871106712403,156,2.0,,,0.42783505154639173,10.97435312979703,5.596008869179601,12619.0,11.587583148558759,8.139470571991874,13.438642128603107,33.29461998976632,14.4495991813065,20.0,5.916398185557887,0.024184909566947712,0.10865955473098332,0.7046011131725417,0.07232842719025577,312.0,143.0,13.363991894783357,5341.0,0.27184035476718404,10.487903225806452,2255.0
corpora_selected_txt/KUK_1.0/data/FrBo/articles/TXT/red_Co je to územní plánování_final_přidat odkaz na manuál o RP až bude.txt,Fart_red_05663,red_Co je to územní plánování_final_přidat odkaz na manuál o RP až bude,TXT,data/FrBo/articles/TXT,FrBo,FrBo_articles,5663,Co je to územní plánování?;Územní plánování;Územní plánování,True,high,,,,normative,quasiobjective,False,individual,natural person,public,No,,good,2.0,,,336,1.4761904761904763,0.4376264629996874,1.0,-1.0,,1.0,5.0,,,,,,,,,,6.0,,22.0,1.4545454545454546,0.4096129125103823,,96,9.427083333333334,0.5597754904127239,23.0,2.5217391304347827,0.685488983478693,,113,3.0442477876106193,0.7137530729613071,77.0,1.6103896103896105,0.7877641709032402,123,1.8211382113821137,0.916765310636196,,1.0,,87,0.2245077164814471,0.2996186826863175,8.0,5.0,1.0,-1.0,0.09273310023310023,0.4610857362766391,152,2.3684210526315788,0.6082473538213112,0.3414620120376699,0.4331600738453053,49,3.0,,,0.48097826086956524,9.239474738943489,5.6478296478296475,6896.0,11.396150696150693,7.381514606858143,12.421195536445534,34.52245229320229,14.358589271089272,15.0,5.694715549809618,0.03600897262960639,0.11713012477718365,0.6418538324420677,0.09427663976833658,188.0,96.0,12.937598658688799,2968.0,0.29074529074529076,7.801136363636363,1221.0
"corpora_selected_txt/KUK_1.0/data/FrBo/articles/TXT/red_ak se zapojit do územního plánování_final, odkazy.txt",Fart_red_05714,"red_ak se zapojit do územního plánování_final, odkazy",TXT,data/FrBo/articles/TXT,FrBo,FrBo_articles,5714,Jak se zapojit do územního plánování;Územní plánování;Územní plánování,True,high,,,,normative,quasiobjective,False,individual,natural person,public,No,,good,3.0,,,510,1.5333333333333334,0.53218382825233,0.9993464052287582,0.010433633319644897,,7.0,4.0,0.4330127018922193,,,,,,1.0,,,10.0,,73.0,1.726027397260274,1.0892999697091186,1.0,155,9.141935483870968,0.5855478887290948,28.0,2.1785714285714284,1.2558481944920201,,165,3.1272727272727274,0.7952457740390972,107.0,1.8037383177570094,0.8146593376339831,118,1.847457627118644,1.216801442560245,,2.0,,123,0.2415039369877775,0.3767641086742986,2.0,15.0,1.1333333333333333,0.3104698017127927,0.09788461538461539,0.4550194839958639,199,2.6733668341708543,0.6378711049237781,0.33278779426493704,0.36849804744643594,112,4.0,,,0.49122807017543857,9.069839832993686,5.628659476117103,10959.0,11.277863379558292,7.405911763371719,11.998028646221641,37.10930737776894,13.694264459797537,21.0,5.566867750656576,0.05167814953065855,0.11675324675324672,0.5884632034632035,0.1339057816016117,226.0,155.0,12.555270960031539,4660.0,0.21879815100154082,7.831541218637993,1947.0
corpora_selected_txt/KUK_1.0/data/FrBo/articles/TXT/red_Jak probíhá správní řízení.txt,Fart_red_05793,red_Jak probíhá správní řízení,TXT,data/FrBo/articles/TXT,FrBo,FrBo_articles,5793,Jak probíhá správní řízení?;Správní řízení;Správní řízení,True,high,,,,normative,quasiobjective,False,individual,natural person,public,No,,good,2.0,,,329,1.425531914893617,0.45899628679720583,1.0,-1.0,,6.0,3.1666666666666665,0.4197347797342502,,,,1.0,,,1.0,,4.0,,28.0,1.9642857142857142,0.6714247103884639,3.0,87,10.988505747126437,0.7485759745679544,18.0,1.7777777777777777,0.5303300858899106,,110,2.8181818181818183,0.6628530175712571,73.0,1.8904109589041096,0.7192908617117123,91,1.7032967032967032,0.646070327322029,,,,75,0.22812897687774567,0.379724720883204,6.0,19.0,1.105263157894737,0.28527302786684805,0.08761523782379106,0.4294459606687049,130,2.9923076923076923,0.6599021867877298,0.3405755146833509,0.3968133398755558,96,1.0,,,0.4676056338028169,9.978416799431141,5.51213782302271,7039.0,11.058574784651531,7.365015728254575,12.230524649186762,39.48136866218417,12.261240875255403,15.0,5.644018238553056,0.02257751503773503,0.11814940577249577,0.6209422750424448,0.0608663438344746,222.0,87.0,11.876931179488295,2935.0,0.2983555207517619,8.836363636363636,1277.0
corpora_selected_txt/KUK_1.0/data/FrBo/articles/TXT/red_Jaké informace můžete najít na webu obce_final.txt,Fart_red_05804,red_Jaké informace můžete najít na webu obce_final,TXT,data/FrBo/articles/TXT,FrBo,FrBo_articles,5804,Jaké informace můžete najít na webu obce?;Právo na informace;Právo na informace,True,high,,,,normative,quasiobjective,False,individual,natural person,public,No,,good,1.0,,,415,1.3012048192771084,0.45536619251277255,0.9995983935742971,0.008184631895324765,,8.0,4.125,0.8033773651713971,,,,,,,,,1.0,1.0,75.0,1.8,0.6327719971683327,5.0,126,9.341269841269842,0.6171480073505943,12.0,1.6666666666666667,0.39080336836735774,,143,3.104895104895105,0.7783911110774636,109.0,2.330275229357798,0.9141716018974402,96,1.8854166666666667,0.7495659100519168,,1.0,,99,0.24190383428794937,0.38568133445574493,1.0,11.0,1.1818181818181819,0.3422860840197998,0.0944519606952762,0.42905436414748116,167,2.6646706586826348,0.6547015250550706,0.3129342033636077,0.4243443329201446,52,,,,0.6231527093596059,8.356841102703576,5.455647734524569,8549.0,10.441863433312063,7.686280903996248,11.044331287162809,43.36921233577456,12.428336422848231,15.0,5.817078964397901,0.024278381287593232,0.10456403269754777,0.6668119891008174,0.06913267933877612,260.0,126.0,11.825731915096021,3598.0,0.2929164007657945,7.0,1567.0
corpora_selected_txt/KUK_1.0/data/FrBo/articles/TXT/red_Jak se z občanského sdružení stane spolek.txt,Fart_red_05811,red_Jak se z občanského sdružení stane spolek,TXT,data/FrBo/articles/TXT,FrBo,FrBo_articles,5811,Jak se z občanského sdružení stane spolek?;Spolky a účast veřejnsoti;Spolky,True,high,,,,normative,quasiobjective,False,individual,natural person,public,No,,good,1.0,1.0,,194,1.4690721649484537,0.5052127811749532,0.9991408934707904,0.011976258191903795,,4.0,2.5,0.2309401076758503,,,,,,,,,2.0,,25.0,1.68,0.7434521426664762,,70,8.742857142857142,0.7541143370520887,18.0,2.0,0.6416889479197478,,76,3.0526315789473686,0.7332756796419339,37.0,1.945945945945946,0.765542542310871,65,2.3384615384615386,0.9659556416727233,,3.0,,54,0.22552732490597988,0.4307714545915967,1.0,12.0,1.25,0.36181361349331637,0.14079770132401712,0.6815773218780973,87,2.4367816091954024,0.7099706193065364,0.2989854936569466,0.4443775447569239,35,3.0,,,0.4748858447488584,7.822113457812225,5.456226880394575,4425.0,10.275709001233048,7.541533680025122,9.913363043861189,49.479616663730866,10.996801127355997,11.0,5.845527175282777,0.034653365896864415,0.13662921348314605,0.6779494382022472,0.10321854117264143,200.0,70.0,10.884260153085169,1801.0,0.3970406905055487,9.262135922330097,811.0
corpora_selected_txt/KUK_1.0/data/FrBo/articles/TXT/red_Jak komunikovat s úřady elektronicky.txt,Fart_red_05831,red_Jak komunikovat s úřady elektronicky,TXT,data/FrBo/articles/TXT,FrBo,FrBo_articles,5831,Jak komunikovat s úřady elektronicky?;Správní řízení;Úřady a soudy,True,high,,,,normative,quasiobjective,False,individual,natural person,public,No,,good,,,,241,1.4647302904564314,0.5023717445735763,1.0,-1.0,,4.0,13.5,0.8035130911245916,,,,1.0,,,,,1.0,,26.0,2.0,0.7071067811865476,,91,8.043956043956044,0.7347476085441084,13.0,1.3846153846153846,0.3657114381135463,,87,2.689655172413793,0.6035370670219963,62.0,1.7419354838709677,0.76340553418526,49,2.142857142857143,0.6599663291074445,,2.0,,72,0.21839928209076984,0.4518486589199851,,11.0,1.3636363636363635,0.4944132324730442,0.14905800721018111,0.6468206797862226,101,2.8118811881188117,0.6890727218723477,0.33328291792989584,0.47744851372904284,32,,,,0.41155234657039713,8.566989785227864,5.790160642570281,5767.0,11.671987951807226,7.646997931650382,11.298812205343104,38.62787899423785,13.36657936092195,12.0,5.88220584943898,0.02182906358474098,0.11930880713489411,0.6949832775919732,0.06324092135934593,205.0,92.0,12.063024566066915,2406.0,0.3604417670682731,10.345132743362832,996.0
"corpora_selected_txt/KUK_1.0/data/FrBo/articles/TXT/red_Jak zajistit, aby skládka dodržovala potřebná povolení.txt",Fart_red_05853,"red_Jak zajistit, aby skládka dodržovala potřebná povolení",TXT,data/FrBo/articles/TXT,FrBo,FrBo_articles,5853,"Jak zajistit, aby skládka dodržovala potřebná povolení?;Životní prostředí;Odpady",True,high,,,,normative,quasiobjective,False,individual,natural person,public,No,,good,3.0,2.0,,558,1.3781362007168458,0.48145116126909443,1.0,-1.0,,9.0,3.111111111111111,0.3388154635894692,,,,2.0,,,,1.0,2.0,2.0,45.0,2.1555555555555554,0.7847773669681521,5.0,170,10.170588235294117,0.8180264889960381,32.0,1.5625,0.4281693966855461,,186,2.870967741935484,0.9093408493744259,118.0,1.7627118644067796,0.9633185363828598,130,1.9461538461538461,1.0499544395672449,,2.0,,123,0.20708215822111378,0.4007164028434798,6.0,26.0,1.3461538461538463,0.5121861906353498,0.10128926172924743,0.5319090349736045,227,2.806167400881057,0.7242403304317495,0.33710600514443845,0.4357712827996762,161,3.0,,,0.44869565217391305,9.441022258097064,5.530874785591767,12898.0,11.010205831903944,8.02977143711658,12.06486986681465,38.81466015538291,12.948465341539702,20.0,5.898450186169423,0.02904951310531955,0.1046753246753247,0.6931930138826691,0.08376258464637139,309.0,170.0,12.267393523925119,5445.0,0.2585763293310463,10.439688715953308,2332.0
corpora_selected_txt/KUK_1.0/data/FrBo/articles/TXT/red_Jaké otázky (ne)můžete položit v místním a krajském referendu_FINAL.txt,Fart_red_05898,red_Jaké otázky (ne)můžete položit v místním a krajském referendu_FINAL,TXT,data/FrBo/articles/TXT,FrBo,FrBo_articles,5898,Jaké otázky (ne)můžete položit v místním a krajském referendu;Spolky a účast veřejnsoti;Místní referendum,True,high,,,,normative,quasiobjective,False,individual,natural person,public,No,,good,2.0,,,260,1.3576923076923078,0.4430969507820458,0.9993589743589743,0.01034285791956197,,2.0,3.0,0.47140452079103173,,,,,,1.0,,,,,27.0,2.111111111111111,0.6741711297025709,,77,10.818181818181818,0.6835152296607118,22.0,4.090909090909091,0.6170609826587742,1.0,82,2.1463414634146343,0.6086696786235926,41.0,2.1219512195121952,0.8443074479829689,49,2.2448979591836733,0.6956476261978551,,,,56,0.22524838733598987,0.4192200084709468,3.0,22.0,1.1818181818181819,0.33403701436419037,0.09047636757494625,0.36264914308665147,101,2.495049504950495,0.6886744417883436,0.30453714085047806,0.5027755907433392,41,1.0,,,0.48846153846153845,8.996271970495258,5.354337899543379,5863.0,10.228127853881274,7.475212442036835,11.566763470319636,42.80528591499825,13.57885493501932,14.0,5.739196091957385,0.03313762643833498,0.1201506024096386,0.6378313253012048,0.099546509077229,185.0,78.0,12.679594993212895,2477.0,0.3132420091324201,10.412698412698413,1095.0
corpora_selected_txt/KUK_1.0/data/FrBo/articles/TXT/red_Les - co smíme a co je zakázáno.txt,Fart_red_05913,red_Les - co smíme a co je zakázáno,TXT,data/FrBo/articles/TXT,FrBo,FrBo_articles,5913,Les – co smíme a co je zakázáno?;Životní prostředí;Ochrana přírody a krajiny,True,high,,,,normative,quasiobjective,False,individual,natural person,public,No,,good,,,,216,1.5277777777777777,0.6117963957934239,0.9979938271604938,0.017380360551153624,,3.0,5.333333333333333,0.7806247497997998,,,,,,,,,1.0,,20.0,2.15,0.7434972332392692,1.0,81,8.25925925925926,0.7157279401736045,19.0,1.5789473684210527,0.5710073403346486,,64,2.890625,0.5585602192029118,57.0,1.8070175438596492,0.5377467739116897,48,1.8333333333333333,0.6966472497181251,,1.0,,64,0.23006115446153144,0.4854564605802211,5.0,5.0,1.0,-1.0,0.09185128596893302,0.36083945788418564,73,3.4383561643835616,0.595616419493784,0.31606195571353407,0.33913496695320944,35,3.0,,,0.39543726235741444,7.166466056136372,5.329321663019694,4871.0,9.613238512035009,7.887813696058378,9.659183861469053,50.646352729826845,11.472004754572225,9.0,5.94533707702216,0.02974101286601262,0.09938650306748464,0.7183435582822086,0.08088813178512808,247.0,81.0,11.132987735899903,2020.0,0.4365426695842451,10.077669902912621,914.0
corpora_selected_txt/KUK_1.0/data/FrBo/articles/TXT/red_Jak probíhá územní řízení_FINAL.txt,Fart_red_05931,red_Jak probíhá územní řízení_FINAL,TXT,data/FrBo/articles/TXT,FrBo,FrBo_articles,5931,Jak probíhá územní řízení;Územní a stavební řízení;Územní a stavební řízení,True,high,,,,normative,quasiobjective,False,individual,natural person,public,No,,good,,,,582,1.443298969072165,0.494229940101557,0.9994272623138601,0.009767355474580814,,8.0,3.625,0.624509319871546,,,,,,2.0,,,2.0,,65.0,1.7846153846153847,0.6065288518016074,2.0,188,8.441489361702128,0.6048097151914341,22.0,2.3181818181818183,0.6966666811203324,1.0,189,2.502645502645503,0.546171566931217,109.0,1.4311926605504588,0.573401194875505,148,1.804054054054054,0.6582787548539727,,3.0,,156,0.24195272756353084,0.38258456874142904,1.0,28.0,1.3571428571428572,0.49992304732543874,0.12548880412795715,0.7989441133826101,238,2.642857142857143,0.6561272980570787,0.3289634388651937,0.413847079839476,180,2.0,,,0.4859504132231405,8.164238267023983,5.580241187384044,12031.0,10.819990723562151,7.879503681699044,11.47330175908747,38.52598921184634,11.817137359994502,19.0,5.802551448838004,0.025047243529138064,0.12165289256198353,0.6611278561011181,0.06846473533085194,292.0,189.0,11.345894251883017,5178.0,0.2588126159554731,8.488054607508532,2156.0
corpora_selected_txt/KUK_1.0/data/FrBo/articles/TXT/red_Jak probíhá stavební řízení_final.txt,Fart_red_05932,red_Jak probíhá stavební řízení_final,TXT,data/FrBo/articles/TXT,FrBo,FrBo_articles,5932,Jak probíhá stavební řízení?;Územní a stavební řízení;Územní a stavební řízení,True,high,,,,normative,quasiobjective,False,individual,natural person,public,No,,good,,,1.0,706,1.454674220963173,0.449219611819992,0.9995278564683663,0.008868665313247976,,9.0,4.333333333333333,0.6923076923076924,,,,,,1.0,1.0,1.0,4.0,,73.0,1.643835616438356,0.6029857552112275,1.0,210,9.028571428571428,0.6016916240905381,43.0,1.813953488372093,0.6164203229853793,1.0,237,2.649789029535865,0.6076933120138059,141.0,1.5460992907801419,0.7105230232450293,175,1.782857142857143,0.6746714583411278,,2.0,,180,0.24530451462153474,0.37275352922044447,3.0,40.0,1.2,0.3867462340768809,0.11799506403898818,0.7349032858465295,302,2.506622516556291,0.692704427055624,0.32914728391549586,0.40406078519671645,237,2.0,,,0.48010973936899864,9.04876395309276,5.713837710701686,14576.0,11.57824382595061,7.962114748110218,12.179336020650425,34.88794455004697,13.092313780019674,20.0,5.779231879636002,0.020540144725003186,0.1322185970636215,0.6578874388254486,0.06057277920034739,344.0,212.0,12.144686126677907,6233.0,0.253234025872207,8.444126074498568,2551.0
corpora_selected_txt/KUK_1.0/data/FrBo/articles/TXT/red_O čem může rozhodovat starosta_final BEZ INFOGRAFIKY.txt,Fart_red_06056,red_O čem může rozhodovat starosta_final BEZ INFOGRAFIKY,TXT,data/FrBo/articles/TXT,FrBo,FrBo_articles,6056,O čem může rozhodovat starosta?;Fungování obcí a úřadů;Orgány obce a kraje,True,high,,,,normative,quasiobjective,False,individual,natural person,public,No,,good,3.0,,,463,1.3110151187904968,0.467049149526043,1.0,-1.0,,8.0,3.5,0.4040610178208843,,,,,,1.0,,4.0,3.0,,47.0,1.7872340425531914,0.5825987261886859,2.0,130,10.553846153846154,0.5912049500327157,25.0,2.16,0.6364688465216444,,153,2.712418300653595,0.7008816401205472,116.0,1.9913793103448276,0.7849528800063741,129,1.937984496124031,0.7760182021061106,,1.0,,122,0.22428710233515944,0.4012917492930258,5.0,34.0,1.2058823529411764,0.3403529615645064,0.11622534102976408,0.511523854589155,197,2.751269035532995,0.6499914116889588,0.36395790687979246,0.4160312933619515,67,,,,0.6105769230769231,9.327705023547878,5.525510204081633,9747.0,10.962188208616782,7.7213359230025524,11.91120408163265,39.5835726844584,13.273497296354439,17.0,5.760928683597051,0.02981292010871769,0.13790390390390395,0.6553573573573573,0.08531771163961721,263.0,130.0,12.449001212748158,4104.0,0.2789115646258503,8.063241106719367,1764.0
corpora_selected_txt/KUK_1.0/data/FrBo/articles/TXT/red_Jaké jsou povinnosti veřejných funkcionářů (střet zájmů) úpravy 2021.txt,Fart_red_06065,red_Jaké jsou povinnosti veřejných funkcionářů (střet zájmů) úpravy 2021,TXT,data/FrBo/articles/TXT,FrBo,FrBo_articles,6065,Jaké jsou povinnosti veřejných funkcionářů? (střet zájmů);Fungování obcí a úřadů;Korupce a transparentnost,True,high,,,,normative,quasiobjective,False,individual,natural person,public,No,,good,10.0,1.0,,418,1.3779904306220097,0.47449763602648665,0.999700956937799,0.006115778731756168,,6.0,4.166666666666667,0.9649870465451853,,,,,,,1.0,1.0,1.0,,25.0,2.52,0.9994434497282323,2.0,90,14.366666666666667,0.8736488853611938,13.0,2.3846153846153846,0.9765726131110067,,135,2.674074074074074,0.70752303461758,87.0,1.7701149425287357,0.7396077180626804,101,2.217821782178218,0.9470981879818857,,1.0,,72,0.21162130075782365,0.3947695452979158,2.0,23.0,1.434782608695652,0.5878816278935121,0.1047628025569202,0.6968563958066073,180,2.6944444444444446,0.7105923465568763,0.3123176449055792,0.3655786225780899,75,1.0,,,0.42528735632183906,13.353164785151279,5.616132723112128,9817.0,12.02328375286041,7.996384102773389,15.133576722603607,28.57993460462751,15.411909483854565,17.0,5.9035407761176035,0.024296057151344336,0.11127349909035777,0.6963250454821104,0.07201029866034138,296.0,90.0,14.134274025581483,4101.0,0.30663615560640733,10.96195652173913,1748.0
corpora_selected_txt/KUK_1.0/data/FrBo/articles/TXT/red_Jak řešit lavinovitou černou skládku úprava svépomoc 2021.txt,Fart_red_06078,red_Jak řešit lavinovitou černou skládku úprava svépomoc 2021,TXT,data/FrBo/articles/TXT,FrBo,FrBo_articles,6078,Jak řešit lavinovitou černou skládku?;Životní prostředí;Odpady,True,high,,,,normative,quasiobjective,False,individual,natural person,public,No,,good,3.0,,,499,1.404809619238477,0.4422590168474717,1.0,-1.0,,9.0,3.6666666666666665,0.38569460791993504,,,,,3.0,,,1.0,2.0,,66.0,1.8484848484848484,0.5304137661861025,5.0,143,10.160839160839162,0.6276442458539602,36.0,1.8333333333333333,0.6837634587578276,,202,2.618811881188119,0.7869320132627045,130.0,1.6692307692307693,0.7978015406455589,125,2.0,0.9734375404520266,,,,126,0.25286169558541666,0.3741518588470643,2.0,27.0,1.1851851851851851,0.4701900955587415,0.09224955773373386,0.6239799830804772,229,2.3231441048034935,0.6710355654404605,0.31497377722947023,0.4279311195826767,81,6.0,,,0.5342706502636204,8.77293977686703,5.376536885245901,10495.0,10.259887295081969,8.007033716321342,11.102205487249542,45.06591029143897,11.180418943533699,18.0,5.830214798945641,0.023780121300010063,0.12763086886130603,0.6734430652995143,0.060914610699773476,319.0,144.0,11.109356483451311,4370.0,0.29508196721311475,7.422442244224422,1952.0
corpora_selected_txt/KUK_1.0/data/FrBo/articles/TXT/red_Jak namítat podjatost_final.txt,Fart_red_06105,red_Jak namítat podjatost_final,TXT,data/FrBo/articles/TXT,FrBo,FrBo_articles,6105,Jak namítat podjatost?;Fungování obcí a úřadů;Korupce a transparentnost,True,high,,,,normative,quasiobjective,False,individual,natural person,public,No,,good,,,,169,1.3076923076923077,0.41718126074527945,1.0,-1.0,,2.0,3.5,0.20203050891044216,,,,,,,,,,,19.0,2.210526315789474,0.9486700188878687,1.0,56,9.535714285714286,0.5860949462024445,13.0,1.5384615384615385,0.42914643965279103,,69,2.536231884057971,0.6781515728967448,47.0,1.702127659574468,0.8826528688881728,47,2.2127659574468086,0.8886685536813105,,,,50,0.2547364950151328,0.32201622633149624,2.0,14.0,1.1428571428571428,0.31774445465112133,0.12145899202895914,0.6510218521803983,86,2.2906976744186047,0.5267017462015668,0.3350326637946337,0.45574191815835724,32,3.0,,,0.5806451612903226,9.051169327731092,5.695588235294117,3873.0,11.51397058823529,7.294792169446643,12.176257773109239,35.114113445378166,13.210084033613448,10.0,5.881740056182507,0.025138963353901568,0.12354561101549044,0.6903786574870913,0.07198104929890733,164.0,56.0,12.226035060777338,1657.0,0.39705882352941174,7.308411214953271,680.0
corpora_selected_txt/KUK_1.0/data/FrBo/articles/TXT/red_Co musí obshaovat podání podle správního řádu_final.txt,Fart_red_06118,red_Co musí obshaovat podání podle správního řádu_final,TXT,data/FrBo/articles/TXT,FrBo,FrBo_articles,6118,Co musí obsahovat podání podle správního řádu?;Správní řízení;Správní řízení,True,high,,,,normative,quasiobjective,False,individual,natural person,public,No,,good,,,,244,1.4139344262295082,0.40881411325614186,1.0,-1.0,,3.0,2.3333333333333335,0.24743582965269673,,,,,,,,,,,35.0,1.8285714285714285,0.4686734006041131,2.0,86,9.30232558139535,0.61942430577774,21.0,2.4285714285714284,0.4616803969493785,,102,2.6862745098039214,0.8966505059339711,93.0,1.5698924731182795,0.5587784078942962,62,1.5161290322580645,0.6290458404423961,,,,77,0.26403856252575647,0.33601433594735935,2.0,20.0,1.1,0.2798122778414057,0.09777694012214136,0.46634718439679307,133,2.037593984962406,0.5992681619288603,0.29866659030192866,0.329534632330102,99,1.0,,,0.5548387096774193,8.36737016049787,5.467605633802817,5823.0,10.488262910798126,7.4709152168197175,11.605560235833604,39.44958761873568,11.714051752374713,13.0,5.761593865853466,0.02756080422629793,0.13438923395445135,0.6525776397515528,0.07713173089797573,204.0,86.0,11.39389265767863,2514.0,0.3314553990610329,7.362573099415204,1065.0
corpora_selected_txt/KUK_1.0/data/FrBo/articles/TXT/red_Jak můžete kontrolovat hospodaření obce_final.txt,Fart_red_06177,red_Jak můžete kontrolovat hospodaření obce_final,TXT,data/FrBo/articles/TXT,FrBo,FrBo_articles,6177,Jak můžete kontrolovat hospodaření obce?;Fungování obcí a úřadů;Korupce a transparentnost,True,high,,,,normative,quasiobjective,False,individual,natural person,public,No,,good,5.0,,,553,1.3291139240506329,0.4857667193176524,0.9994725738396625,0.008856198447120128,,11.0,3.6363636363636362,0.43084219849035216,,,,1.0,,1.0,1.0,1.0,3.0,,91.0,2.043956043956044,0.7953077116359512,1.0,157,10.496815286624203,0.6227135498186125,36.0,2.3055555555555554,0.9263172132804636,,219,3.009132420091324,0.9649416427365118,170.0,1.8647058823529412,0.8392432323102165,146,1.821917808219178,0.8322434509828508,,,,140,0.2524980066966467,0.3855736495506272,2.0,33.0,1.1818181818181819,0.33141707576180923,0.11070176722090597,0.5138420657671047,250,2.608,0.6371704413581081,0.346790995416692,0.3948678679156803,96,6.0,1.0,,0.6716981132075471,9.504995807127884,5.62962962962963,11856.0,11.4,8.126587137642026,11.787533874464689,39.820320790553495,12.610553853321148,19.0,5.87001597631016,0.024169502263536684,0.12423019431988036,0.6810114598903837,0.07093201972672188,330.0,159.0,12.018587802805424,4910.0,0.29012345679012347,6.785915492957747,2106.0
corpora_selected_txt/KUK_1.0/data/FrBo/articles/TXT/red_Zadávání veřejných zakázek - jaká pro něj platí pravidla a jak ho kontrolovat_final.txt,Fart_red_06205,red_Zadávání veřejných zakázek - jaká pro něj platí pravidla a jak ho kontrolovat_final,TXT,data/FrBo/articles/TXT,FrBo,FrBo_articles,6205,Zadávání veřejných zakázek: jaká pro něj platí pravidla a jak ho kontrolovat?;Fungování obcí a úřadů;Hospodaření obce a kraje,True,high,,,,normative,quasiobjective,False,individual,natural person,public,No,,good,8.0,1.0,1.0,481,1.3846153846153846,0.46833915465825426,1.0,-1.0,2.0,6.0,2.1666666666666665,0.18842228790639837,,,,,,,,3.0,5.0,,77.0,1.9090909090909092,0.7169124633655727,,162,9.438271604938272,0.57681888619342,40.0,1.8,0.5367176572662754,,206,2.558252427184466,0.7247912162029345,155.0,1.664516129032258,0.8308731264287191,137,1.7956204379562044,0.7278124124813172,,2.0,,141,0.2553759452344664,0.36868512668230374,2.0,28.0,1.3214285714285714,0.5470083519069657,0.12262850867865241,0.6930241187831491,229,2.2576419213973797,0.6053128575117576,0.3153757846315,0.44893410964498237,97,4.0,,,0.5834829443447038,8.822420326242476,5.599701640974639,11261.0,11.10044753853804,8.259165751483387,11.576521783564623,39.5607914232458,12.314382552403499,18.0,5.9377948991409975,0.022598521060197885,0.1234937238493724,0.705847280334728,0.0650888802587317,367.0,163.0,11.747727056050653,4746.0,0.3177523620089508,7.228395061728395,2011.0
corpora_selected_txt/KUK_1.0/data/FrBo/articles/TXT/red_Registr smluv - kontrolujte nakládání s veřejnými prostředky_final.txt,Fart_red_06234,red_Registr smluv - kontrolujte nakládání s veřejnými prostředky_final,TXT,data/FrBo/articles/TXT,FrBo,FrBo_articles,6234,Registr smluv: kontrolujte nakládání s veřejnými prostředky;Fungování obcí a úřadů;Hospodaření obce a kraje,True,high,,,,normative,quasiobjective,False,individual,natural person,public,No,,good,,1.0,1.0,437,1.3363844393592677,0.3918346491369061,1.0,-1.0,,8.0,2.375,0.2179154397923224,,,,,,3.0,,1.0,1.0,,46.0,1.8695652173913044,0.7185841630087343,1.0,112,10.535714285714286,0.591982216877883,21.0,1.8095238095238095,0.5420030562823337,,160,2.975,0.9179911668071866,108.0,1.9814814814814814,1.3253646295572494,100,1.61,0.5781957040643513,,5.0,,101,0.2426152037523986,0.4173753051073901,,23.0,1.173913043478261,0.4182815693474522,0.10119509907839427,0.41577975529318445,188,2.4468085106382977,0.642717459968344,0.32415891194051394,0.38182498080479116,62,1.0,,,0.517162471395881,9.962788613606264,5.601753287413901,8946.0,11.40457107075767,7.897690350961207,12.26445359939266,38.231364932035206,12.866622705182838,17.666666666666668,5.7978100798317875,0.02753576031083222,0.1259145527369826,0.6694392523364486,0.07357168854584345,301.0,113.0,12.249249509720002,3726.0,0.3237319974953037,8.226666666666667,1597.0
corpora_selected_txt/KUK_1.0/data/FrBo/articles/TXT/red_Jak právo chrání kulturní památky.txt,Fart_red_06249,red_Jak právo chrání kulturní památky,TXT,data/FrBo/articles/TXT,FrBo,FrBo_articles,6249,Jak právo chrání kulturní památky;Životní prostředí;Ochrana přírody a krajiny,True,high,,,,normative,quasiobjective,False,individual,natural person,public,No,,good,6.0,,2.0,356,1.603932584269663,0.5508846560186542,0.9990636704119851,0.012486279040446423,,10.0,5.1,0.6882945682039617,,,,,,,1.0,1.0,1.0,,14.0,3.2142857142857144,1.359822344689485,7.0,101,9.653465346534654,0.7356236781967628,14.0,2.2142857142857144,0.5366575078364241,1.0,118,2.593220338983051,1.1433111270235974,70.0,1.542857142857143,0.6951552990829776,81,2.2098765432098766,1.103141554085106,,1.0,,79,0.18341840606086202,0.3378550241518107,1.0,19.0,1.105263157894737,0.41513323271815933,0.0891569164572898,0.6217968419165399,131,2.9618320610687023,0.5686810329062404,0.32251514292398276,0.37663994483926316,42,5.0,,,0.3087557603686636,11.167368247106403,5.942957746478873,8439.0,12.997676056338028,7.795010903898424,13.686074187700456,28.415560591270406,14.553339841026357,15.0,5.876259329659309,0.02801422645321921,0.11176381529144586,0.6885011355034065,0.08923910837822116,298.0,101.0,13.249877564735403,3540.0,0.3373239436619718,12.030075187969924,1420.0
corpora_selected_txt/KUK_1.0/data/FrBo/articles/TXT/red_Jaké právní nástroje můžete využít pro ochranu půdy.txt,Fart_red_06265,red_Jaké právní nástroje můžete využít pro ochranu půdy,TXT,data/FrBo/articles/TXT,FrBo,FrBo_articles,6265,Jaké právní nástroje můžete využít pro ochranu půdy?;Životní prostředí;Ochrana přírody a krajiny,True,high,,,,normative,quasiobjective,False,individual,natural person,public,No,,good,5.0,,,284,1.4964788732394365,0.554689029810085,0.9994969818913481,0.008481278080700892,,2.0,7.5,0.848528137423857,,,,,1.0,,1.0,,1.0,,9.0,1.6666666666666667,0.6708203932499368,4.0,73,11.178082191780822,0.7975655212488769,22.0,1.5,0.49334191326730314,,87,2.9885057471264367,0.7473422014300111,50.0,1.9,0.7686108383556719,70,2.4857142857142858,0.9384712133391976,,2.0,,55,0.19786949980250887,0.43303400660854047,4.0,16.0,1.375,0.5227602097660079,0.09823574714973708,0.48934428006757585,104,3.3365384615384617,0.6996039748954501,0.36229476073858663,0.40957405157574134,70,1.0,,,0.3969465648854962,9.624003544528136,5.387978142076503,5916.0,10.495992714025503,7.843339241168766,11.917673854182048,41.90966883276718,13.293969379215282,13.0,5.887718184988825,0.03178700564964929,0.10694694694694695,0.7011511511511511,0.07811208582554391,287.0,74.0,12.567638695301444,2476.0,0.3998178506375228,12.087378640776699,1098.0
corpora_selected_txt/KUK_1.0/data/FrBo/articles/TXT/red_pravni_nastroje_ochrany_ovzdusi.txt,Fart_red_06288,red_pravni_nastroje_ochrany_ovzdusi,TXT,data/FrBo/articles/TXT,FrBo,FrBo_articles,6288,Právní nástroje ochrany ovzduší;Životní prostředí;Ochrana ovzduší a vod,True,high,,,,normative,quasiobjective,False,individual,natural person,public,No,,good,6.0,,1.0,437,1.5423340961098397,0.5779750886965519,0.9986015764047801,0.014768099369104629,,7.0,5.428571428571429,0.8498818558923759,,,,,2.0,,,,5.0,,29.0,2.5517241379310347,1.4722466417916975,4.0,107,12.16822429906542,0.6568184877469674,32.0,2.8125,0.9576288252477786,,135,2.9407407407407407,0.7370512257577095,87.0,2.2873563218390807,1.1134288495791773,108,2.314814814814815,0.8989204740640792,,1.0,,90,0.18769095313679557,0.5092631519647126,7.0,23.0,1.3043478260869565,0.4284102631069354,0.0928995538195969,0.41714277585509985,148,3.72972972972973,0.6519602660340897,0.348613267517225,0.361297041420365,118,6.0,,,0.38412017167381973,12.229823610847916,5.849346219442865,10289.0,12.835929505400797,8.366369557782278,14.402524182511105,27.699663045080314,14.837725559556146,16.0,6.028671995015197,0.02065430968580817,0.10292168674698798,0.7377168674698795,0.06239363695496648,366.0,108.0,13.64565750075407,4300.0,0.3592950540079591,11.151685393258427,1759.0
"corpora_selected_txt/KUK_1.0/data/FrBo/articles/TXT/red_Co dělat, když soused postavil černou stvabu_final, bacha na infrgafiku.txt",Fart_red_06313,"red_Co dělat, když soused postavil černou stvabu_final, bacha na infrgafiku",TXT,data/FrBo/articles/TXT,FrBo,FrBo_articles,6313,"Co dělat, když soused postavil černou stavbu?;Územní a stavební řízení;Černé stavby",True,high,,,,normative,quasiobjective,False,individual,natural person,public,No,,good,,,1.0,433,1.3810623556581987,0.44630507630077143,0.9992301770592764,0.011322726564596847,,3.0,9.666666666666666,0.861379034261848,,,,,,,,,,1.0,34.0,1.8529411764705883,0.5657485863248849,7.0,111,10.198198198198199,0.6597496478208386,36.0,2.1944444444444446,0.520366007218161,2.0,117,2.8974358974358974,0.6863637054208176,98.0,1.7959183673469388,0.7238379528281884,102,2.049019607843137,0.8532968245732904,,,,88,0.22051621899569074,0.42974115174200167,3.0,22.0,1.3636363636363635,0.42613061564184945,0.1332279582068493,0.7813537161032,159,3.069182389937107,0.7061885017236275,0.3458969750522653,0.34760999869875175,131,1.0,,,0.4973821989528796,9.199634194690265,5.541333333333333,8312.0,10.989733333333332,7.685542191116164,11.813899533923301,39.69509640117994,13.283067846607672,16.0,5.789329867104433,0.03355814904099794,0.11816559600285514,0.6614561027837259,0.09511087728738718,263.0,113.0,12.421786976269999,3499.0,0.304,8.973544973544973,1500.0
corpora_selected_txt/KUK_1.0/data/FrBo/articles/TXT/red_Shromáždění jak zajistit řádný průběh a kdy může být rozpuštěno_final.txt,Fart_red_06326,red_Shromáždění jak zajistit řádný průběh a kdy může být rozpuštěno_final,TXT,data/FrBo/articles/TXT,FrBo,FrBo_articles,6326,Shromáždění: Jak zajistit řádný průběh a kdy může být rozpuštěno?;Spolky a účast veřejnsoti;Petice a shromáždění,True,high,,,,normative,quasiobjective,False,individual,natural person,public,No,,good,2.0,,,275,1.2181818181818183,0.38703805108867767,1.0,-1.0,,4.0,3.25,0.38717099668055127,,,,,,,,1.0,2.0,,28.0,2.607142857142857,0.6711966359717191,4.0,99,9.232323232323232,0.6179422975785517,47.0,2.148936170212766,0.6859700359239692,,110,2.172727272727273,0.6384098471675287,87.0,1.8850574712643677,0.7255001180295404,80,1.7875,0.693469536162796,,,,85,0.2507641578862668,0.2798865384898432,1.0,27.0,1.4074074074074074,0.530951246827394,0.13231846826618068,0.5633342540049251,143,1.979020979020979,0.6099926051715995,0.3147579013837755,0.38204393199657943,94,,,,0.6996336996336996,8.63133333333333,5.777777777777778,6292.0,11.655555555555553,7.370485876263252,11.593404958677688,36.947132231404964,13.87658402203857,13.0,5.715351868597036,0.029108812567600905,0.1103333333333334,0.6445454545454545,0.08705981720884881,208.0,99.0,12.351356379393966,2655.0,0.3241505968778696,6.657894736842105,1089.0
corpora_selected_txt/KUK_1.0/data/FrBo/articles/TXT/red_Přestupkové řízení_2021_final.txt,Fart_red_06355,red_Přestupkové řízení_2021_final,TXT,data/FrBo/articles/TXT,FrBo,FrBo_articles,6355,Přestupkové řízení;Správní řízení;Správní řízení,True,high,,,,normative,quasiobjective,False,individual,natural person,public,No,,good,2.0,,,508,1.3169291338582678,0.40744780106728945,1.0,-1.0,,8.0,4.625,0.6928323723909792,,,,,,,,,7.0,,62.0,1.6290322580645162,0.48747656829068325,3.0,158,9.575949367088608,0.6727883849063566,39.0,1.9487179487179487,0.675761545750618,,172,2.6511627906976742,0.6002670193131829,122.0,1.6967213114754098,0.943023615173619,152,1.881578947368421,0.8648636318069013,,2.0,,130,0.2470010509689794,0.34422457949500157,2.0,24.0,1.0416666666666667,0.1959591794226543,0.09377160900961211,0.5084670219613878,231,2.4155844155844157,0.6619739375043108,0.3251882478812569,0.42171508054893453,157,,,,0.5195729537366548,8.353262537382104,5.5169753086419755,10725.0,10.661162551440329,7.943315050192143,10.768568977966922,44.57040151573244,11.20841448764154,19.0,5.80658478590813,0.026316795516407955,0.11756097560975609,0.6685365853658537,0.07118484500098977,340.0,161.0,11.05617276418576,4445.0,0.2978395061728395,7.694158075601375,1944.0
corpora_selected_txt/KUK_1.0/data/FrBo/articles/TXT/red_Trestní odpovědnost právnických osob.txt,Fart_red_06367,red_Trestní odpovědnost právnických osob,TXT,data/FrBo/articles/TXT,FrBo,FrBo_articles,6367,Trestní odpovědnost právnických osob;Korupce a transparentnost;Korupce a jednání úředníků,True,high,,,,normative,quasiobjective,False,individual,natural person,public,No,,good,10.0,,1.0,369,1.5203252032520325,0.45758163052261414,0.9990966576332431,0.01226456589870876,,6.0,8.833333333333334,1.4522664919663144,,,,,,,,,1.0,,22.0,1.2727272727272727,0.5519644218897356,2.0,91,12.208791208791208,0.7400517210527934,17.0,2.4705882352941178,0.5920749286099145,,127,2.7244094488188977,0.6385673230533675,53.0,2.0,0.657793514480272,102,1.5392156862745099,0.5536299469649603,,1.0,,78,0.23334326242558362,0.4830890737417536,5.0,27.0,1.2962962962962963,0.41788884072503285,0.08940310603537298,0.44466556222699033,157,2.535031847133758,0.8009015347701196,0.28247741818029826,0.3658381244189953,83,,1.0,,0.36639676113360325,12.45213015826678,5.722960151802656,9048.0,12.351739405439593,7.737168172405646,14.096037137435616,31.816391579957042,13.451664338191854,17.0,5.778010263802468,0.027824121058508244,0.12003373819163288,0.6625641025641026,0.07981831824435921,316.0,91.0,12.72953256237006,3714.0,0.32637571157495254,10.327777777777778,1581.0
corpora_selected_txt/KUK_1.0/data/FrBo/articles/TXT/red_Obecní a krajská periodika_final.txt,Fart_red_06394,red_Obecní a krajská periodika_final,TXT,data/FrBo/articles/TXT,FrBo,FrBo_articles,6394,Obecní a krajská periodika: jaká pro ně platí pravidla a jak se bránit proti jejich nedodržení?;Fungování obcí a úřadů;Orgány obce a kraje,True,high,,,,normative,quasiobjective,False,individual,natural person,public,No,,good,3.0,,,526,1.355513307984791,0.43498132966376296,0.999683143219265,0.007269315335137698,,8.0,3.75,0.8402569523852487,,,,3.0,3.0,,,,2.0,1.0,59.0,2.0,0.6499336836196815,1.0,146,11.08904109589041,0.5974226942308394,38.0,2.6315789473684212,1.0617273024957326,,187,2.8983957219251337,0.738020399242384,144.0,1.8055555555555556,0.7447286511552601,156,2.1858974358974357,1.0033672779544711,1.0,2.0,,128,0.21047004920756907,0.3193766776146886,3.0,30.0,1.1666666666666667,0.5075087142143656,0.1168675435045404,0.6926849689912346,225,2.7244444444444444,0.6295249027851101,0.3418048745671934,0.40844924335190536,117,,1.0,,0.528169014084507,10.530033533533533,5.739791073124406,12088.0,12.06714150047483,8.02571315696413,13.249174084340748,31.70831449398119,15.530448397115064,20.0,5.88344225325064,0.031873788308409826,0.10934728450423514,0.6855256601893374,0.09800123643236384,320.0,148.0,13.81666964889586,5129.0,0.2716049382716049,8.03010033444816,2106.0
"corpora_selected_txt/KUK_1.0/data/FrBo/articles/TXT/red_Vyvlastnění podle zákona o urychlení výstavby dopravní, vodní a energetické infrastruktury.txt",Fart_red_06416,"red_Vyvlastnění podle zákona o urychlení výstavby dopravní, vodní a energetické infrastruktury",TXT,data/FrBo/articles/TXT,FrBo,FrBo_articles,6416,"Vyvlastnění podle zákona o urychlení výstavby dopravní, vodní a energetické infrastruktury;Správní řízení;Správní řízení",True,high,,,,normative,quasiobjective,False,individual,natural person,public,No,,good,1.0,,,427,1.3770491803278688,0.46450277819834185,0.9992193598750976,0.011401936959895317,,16.0,3.0,0.6776866969767514,,,,,2.0,,,1.0,2.0,,35.0,1.7714285714285714,0.5317834696250386,,105,10.847619047619048,0.7214457622856745,16.0,2.8125,0.7017907722860451,,115,3.3043478260869565,0.9333534231621756,64.0,2.015625,0.9581631882166775,105,2.447619047619048,1.2412707040759359,,4.0,,86,0.19452580252821844,0.44351894848043044,4.0,15.0,1.3333333333333333,0.4629100498862758,0.13225648792212258,0.6007855640593883,144,3.423611111111111,0.6703337678347054,0.370399006294654,0.33973125814424976,107,4.0,,,0.42513368983957217,10.789889850586341,5.734394904458599,9003.0,12.10248407643312,7.808235899649144,12.876881064349064,35.070960473837744,13.996547413536522,17.0,5.832619878893427,0.02921045326769549,0.10554044867437118,0.6682256968048946,0.09007181998763858,241.0,107.0,12.992993816082635,3720.0,0.2859872611464968,11.037974683544304,1570.0
corpora_selected_txt/KUK_1.0/data/FrBo/articles/TXT/red_Vyvlastnění.txt,Fart_red_06417,red_Vyvlastnění,TXT,data/FrBo/articles/TXT,FrBo,FrBo_articles,6417,Vyvlastnění;Správní řízení;Správní řízení,True,high,,,,normative,quasiobjective,False,individual,natural person,public,No,,good,2.0,,,384,1.3880208333333333,0.47026711211427025,0.9995659722222222,0.008508865802112643,,16.0,3.125,1.0508155562863226,,,1.0,,,,1.0,,1.0,2.0,18.0,1.7222222222222223,0.6236450085198887,5.0,96,11.083333333333334,0.6890884016628356,28.0,1.6071428571428572,0.7637416618316533,,119,2.899159663865546,0.7020175695489296,53.0,1.830188679245283,0.7480691234931947,100,1.85,0.6625812799404053,,4.0,,77,0.20805655345145915,0.39455716646400674,2.0,27.0,1.1851851851851851,0.4701900955587415,0.09791780175767105,0.5823182408207793,147,2.7551020408163267,0.5986618421761883,0.34109138414992335,0.3728334869686836,130,4.0,,,0.40437158469945356,10.502224576271185,5.642655367231638,7990.0,11.681497175141244,7.851868789016095,12.632482344632763,36.87894632768362,14.035593220338985,14.0,5.832869126208915,0.0257710823081287,0.10979498861047832,0.6774031890660592,0.07258191488283161,277.0,96.0,13.023866798666859,3311.0,0.3340395480225989,10.931972789115646,1416.0
corpora_selected_txt/KUK_1.0/data/FrBo/articles/TXT/red_Jak se zapojit do povolování těžby - 2. díl_final.txt,Fart_red_06420,red_Jak se zapojit do povolování těžby - 2. díl_final,TXT,data/FrBo/articles/TXT,FrBo,FrBo_articles,6420,Jak se zapojit do povolování těžby? – 2. část;Životní prostředí;Hornictví,True,high,,,,normative,quasiobjective,False,individual,natural person,public,No,,good,20.0,,,793,1.4602774274905423,0.5201870520295817,0.9994220260613703,0.009468028121362944,,21.0,4.904761904761905,1.0027768026155617,,,,,,3.0,2.0,,7.0,1.0,36.0,2.25,0.8047478161629567,2.0,196,10.903061224489797,0.7099888707005559,45.0,2.311111111111111,1.1771306635110415,3.0,219,3.557077625570776,0.8894251768429168,117.0,2.017094017094017,1.1180424335853745,211,2.4028436018957344,1.1661202718701182,1.0,9.0,,162,0.17630973715453746,0.3911817235439146,6.0,23.0,1.391304347826087,0.5625789086066869,0.10266611837482748,0.5862230492101539,265,3.6490566037735848,0.640552325514,0.35952678614186173,0.381915553860851,268,9.0,,,0.3388746803069054,11.17395375631952,5.8112571621166165,17242.0,12.485035389282109,8.286681313135524,13.659649949443882,30.04450992922142,14.46787259858443,23.0,5.938709477680952,0.034656621576236515,0.09389121338912132,0.7104672245467225,0.09458440440125859,388.0,200.0,13.292330910984951,7257.0,0.25008426019548363,12.625,2967.0
corpora_selected_txt/KUK_1.0/data/FrBo/articles/TXT/red_financovani_politickych_stran úprava 2021.txt,Fart_red_06443,red_financovani_politickych_stran úprava 2021,TXT,data/FrBo/articles/TXT,FrBo,FrBo_articles,6443,Financování politických stran: jaká pro něj platí pravidla a jak ho kontrolovat;Korupce a transparentnost;Korupce a jednání úředníků,True,high,,,,normative,quasiobjective,False,individual,natural person,public,No,,good,10.0,2.0,1.0,291,1.5463917525773196,0.48943755349783524,1.0,-1.0,,10.0,3.4,0.749214634295796,,,,1.0,1.0,1.0,1.0,,3.0,,37.0,1.7567567567567568,0.6894432669980478,,88,11.090909090909092,0.6738432238362608,12.0,2.1666666666666665,0.6769866467290041,,117,2.9914529914529915,0.7057168783981412,79.0,2.2025316455696204,0.849025001928294,99,2.111111111111111,0.8529776120837159,,6.0,,75,0.1982455988913363,0.3818040404350779,2.0,11.0,1.3636363636363635,0.4944132324730442,0.0886671741336813,0.5258511587223779,125,2.792,0.6307741202222632,0.29315760958683557,0.4312331378949215,62,2.0,,,0.41450777202072536,10.967013637154,5.683861459100958,7713.0,11.938393515106858,7.708789006874605,12.641720608082931,37.74495381418032,13.291212439866527,15.0,5.788371779159553,0.02954863319361656,0.11569952305246423,0.6565023847376789,0.09458344152630793,250.0,89.0,12.588091727154751,3136.0,0.32056005895357403,9.522012578616351,1357.0
corpora_selected_txt/KUK_1.0/data/FrBo/articles/TXT/red_Regulační plán_final.txt,Fart_red_06540,red_Regulační plán_final,TXT,data/FrBo/articles/TXT,FrBo,FrBo_articles,6540,Regulační plán;Územní plánování;Územní plánování,True,high,,,,normative,quasiobjective,False,individual,natural person,public,No,,good,3.0,,,444,1.481981981981982,0.48710844727287467,0.9996782496782496,0.006781882042389893,,14.0,3.357142857142857,0.6463755118848896,,,,,,,,2.0,4.0,,57.0,1.894736842105263,0.6667286677518196,1.0,139,8.913669064748202,0.5347123706488747,15.0,1.8666666666666667,0.6029265362905047,1.0,147,2.5238095238095237,0.5686036440437734,94.0,1.797872340425532,0.6754803803351468,101,1.7227722772277227,0.7208871569374706,,1.0,,119,0.23850101122813613,0.39621393625818707,1.0,11.0,1.3636363636363635,0.4944132324730442,0.12319397773943229,0.5162139215324298,171,2.8947368421052633,0.5972323137256507,0.327312286875863,0.31493911723132934,94,1.0,,,0.44016227180527384,9.155970686963144,5.720283855706683,9673.0,11.634417504435246,7.626933940881213,12.336167943705348,34.06764386574716,13.854951095303532,17.0,5.756718201045651,0.030504142935468378,0.1197487437185929,0.6521105527638191,0.08526815868462721,241.0,139.0,12.574695296411821,4148.0,0.2714370195150798,8.800925925925926,1691.0
corpora_selected_txt/KUK_1.0/data/FrBo/articles/TXT/red_Užívání dokončené stavby - kolaudace_akt2021.txt,Fart_red_06582,red_Užívání dokončené stavby - kolaudace_akt2021,TXT,data/FrBo/articles/TXT,FrBo,FrBo_articles,6582,Užívání dokončené stavby – kolaudace;Územní a stavební řízení;Územní a stavební řízení,True,high,,,,normative,quasiobjective,False,individual,natural person,public,No,,good,9.0,,2.0,408,1.4215686274509804,0.423464044760909,1.0,-1.0,,2.0,2.5,0.282842712474619,,,,,,,,2.0,3.0,,21.0,1.6666666666666667,0.6928203230275508,1.0,110,9.209090909090909,0.7249487065352441,24.0,1.2916666666666667,0.5343894593700774,,127,2.4488188976377954,0.46220339315180714,89.0,1.6179775280898876,0.7655457238670259,118,1.7372881355932204,0.818987641963542,,6.0,,90,0.23342006295695666,0.3596326946759986,,23.0,1.3478260869565217,0.42495694162176345,0.1115250691337648,0.6295482687982361,168,2.5714285714285716,0.6101880163061111,0.3558285566557625,0.3874302289732626,68,3.0,,,0.39598997493734334,9.749226912029926,5.84643644379133,7957.0,12.266715650257163,7.54831232276149,12.80285785852648,31.277513445995623,13.47223565560083,15.0,5.737093915647238,0.027549072054866706,0.13313787638668773,0.6481458003169572,0.07986234639772194,200.0,110.0,12.404819183094986,3392.0,0.2961058045554739,10.05732484076433,1361.0
corpora_selected_txt/KUK_1.0/data/FrBo/articles/TXT/red_GDPR Jak právo chrání osobní údaje_final.txt,Fart_red_06615,red_GDPR Jak právo chrání osobní údaje_final,TXT,data/FrBo/articles/TXT,FrBo,FrBo_articles,6615,GDPR: Jak právo chrání osobní údaje?;Fungování obcí a úřadů;Právo na informace,True,high,,,,normative,quasiobjective,False,individual,natural person,public,No,,good,5.0,,,614,1.3338762214983713,0.4266728961632328,0.9994571118349619,0.009509569856008343,,12.0,6.666666666666667,1.4673724197291629,,,,,,,,,2.0,,52.0,1.7692307692307692,0.5987495773503162,2.0,169,10.857988165680473,0.6841474657701447,30.0,1.9666666666666666,0.618922221160798,,203,2.832512315270936,0.701838272024161,143.0,1.5874125874125875,0.7636297580335454,148,1.9864864864864864,0.697203340491353,,2.0,,135,0.219797419298821,0.3664817460882297,9.0,26.0,1.1923076923076923,0.3370929155513066,0.09668146627392876,0.3632581356835916,260,2.6153846153846154,0.6667306796608954,0.32719107839182365,0.4429286329978143,114,4.0,,,0.49830508474576274,9.88222085516971,5.580349708576186,13404.0,11.30349708576186,8.00892273323173,12.619503942792768,35.80785916638098,12.912380859088016,22.0,5.827913836618263,0.02698230182715322,0.12172818063395563,0.6775466782457664,0.07773630506319108,416.0,170.0,12.277891279855112,5698.0,0.2885095753538718,9.662116040955631,2402.0
corpora_selected_txt/KUK_1.0/data/FrBo/articles/TXT/red_Jak uspořádat veřejnou sbírku.txt,Fart_red_06863,red_Jak uspořádat veřejnou sbírku,TXT,data/FrBo/articles/TXT,FrBo,FrBo_articles,6863,Jak uspořádat veřejnou sbírku;Spolky a účast veřejnsoti;Spolky,True,high,,,,normative,quasiobjective,False,individual,natural person,public,No,,good,8.0,,,431,1.3874709976798143,0.44278293429519155,0.9996133023975251,0.008031156476606065,,5.0,3.0,0.7453559924999298,,,,,1.0,1.0,,,4.0,,60.0,1.7666666666666666,0.592902613521142,1.0,137,8.905109489051094,0.7519287226267061,34.0,1.6764705882352942,0.5822325557430195,,132,2.5984848484848486,0.7455949640087655,105.0,1.7428571428571429,0.7918023648952089,90,2.011111111111111,0.886652868086766,,4.0,,104,0.2566305341618056,0.4451275661198068,2.0,27.0,1.5185185185185186,0.4609890107942199,0.12891669453760957,0.571284977413534,165,2.43030303030303,0.7330042991596625,0.30432373538666646,0.38076446222886395,64,2.0,,,0.4925053533190578,8.56416602836974,5.591102985984156,9175.0,10.990493601462523,7.860671164097066,11.017939768789724,42.692451651787906,11.275092186089132,16.0,5.826454094888696,0.029621816339774384,0.1145590142671854,0.6729831387808042,0.08215018138496373,257.0,137.0,11.089327328668922,3806.0,0.29494210847044483,8.458515283842795,1641.0
corpora_selected_txt/KUK_1.0/data/FrBo/articles/TXT/red_Maření výkonu úředního rozhodnutí.txt,Fart_red_06921,red_Maření výkonu úředního rozhodnutí,TXT,data/FrBo/articles/TXT,FrBo,FrBo_articles,6921,Maření výkonu úředního rozhodnutí jako trestný čin;Správní řízení;Správní řízení,True,high,,,,normative,quasiobjective,False,individual,natural person,public,No,,good,6.0,,,101,1.6732673267326732,0.5352665469192256,1.0,-1.0,,,,,,,,,,,,,,,6.0,1.6666666666666667,0.4898979485566356,2.0,27,12.777777777777779,0.7827090236694635,8.0,1.875,0.3417973037128831,,41,2.4878048780487805,0.5326697140080833,21.0,1.5714285714285714,0.5891582453098054,30,1.7666666666666666,0.5696048952421423,,,,25,0.2087084121962302,0.35343475308369554,1.0,7.0,1.1428571428571428,0.33071891388307384,0.07455163883735312,0.3215235426988147,46,2.782608695652174,0.7535002234940316,0.28792766869978265,0.3709045865421782,28,,,,0.3795620437956204,11.870138711960365,5.552016985138004,2615.0,11.554989384288747,7.188117859476593,14.046616418966735,32.28517126680822,13.347204529370135,9.0,5.9767884720310365,0.03267738424965227,0.12357526881720426,0.7296236559139785,0.07906203853370436,146.0,27.0,12.650343791298138,1102.0,0.46496815286624205,10.215686274509803,471.0
corpora_selected_txt/KUK_1.0/data/FrBo/articles/TXT/red_Jak daleko od hranice pozemku musí být umístěno elektrické vedení.txt,Fart_red_06948,red_Jak daleko od hranice pozemku musí být umístěno elektrické vedení,TXT,data/FrBo/articles/TXT,FrBo,FrBo_articles,6948,Jak daleko od hranice pozemku musí být umístěno elektrické vedení?;Fungování obcí a úřadů;Územní a stavební řízení,True,high,,,,normative,quasiobjective,False,individual,natural person,public,No,,good,4.0,,1.0,265,1.539622641509434,0.5085323447680814,0.99874213836478,0.014469827291747905,,2.0,4.0,0.3535533905932738,,,,,,,,,1.0,,27.0,2.185185185185185,0.8229171722044804,2.0,73,9.657534246575343,0.7532774471273576,16.0,2.375,0.735336808276757,,70,3.0714285714285716,0.7360419724785774,60.0,2.05,0.7851503970633471,60,2.3,0.8960591758998394,,3.0,,62,0.23570126400856029,0.40163291804075457,1.0,12.0,1.25,0.36181361349331637,0.11474809291305454,0.6840318464940643,98,3.0816326530612246,0.8025786797207447,0.33601561004021985,0.3666026664162417,78,6.0,,,0.4753521126760563,9.421689970899287,5.61139896373057,5415.0,11.310051813471508,7.636672980373129,12.163566385123143,37.21141507559088,13.370572787280858,12.666666666666666,5.8451963076680515,0.023103080860090348,0.12542725173210167,0.6682794457274827,0.07319313926467141,194.0,73.0,12.465959236968228,2291.0,0.3544041450777202,8.08955223880597,965.0
corpora_selected_txt/KUK_1.0/data/FrBo/articles/TXT/red_Jak přimět nečinný úřad jednat_final.txt,Fart_red_07008,red_Jak přimět nečinný úřad jednat_final,TXT,data/FrBo/articles/TXT,FrBo,FrBo_articles,7008,Jak přimět nečinný úřad jednat?;Správní řízení;Správní řízení,True,high,,,,normative,quasiobjective,False,individual,natural person,public,No,,good,4.0,,,337,1.3501483679525224,0.41734521892487203,1.0,-1.0,1.0,2.0,4.0,-1.0,,,,,,,,,1.0,,49.0,1.7551020408163265,0.6530677078556307,4.0,86,10.69767441860465,0.6132411572963062,20.0,2.25,0.7613127747520396,,117,2.7094017094017095,0.559031246898455,82.0,1.5,0.7046776885348315,86,1.5930232558139534,0.6486428710470387,2.0,2.0,,77,0.26528827182775466,0.3672287720911931,2.0,29.0,1.4482758620689655,0.47358983728666676,0.1330190311627805,0.6270241473277902,144,2.548611111111111,0.7378321753342411,0.3278955994489433,0.36101943226300554,84,,,,0.5993788819875776,8.218574448624743,5.1468416735028715,6274.0,9.248974569319115,7.3806533738050115,10.949614419205492,46.95662492338735,11.511078423052624,14.0,5.811527582810424,0.028035648716807627,0.1201428571428571,0.6607053571428572,0.0871157709609651,179.0,87.0,11.346256568361436,2677.0,0.2723543888433142,7.171875,1219.0
corpora_selected_txt/KUK_1.0/data/FrBo/articles/TXT/red_Kdo_má_povinnost_poskytovat_informace_final.txt,Fart_red_07031,red_Kdo_má_povinnost_poskytovat_informace_final,TXT,data/FrBo/articles/TXT,FrBo,FrBo_articles,7031,Kdo má povinnost poskytovat informace?;Právo na informace;Fungování obcí a úřadů,True,high,,,,normative,quasiobjective,False,individual,natural person,public,No,,good,19.0,,,415,1.4289156626506023,0.45062880281601403,1.0,-1.0,1.0,6.0,3.1666666666666665,0.5059206248714913,,,,,,,,,5.0,,31.0,1.5483870967741935,0.5230508349347374,5.0,119,10.722689075630251,0.5770602061195873,22.0,2.0,0.6546536707079772,,164,2.597560975609756,0.6175538932880118,104.0,1.5961538461538463,0.6621069878572121,142,1.732394366197183,0.6555074436760061,,6.0,,102,0.21767699580114092,0.42964816804822475,2.0,21.0,1.3333333333333333,0.4330127018922193,0.10011728242599538,0.6247427443093794,198,2.212121212121212,0.5807114365930602,0.29291373032460377,0.37739908284484736,30,,,,0.4189723320158103,11.032351272814601,5.837463976945245,10128.0,12.557982708933716,7.8335812415593225,13.291940249759847,31.84425168107589,14.498030739673391,19.0,5.750113245941653,0.028211671352053134,0.11789119804400983,0.6460696821515892,0.09043779957711401,255.0,120.0,13.268218822659097,4211.0,0.27723342939481266,9.71563981042654,1735.0
corpora_selected_txt/KUK_1.0/data/FrBo/articles/TXT/red_Co je to SEA_final.txt,Fart_red_07043,red_Co je to SEA_final,TXT,data/FrBo/articles/TXT,FrBo,FrBo_articles,7043,Co je to SEA?;Životní prostředí;Záměry ovlivňující životní prostředí/Záměry s negativním vlivem,True,high,,,,normative,quasiobjective,False,individual,natural person,public,No,,good,4.0,,,576,1.3420138888888888,0.47699974949671725,0.9998070987654322,0.004630522863206658,,5.0,3.4,0.7669649888473704,,,,,1.0,,,,5.0,,59.0,1.7966101694915255,0.5917651380120583,,167,10.353293413173652,0.7507948257973621,26.0,2.0,0.6164414002968976,,230,2.773913043478261,0.5980584022817039,154.0,1.5974025974025974,0.7387022401566704,217,1.9170506912442395,0.8447771034190944,,10.0,,146,0.23733950988460342,0.35002562750072685,5.0,22.0,1.0909090909090908,0.26972453123756235,0.09997859662931434,0.494148191674807,305,2.2098360655737705,0.756934511830765,0.33696831855259507,0.43514596233833924,69,33.0,,,0.5983050847457627,9.140724309069675,5.554041780199818,12230.0,11.021980018165303,7.777792920344255,11.625210198520822,40.66737757882444,11.709705462566498,19.0,5.80815376106357,0.022940955844403293,0.1217213504517356,0.6649833571088921,0.06661191362240461,300.0,168.0,11.445115572375993,5112.0,0.24704813805631246,7.315340909090909,2202.0
corpora_selected_txt/KUK_1.0/data/FrBo/articles/TXT/red_Jak se zapojit do fungování městské části_FINAL.txt,Fart_red_07071,red_Jak se zapojit do fungování městské části_FINAL,TXT,data/FrBo/articles/TXT,FrBo,FrBo_articles,7071,Jak se zapojit do fungování městské části,True,high,,,,normative,quasiobjective,False,individual,natural person,public,No,,good,4.0,1.0,,690,1.4971014492753623,0.4736822868106814,0.9997584541062803,0.006346424516339064,,9.0,4.777777777777778,0.561400358352247,,,,,,,,1.0,6.0,1.0,88.0,1.7840909090909092,0.6095737891850692,3.0,188,10.207446808510639,0.56849388770888,15.0,2.3333333333333335,0.6613000712661081,,209,2.9665071770334928,0.707704686799008,180.0,2.2222222222222223,0.8287434117132396,181,1.9226519337016574,0.6813716691186376,,1.0,,171,0.22506917716601554,0.344435420396667,4.0,25.0,1.28,0.5298695299316616,0.09474409903821668,0.6042431822312093,273,2.8827838827838828,0.635272682730778,0.3204414708199623,0.35556995542677416,110,1.0,,,0.4818523153942428,9.876031156707576,5.544172234595397,14936.0,11.161766889383818,7.715937142743682,11.47721950275632,43.959211186403195,11.685886682778122,24.0,5.689984260028275,0.03142895523271516,0.14658574181117534,0.6314566473988439,0.09495475315831671,280.0,188.0,11.47240648713673,6023.0,0.21566443949517447,7.890625,2694.0
corpora_selected_txt/KUK_1.0/data/FrBo/articles/TXT/red_Politické nástroje občana_final.txt,Fart_red_07106,red_Politické nástroje občana_final,TXT,data/FrBo/articles/TXT,FrBo,FrBo_articles,7106,Politické nástroje občana: Jak efektivně upozornit na problém nebo prosadit jeho řešení?;Fungování obcí a úřadů;Zapojení veřejnosti,True,high,,,,normative,quasiobjective,False,individual,natural person,public,No,,good,1.0,,,292,1.3287671232876712,0.4241610038858629,1.0,-1.0,,8.0,2.75,0.6372906050070285,,,,1.0,,,1.0,,1.0,,64.0,2.4375,0.8036525781519567,5.0,89,12.9438202247191,0.5117175284692114,23.0,2.0,0.543557306504609,,135,2.5703703703703704,0.8059657488169475,100.0,1.78,0.7806581738216749,72,2.4305555555555554,0.7558863572724831,1.0,1.0,,87,0.25773939325044726,0.33091295707498136,1.0,21.0,1.3333333333333333,0.4330127018922194,0.09324173734683705,0.5096781423360883,162,2.1666666666666665,0.6632706574329794,0.27598093670508206,0.4160781539206457,58,4.0,,,0.6161616161616161,10.989629304708764,5.456021650879567,8064.0,11.021109607577804,7.931623552993101,13.307726862903099,35.750652582445156,13.895741284152592,15.0,5.9403455120038196,0.01845740858094316,0.11627991298042062,0.7096736765772299,0.05807818772508755,295.0,89.0,13.042379007178063,3409.0,0.33626522327469555,6.864197530864198,1478.0
corpora_selected_txt/KUK_1.0/data/FrBo/articles/TXT/red_Ekologický spolek jako žalobce – kdy se bránit u soudu_final.txt,Fart_red_07138,red_Ekologický spolek jako žalobce – kdy se bránit u soudu_final,TXT,data/FrBo/articles/TXT,FrBo,FrBo_articles,7138,Ekologický spolek jako žalobce – kdy se bránit u soudu?,True,high,,,,normative,quasiobjective,False,individual,natural person,public,No,,good,9.0,,,334,1.3982035928143712,0.4927078697004678,1.0,-1.0,1.0,5.0,2.8,0.29880715233359845,,,,,,,,1.0,,,47.0,2.0,0.966841563388569,1.0,83,11.819277108433734,0.5316918111888822,21.0,2.142857142857143,0.9131143289740763,,110,2.9545454545454546,0.7283565267156109,72.0,1.8194444444444444,0.5784809463700828,97,1.9381443298969072,0.6978727120631255,,2.0,,76,0.22728901865303663,0.3483786926697103,7.0,16.0,1.375,0.5863460180580764,0.1074727200259321,0.5546909536727916,151,2.403973509933775,0.6079141037255743,0.30473769294377007,0.4115138773349832,61,4.0,,,0.5294117647058824,10.140823211976993,5.41601866251944,6965.0,10.709409020217729,7.74166851394965,12.664085976877963,38.05375347111621,12.35622177668684,14.0,5.927667514717341,0.018820885474411478,0.13381634372367313,0.701095197978096,0.06094911475613366,221.0,83.0,11.95255113204114,2957.0,0.32192846034214617,8.12290502793296,1286.0
corpora_selected_txt/KUK_1.0/data/FrBo/articles/TXT/red_Veřejné prostranství.txt,Fart_red_07158,red_Veřejné prostranství,TXT,data/FrBo/articles/TXT,FrBo,FrBo_articles,7158,Veřejné prostranství: co to je a jak ho využít?;Fungování obcí a úřadů;Orgány obce a kraje,True,high,,,,normative,quasiobjective,False,individual,natural person,public,No,,good,1.0,,,257,1.4591439688715953,0.4364399538691815,1.0,-1.0,,3.0,2.3333333333333335,0.24743582965269678,,,,1.0,,,,,2.0,,41.0,1.6829268292682926,0.6152084292889516,1.0,82,8.902439024390244,0.551034585291781,16.0,1.875,0.6987820091389705,,97,2.6597938144329896,0.6112787326588923,64.0,1.875,0.8525922708111501,74,1.8513513513513513,0.7622184324735725,,,,77,0.2549619325206354,0.33834608125592164,,13.0,1.3076923076923077,0.48208983737820577,0.09950889411591753,0.46080875061148124,118,2.3135593220338984,0.709669444993079,0.2953259400085663,0.40375997536965424,37,,,,0.4934640522875817,9.031665941200785,5.674975074775673,5692.0,11.43419740777667,7.341919274017969,11.274785910560993,41.41758337183572,10.595574252851202,12.0,5.7039778855690075,0.02631639307429296,0.13295353982300884,0.6344469026548673,0.07950779728080483,191.0,82.0,10.673175538573783,2340.0,0.3270189431704885,7.72,1003.0
corpora_selected_txt/KUK_1.0/data/FrBo/articles/TXT/red_Jak se zapojit do zasedání zastupitelstva(1).txt,Fart_red_07205,red_Jak se zapojit do zasedání zastupitelstva(1),TXT,data/FrBo/articles/TXT,FrBo,FrBo_articles,7205,Jak se zapojit na zasedání zastupitelstva;Fungování obcí a úřadů;Orgány obce a kraje,True,high,,,,normative,quasiobjective,False,individual,natural person,public,No,,good,,,,366,1.2431693989071038,0.411151282404051,1.0,-1.0,,4.0,2.75,0.5454545454545454,,,,,,,,1.0,3.0,,57.0,2.210526315789474,0.8451901873938559,1.0,131,9.15267175572519,0.6467286188821963,28.0,1.6428571428571428,0.5028797557361586,,122,3.1721311475409837,0.8968771491876047,99.0,2.505050505050505,1.2302302714709585,79,2.189873417721519,0.6664788024853096,,2.0,,108,0.25925510765337045,0.4852527393349659,2.0,22.0,1.4090909090909092,0.6061148851098583,0.12086482098443821,0.6537577185179189,157,2.7261146496815285,0.6388905645193318,0.33273500177069676,0.3475782424661399,77,3.0,,,0.6723646723646723,8.038508754319732,5.531311799604483,8391.0,10.608569545154912,7.62609355907647,10.756930744491719,43.562079323225674,12.560054733225465,16.0,5.770061160246661,0.02875122543154438,0.13448519040902684,0.6518617771509168,0.08038455071675764,263.0,132.0,11.770048995651724,3517.0,0.2933421226104153,7.353191489361702,1517.0
corpora_selected_txt/KUK_1.0/data/FrBo/articles/TXT/red_Mohou spolky ve správních žalobách používat věcné argumenty_final.txt,Fart_red_5938d,red_Mohou spolky ve správních žalobách používat věcné argumenty_final,TXT,data/FrBo/articles/TXT,FrBo,FrBo_articles,5938d,Mohou spolky ve správních žalobách používat věcné argumenty?;Spolky a účast veřejnsoti;Správní řízení,True,high,,,,normative,quasiobjective,False,individual,natural person,public,No,,good,2.0,,1.0,305,1.4098360655737705,0.44521471338564045,1.0,-1.0,1.0,5.0,3.0,0.40824829046386296,,,,,,1.0,,,1.0,,41.0,1.7560975609756098,0.813134842203271,3.0,76,13.736842105263158,0.6179733382709628,25.0,1.52,0.5411825736514503,,114,3.8508771929824563,0.9876178035954463,72.0,2.0694444444444446,1.1010975821150064,98,2.13265306122449,0.9320719913301393,1.0,,,65,0.21576994396027563,0.382017978870571,2.0,22.0,1.4545454545454546,0.5502975385665294,0.09464382620694188,0.5421650999230372,143,2.3986013986013988,0.6491625625503638,0.29136774658679226,0.4796691771784293,59,1.0,,,0.4394736842105263,12.341099739143779,5.575801749271137,7650.0,11.722011661807576,7.792850035332119,14.056184747583245,33.356306122448984,14.538836888138716,16.0,5.965524906855239,0.023280987777577592,0.11010997643362141,0.7186724273369992,0.06782520490588086,225.0,76.0,13.510955990900158,3164.0,0.3104956268221574,9.55421686746988,1372.0
corpora_selected_txt/KUK_1.0/data/FrBo/articles/TXT/red_Jak zajistit měření hluku.txt,Fart_red_BRstu,red_Jak zajistit měření hluku,TXT,data/FrBo/articles/TXT,FrBo,FrBo_articles,,Jak zajistit oficiální měření hluku?,True,high,,,,normative,quasiobjective,False,individual,natural person,public,No,,good,,,,236,1.3559322033898304,0.4515649502068548,1.0,-1.0,,3.0,4.666666666666667,0.8112726208286105,,,,,,1.0,,1.0,5.0,,20.0,1.9,0.7224555170034314,,78,10.0,0.736082999272624,20.0,1.7,0.6358442750289189,,89,2.449438202247191,0.8257659702853152,64.0,1.9375,1.0992111716774615,64,1.640625,0.50200619725084,,1.0,,65,0.2323918286994557,0.38378435623773577,1.0,15.0,1.4666666666666666,0.4363230500605803,0.1161512220722747,0.39409858723578217,109,2.36697247706422,0.6367403425378073,0.2927139164726861,0.35305752785000455,68,10.0,,,0.47735191637630664,9.241752369407095,5.527220630372493,5787.0,10.947277936962747,7.673543657917811,12.124131805157589,37.86084174564692,12.360634780692088,13.0,5.871636085992568,0.02248331882485233,0.10490506329113924,0.6920991561181434,0.06584917447604277,256.0,78.0,11.87940476392328,2469.0,0.38013371537726837,8.867647058823529,1047.0
corpora_selected_txt/KUK_1.0/data/FrBo/articles/TXT/red_Neinformování o zahájení řízení podle § 70 ZOPK úprava 2021.txt,Fart_red_URn6T,red_Neinformování o zahájení řízení podle § 70 ZOPK úprava 2021,TXT,data/FrBo/articles/TXT,FrBo,FrBo_articles,,Neinformování o zahájeném správním řízení podle § 70 zákona o ochraně přírody a krajiny,True,high,,,,normative,quasiobjective,False,individual,natural person,public,No,,good,1.0,,1.0,226,1.247787610619469,0.42783667940625547,1.0,-1.0,,4.0,16.0,1.2119199643540823,,,,,,,,,1.0,,31.0,2.096774193548387,0.5951016355274913,1.0,59,11.627118644067796,0.6543966875216704,19.0,2.1052631578947367,0.5226136240091719,1.0,80,2.7875,0.7651614158959483,55.0,1.7454545454545454,0.616046333593298,66,1.8333333333333333,0.9403033420548211,,2.0,,53,0.24983337744038417,0.36176432855985424,,16.0,1.0625,0.23529411764705882,0.08125095390720391,0.3310141022785721,102,2.715686274509804,0.852039930582392,0.3308179378825284,0.36543555898892616,82,,,,0.6350710900473934,9.376231316989951,5.207877461706784,4760.0,9.730853391684905,7.206815849186161,11.877099784890405,43.40719574973113,12.192233801876647,12.0,5.740973265009546,0.03595029614800071,0.11934969325153377,0.6467852760736196,0.09763385113657762,169.0,59.0,11.834309223626889,2023.0,0.3238512035010941,7.804511278195489,914.0
corpora_selected_txt/KUK_1.0/data/FrBo/articles/TXT/red_Zřízení skládky_zapracována novelizace_revKZ2.txt,Fart_red_XVFJa,red_Zřízení skládky_zapracována novelizace_revKZ2,TXT,data/FrBo/articles/TXT,FrBo,FrBo_articles,,Jak se bránit proti zřízení černé skládky?,True,high,,,,normative,quasiobjective,False,individual,natural person,public,No,,good,5.0,2.0,,732,1.3989071038251366,0.47848768968229133,1.0,-1.0,,13.0,3.0,0.38490017945975047,,,,2.0,,,,2.0,2.0,2.0,59.0,2.0847457627118646,0.6379055156233778,7.0,216,10.49074074074074,0.8072657774224737,46.0,1.934782608695652,0.6925943316391343,,242,2.9173553719008263,0.8333166563818384,160.0,1.75625,0.8773441475205959,163,2.0920245398773005,1.0130430986392676,,1.0,,156,0.20572778483916315,0.38174893411823807,8.0,36.0,1.25,0.48284868969777384,0.09639730145728598,0.5008127717256694,290,2.8413793103448275,0.6985977502730897,0.3361999944451206,0.43836015109037557,210,3.0,1.0,,0.44621513944223107,9.751022538547389,5.543727481166066,16925.0,11.13206681952178,8.212568676798101,12.130537055234072,39.14593810580973,12.977647365675535,23.0,5.904007006387387,0.0280794839430377,0.10185172647257956,0.6969126607989167,0.08211237737416519,360.0,216.0,12.319278868710274,7078.0,0.23812643301670489,10.444776119402984,3053.0
corpora_selected_txt/KUK_1.0/data/FrBo/articles/TXT/red_Jak právo chrání vody před znečištěním.txt,Fart_red_fmrNI,red_Jak právo chrání vody před znečištěním,TXT,data/FrBo/articles/TXT,FrBo,FrBo_articles,,Jak právo chrání vody před znečištěním?,True,high,,,,normative,quasiobjective,False,individual,natural person,public,No,,good,19.0,,3.0,635,1.4094488188976377,0.4711189901403449,0.9995125609298837,0.008708559338169088,,11.0,4.545454545454546,0.6013983704666982,,,,,3.0,,,,,,37.0,2.2432432432432434,0.9480123627252979,3.0,176,9.869318181818182,0.6693089359455178,43.0,1.627906976744186,0.614625756223899,,198,2.893939393939394,0.7256555892606166,133.0,1.5714285714285714,0.7765663827754841,166,2.066265060240964,0.8854175959027407,,4.0,,149,0.20738455443031756,0.4479750187050196,,32.0,1.3125,0.45126793307474145,0.10507741970469331,0.5247842547587745,245,2.7020408163265306,0.6291937717451699,0.3370924110605036,0.4157343404827799,131,8.0,1.0,1.0,0.4015384615384615,9.376275571732407,5.619232427770591,13031.0,11.327468736524365,8.422214980969692,12.005898173525992,38.065369723945906,12.864653817761894,20.0,5.931705663342614,0.0307081446376288,0.10951801801801808,0.7078108108108108,0.0950566704708545,401.0,177.0,12.156640329834016,5481.0,0.31134109529969817,10.292307692307693,2319.0
corpora_selected_txt/KUK_1.0/data/FrBo/articles/TXT/red_Jak se zapojit do procesu přijímání plánů povodí.txt,Fart_red_xMYGV,red_Jak se zapojit do procesu přijímání plánů povodí,TXT,data/FrBo/articles/TXT,FrBo,FrBo_articles,,Jak se zapojit do procesu přijímání plánů povodí?,True,high,,,,normative,quasiobjective,False,individual,natural person,public,No,,good,1.0,,,168,1.4345238095238095,0.5265435961017615,0.9991496598639455,0.011031047997289972,,3.0,3.0,0.3333333333333333,,,,,,,,,1.0,,9.0,1.3333333333333333,0.75,1.0,48,10.25,0.5669120249130712,6.0,1.6666666666666667,0.4898979485566356,1.0,49,3.5510204081632653,0.6505040966643956,26.0,1.8461538461538463,0.7765665171481162,35,2.7142857142857144,0.9049679121100563,,,,43,0.17071474756004584,0.5421591249947083,1.0,1.0,2.0,,0.2222222222222222,,59,3.4237288135593222,0.6756973948681944,0.3591463150785185,0.39113707135680875,40,1.0,,,0.39215686274509803,9.53242091109383,5.611197511664074,3608.0,11.337636080870913,7.2141773393218145,11.80741342664593,39.966249092794214,12.387882322446865,8.8,5.731692736498214,0.042718482995049115,0.1127573529411765,0.6500183823529412,0.07838586734594458,162.0,48.0,11.894334487736195,1495.0,0.41368584758942456,12.220338983050848,643.0
corpora_selected_txt/LIFRLawRELEASE2.0/lifr_texts/txt/knihovna-3_orig.txt,LiFRLaw_0003,knihovna-3_orig,TXT,https://lindat.cz/repository/xmlui/bitstream/handle/11234/1-5225/LIFRLawRELEASE2.0.zip,LiFRLaw,https://lindat.cz/repository/xmlui/bitstream/handle/11234/1-5225/LIFRLawRELEASE2.0.zip,knihovna-3_orig,Knihovní řád Knihovny Jiřího Mahena,False,,,,,normative,quasiobjective,True,individual,,,Anonymized by source,natural person,bad,,,,200,1.4,0.5113820879066961,0.9983333333333333,0.016652492032456022,,3.0,3.3333333333333335,0.458257569495584,,,,,1.0,,,,,,8.0,1.0,-1.0,5.0,32,20.78125,0.8424475240850895,12.0,1.75,0.6945320497205681,,58,3.310344827586207,0.74039753181447,31.0,1.5483870967741935,0.6423517266581765,57,2.263157894736842,0.9503534071846522,,3.0,,30,0.1548177031337951,0.43253946274493926,3.0,9.0,1.1111111111111112,0.3,0.06255890270338155,0.26909447121623414,65,3.707692307692308,0.6653191693573655,0.3250377115972444,0.3787311534035528,39,,,,0.2627118644067797,19.868756291254122,5.847084708470847,5315.0,13.574477447744774,7.790042234106703,20.462225797579755,9.085910616061625,19.591322882288228,10.666666666666666,6.018876016830593,0.023586492881989097,0.09040740740740738,0.7400493827160494,0.06686963946133466,215.0,32.0,16.93900687197057,2198.0,0.40154015401540155,16.114754098360656,909.0
corpora_selected_txt/LIFRLawRELEASE2.0/lifr_texts/txt/zahradnici-2_orig.txt,LiFRLaw_0011,zahradnici-2_orig,TXT,https://lindat.cz/repository/xmlui/bitstream/handle/11234/1-5225/LIFRLawRELEASE2.0.zip,LiFRLaw,https://lindat.cz/repository/xmlui/bitstream/handle/11234/1-5225/LIFRLawRELEASE2.0.zip,zahradnici-2_orig,Smlouva o vyklizení,False,,,,,individual,quasiobjective,True,individual,,,Anonymized by source,legal person,bad,1.0,,,235,1.3829787234042554,0.6007665495633834,0.998758865248227,0.013579115782158719,,5.0,3.6,0.541488574711609,,,,,,3.0,,,,,12.0,2.1666666666666665,0.7319644256296238,7.0,57,14.087719298245615,1.1559438342181863,19.0,2.6842105263157894,0.9860836971134072,1.0,54,2.6296296296296298,0.6104935146651131,32.0,1.75,0.5984399292441632,52,1.9038461538461537,0.5330184465682084,,1.0,,38,0.13549796574153755,0.394106417561607,6.0,12.0,1.0,-1.0,0.07988909238909238,0.29225047828235523,66,4.636363636363637,0.7184814936378568,0.3585365188107466,0.3172457184184563,56,,4.0,,0.32085561497326204,12.308902996791588,5.570038910505836,5726.0,11.693385214007781,7.637385493574072,13.07251506928801,40.02062516212712,15.424151819236807,13.0,5.845180834278341,0.019938402670382556,0.09300322927879434,0.6720667384284177,0.06325722874543643,189.0,57.0,14.120391744400486,2261.0,0.3463035019455253,20.576271186440678,1028.0
corpora_selected_txt/LIFRLawRELEASE2.0/lifr_texts/txt/zastoupeni-3_orig.txt,LiFRLaw_0018,zastoupeni-3_orig,TXT,https://lindat.cz/repository/xmlui/bitstream/handle/11234/1-5225/LIFRLawRELEASE2.0.zip,LiFRLaw,https://lindat.cz/repository/xmlui/bitstream/handle/11234/1-5225/LIFRLawRELEASE2.0.zip,zastoupeni-3_orig,USNESENÍ,False,,,,,individual,quasiobjective,True,authority,,,Anonymized by source,combined,bad,3.0,,,207,1.2560386473429952,0.4688172310607664,1.0,-1.0,,5.0,2.8,0.29880715233359845,,,,,,,,,,,6.0,3.0,1.0540925533894598,11.0,35,19.62857142857143,0.554668635348343,22.0,2.0454545454545454,0.7615387127732393,,64,3.34375,0.721266699773561,37.0,1.8918918918918919,0.6326168521567007,67,1.8805970149253732,0.6514004843329928,,,,33,0.17739720249512003,0.39201416361502595,1.0,13.0,1.1538461538461537,0.4807401700618653,0.10099995364641709,0.8200136493874767,81,2.925925925925926,0.7082558449687392,0.3073760138101001,0.42534944957424264,58,,,,0.4218009478672986,16.503257881483968,5.63337250293772,4794.0,12.400587544065806,7.69692709928357,17.993622460970286,18.24781275809974,18.844398187006885,10.0,5.995771735017479,0.025602696268082197,0.08787234042553194,0.7359175531914893,0.07081758922248681,235.0,35.0,16.578774642904936,2026.0,0.42303172737955347,10.806818181818182,851.0
corpora_selected_txt/KUK_1.0/data/OmbuFlyers/originals/TXT/Ochrana-osob-omezenych-na-svobode.txt,ombuflyer_0002,Ochrana-osob-omezenych-na-svobode,TXT,data/OmbuFlyers/originals/TXT,OmbuFlyers,,,Ochrana osob omezených na svobodě,False,,,,,individual,quasiobjective,False,authority,natural person,public,No,,bad,1.0,,,190,1.4210526315789473,0.5707186712508315,1.0,-1.0,,8.0,4.875,0.786377871542489,,,,,,3.0,,2.0,,,10.0,2.2,0.46945252681302013,2.0,42,16.357142857142858,1.3145281288452637,25.0,17.68,1.040467786027834,1.0,45,2.533333333333333,0.6497098513640193,37.0,5.513513513513513,2.0013271740313576,42,2.2142857142857144,0.7696232791946839,,1.0,,32,0.1634903439539818,0.5099205140259024,4.0,9.0,1.0,-1.0,0.0636625605407855,0.29371064516298356,59,4.305084745762712,1.1233512008217041,0.35375786735081993,0.481987560822234,85,2.0,,,0.24267782426778242,16.508535714285713,5.983974358974359,5601.0,13.941346153846153,7.944757600825072,17.71583211233211,16.349097680097685,19.042490842490842,12.0,6.022178665324353,0.024446499997405974,0.06739545997610508,0.7421624850657109,0.07443358155575446,261.0,42.0,16.69955669828396,2308.0,0.4423076923076923,18.210526315789473,936.0
corpora_selected_txt/KUK_1.0/data/OmbuFlyers/originals/TXT/Verejne-cesty.txt,ombuflyer_0003,Verejne-cesty,TXT,data/OmbuFlyers/originals/TXT,OmbuFlyers,,,Veřejné cesty,False,,,,,individual,quasiobjective,False,authority,natural person,public,No,,bad,4.0,,,439,1.5239179954441913,0.535327776702786,0.9993672487977727,0.009556165918230214,,6.0,5.5,0.7249964377227959,,,,2.0,,,,1.0,5.0,,40.0,1.45,0.5620171603384488,20.0,113,11.398230088495575,0.8621214092677695,20.0,1.85,0.5888772060846514,,159,2.440251572327044,0.5860851254830663,91.0,1.6923076923076923,0.6394226620002783,113,1.6460176991150441,0.7166332329894041,,1.0,,92,0.2512919923802767,0.46078687777645333,2.0,30.0,1.4,0.4438967616184752,0.09888164653257532,0.41533294114666025,185,2.7567567567567566,0.7105777693261085,0.3322186954539896,0.3527213426114843,107,1.0,,,0.4145873320537428,11.329153451813035,5.774303581580443,10157.0,12.369414440022739,8.011358346932427,13.44047875522159,32.39732675680352,14.054588328348618,18.0,5.84058330795021,0.035389918232741936,0.11486144578313251,0.676355421686747,0.0928053072757698,283.0,115.0,13.081062458862508,4214.0,0.3013075611142695,9.534883720930232,1759.0
corpora_selected_txt/KUK_1.0/data/OmbuFlyers/originals/TXT/Vyzivovaci-povinnost.txt,ombuflyer_0005,Vyzivovaci-povinnost,TXT,data/OmbuFlyers/originals/TXT,OmbuFlyers,,,"Vyživovací povinnost rodičů k dětem, stanovení výživného",False,,,,,individual,quasiobjective,False,authority,natural person,public,No,,bad,5.0,2.0,,423,1.4278959810874705,0.5074390571368008,0.9988179669030733,0.014019136588460192,,7.0,3.4285714285714284,0.5548606765399494,,,,,,,,1.0,4.0,,19.0,2.1578947368421053,0.4163046216094995,21.0,90,14.466666666666667,0.7098061817111951,39.0,2.4358974358974357,0.8413015555277611,2.0,143,2.93006993006993,1.1000644153531283,68.0,2.014705882352941,0.8681850376100962,136,2.1838235294117645,1.3846637013471166,,2.0,,75,0.1971467008355957,0.3634301265081361,8.0,30.0,1.3666666666666667,0.651159502437237,0.10544280810921677,0.6302190253930369,185,2.848648648648649,0.6777023022756011,0.3416554525412751,0.40838327548700726,62,,,,0.40765765765765766,12.59384269005848,5.445344129554656,9415.0,11.204395604395605,8.232252546532072,14.377125955915428,33.3356416554206,14.254716277874174,16.0,6.023071591351072,0.019206392231423675,0.0947300613496932,0.7408527607361963,0.05534936727485333,337.0,90.0,13.27715590577164,3934.0,0.34644303065355697,11.15,1729.0
corpora_selected_txt/KUK_1.0/data/OmbuFlyers/originals/TXT/Bydlení - zajištění bydlení - obecní byty.txt,ombuflyer_0007,Bydlení - zajištění bydlení - obecní byty,TXT,data/OmbuFlyers/originals/TXT,OmbuFlyers,,,Bydlení - zajištění bydlení -  obecní byty,False,,,,,individual,quasiobjective,False,authority,natural person,public,No,,bad,6.0,,,328,1.396341463414634,0.5826918921907183,0.9990563298490128,0.012113678266337573,,4.0,2.5,0.2309401076758503,,,,,,,,,1.0,,32.0,1.96875,0.6763733889806777,10.0,94,11.329787234042554,0.7379371800099793,26.0,1.6538461538461537,0.8011079402022281,1.0,116,2.853448275862069,0.7455813544766478,66.0,1.8636363636363635,0.7640027345927495,63,2.253968253968254,0.9223002083359703,,,1.0,74,0.22517593052716045,0.4528713015235839,6.0,26.0,1.1538461538461537,0.4022160834399562,0.08861038243331645,0.6060974161865857,127,3.283464566929134,0.6644830600072433,0.3297322306546451,0.3329706582714285,61,,,,0.44141689373297005,10.669887782165375,5.583102493074792,8062.0,11.478808864265927,8.25273572784928,12.757839954028405,37.16832268521247,13.873212707019508,12.666666666666666,6.077389598751567,0.02317226886929897,0.10072118959107801,0.759182156133829,0.0712922985579139,315.0,94.0,12.971094332797012,3346.0,0.37742382271468145,10.48447204968944,1444.0
corpora_selected_txt/KUK_1.0/data/OmbuFlyers/originals/TXT/Davky-na-bydleni.txt,ombuflyer_0009,Davky-na-bydleni,TXT,data/OmbuFlyers/originals/TXT,OmbuFlyers,,,Dávky na bydlení,False,,,,,individual,quasiobjective,False,authority,natural person,public,No,,bad,1.0,1.0,1.0,852,1.426056338028169,0.5430364739105638,0.9991997439180539,0.011676766452869136,,19.0,4.473684210526316,0.9136749965009795,,,,3.0,,,1.0,2.0,7.0,,67.0,2.298507462686567,0.8897339027256834,18.0,160,15.96875,1.5631284922949285,67.0,46.76119402985075,1.1072691927724596,,235,3.748936170212766,2.205011199737371,192.0,2.8958333333333335,3.394881515325065,162,2.6296296296296298,2.753001950597818,,3.0,,118,0.2055889474666108,0.4420012378460734,7.0,53.0,1.2075471698113207,0.37595031829607894,0.09630566161321463,0.5092589895578837,294,3.891156462585034,1.0321863422036097,0.39525610924818505,0.40478632832615863,231,2.0,,,0.4631578947368421,13.291773444659398,5.290398126463701,18072.0,10.616920374707261,8.16064414702854,14.547630714794824,35.92314000610938,14.154403828530699,23.0,5.744587023349121,0.0442785330215198,0.08055471811878201,0.6492704250829062,0.13065015577145053,373.0,161.0,13.034104532185168,7446.0,0.22336065573770492,11.341880341880342,3416.0
corpora_selected_txt/KUK_1.0/data/OmbuFlyers/originals/TXT/Detsky-domov.txt,ombuflyer_0020,Detsky-domov,TXT,data/OmbuFlyers/originals/TXT,OmbuFlyers,,,"Dětský domov, výchovný ústav",False,,,,,individual,quasiobjective,False,authority,natural person,public,No,,bad,1.0,,,472,1.305084745762712,0.44106996218472655,1.0,-1.0,,6.0,3.5,0.43330716823151716,,,,,2.0,,,,3.0,,46.0,2.0,0.5676462121975466,8.0,130,11.092307692307692,0.6586152956342864,30.0,2.1333333333333333,0.9023586191676827,,159,2.5157232704402515,0.6795064059272751,106.0,1.7169811320754718,0.6265342638307778,130,1.8461538461538463,0.5580531712539567,,3.0,1.0,112,0.23066578790226946,0.3992766083619555,2.0,27.0,1.4444444444444444,0.6172309580135044,0.1301035519602771,0.5668481725336936,180,3.2,0.656835831890942,0.3529334143401705,0.3310596623036062,114,,,,0.5253863134657837,9.151036800559144,5.335649385355425,9983.0,10.190379476215929,7.964795962209837,11.856249599144842,41.49547628993133,13.260931628499776,17.0,5.882609928226754,0.029491198278609514,0.10757900677200904,0.6954345372460496,0.08070412419899589,343.0,130.0,12.516099999999998,4254.0,0.3115980758952432,9.071729957805907,1871.0
corpora_selected_txt/KUK_1.0/data/OmbuFlyers/originals/TXT/Exekuce.txt,ombuflyer_0033,Exekuce,TXT,data/OmbuFlyers/originals/TXT,OmbuFlyers,,,Exekuce,False,,,,,individual,quasiobjective,False,authority,natural person,public,No,,bad,12.0,,,1717,1.4105998835177636,0.5317649941360847,0.9988871786338298,0.013331733696086884,1.0,50.0,3.9,0.8372988608543928,,,,,,2.0,2.0,2.0,5.0,,102.0,2.156862745098039,0.7657198015590507,46.0,378,15.095238095238095,0.8810926465826261,93.0,2.21505376344086,0.7871676050258783,,543,3.2209944751381214,0.8809005977697917,349.0,1.816618911174785,0.8912647346990077,374,2.5320855614973263,1.172396881614551,,4.0,2.0,311,0.19429177496279249,0.5138778480024292,12.0,120.0,1.225,0.42939138065428917,0.08813124495467341,0.46144598295942757,633,3.4360189573459716,0.759989079734368,0.3443551033823171,0.3876809980063545,350,12.0,,,0.40990745781164944,13.352360906818134,5.487929009526296,42054.0,11.475022837009009,9.107650010155277,14.701158196940867,32.91316995954588,16.49121465414809,35.0,6.026554551608924,0.03425562795967694,0.0851057641459545,0.7408844526705447,0.10079265772455848,734.0,380.0,14.902581417329817,17291.0,0.20031319326634478,12.246010638297872,7663.0
corpora_selected_txt/KUK_1.0/data/OmbuFlyers/originals/TXT/Katastr-nemovitosti.txt,ombuflyer_0037,Katastr-nemovitosti,TXT,data/OmbuFlyers/originals/TXT,OmbuFlyers,,,Katastr nemovitostí (nejčastější dotazy),False,,,,,individual,quasiobjective,False,authority,natural person,public,No,,bad,6.0,,,511,1.401174168297456,0.5314118508475519,0.9988040878451838,0.013660856096324735,,11.0,3.272727272727273,1.0050029175069743,,,,1.0,,,,,,2.0,32.0,2.1875,1.0919539353707612,10.0,138,11.22463768115942,0.7517259927619877,35.0,1.9428571428571428,0.6358337449292216,1.0,169,2.834319526627219,0.9355949205167563,79.0,1.7468354430379747,0.7128198357407991,137,1.9708029197080292,1.2729009266804194,,4.0,,115,0.22122299430113476,0.476373651291363,6.0,35.0,1.457142857142857,0.5847648491149511,0.12539325444323232,0.5262935516441472,209,2.985645933014354,0.7340124269593129,0.3429755948779022,0.3578713302925833,99,6.0,,,0.43149284253578735,9.066906511382061,5.25924100542139,10671.0,9.873238048299656,8.285948856414995,10.927392904336397,48.39966885236535,12.209399932857622,16.0,5.94775995234032,0.02736012578906439,0.1001658031088083,0.7133056994818653,0.08238925932065622,322.0,138.0,11.841903285220923,4371.0,0.30704780680138,11.185714285714285,2029.0
corpora_selected_txt/KUK_1.0/data/OmbuFlyers/originals/TXT/Mediace.txt,ombuflyer_0039,Mediace,TXT,data/OmbuFlyers/originals/TXT,OmbuFlyers,,,Mediace,False,,,,,individual,quasiobjective,False,authority,natural person,public,No,,bad,2.0,,,152,1.3026315789473684,0.5449067297104059,0.9989035087719299,0.01353329089565088,,3.0,3.0,0.5773502691896257,,,,,,,,,2.0,,6.0,1.8333333333333333,0.7249964377227959,1.0,55,10.236363636363636,0.9493785303745929,5.0,1.4,0.6388765649999399,,50,2.82,0.8221371029992518,32.0,1.53125,0.49720098982223054,45,1.7777777777777777,0.49284655550457823,,,,41,0.19902154612715403,0.5063546657751081,,7.0,1.0,-1.0,0.12370076235622454,0.7153296769253498,55,3.327272727272727,0.7889506893978184,0.3321994696408186,0.39889439676404265,28,,,,0.4,9.386872727272728,5.670921985815603,3998.0,11.52212765957447,7.817912034216194,10.287326885880077,49.236191489361715,13.18401031592521,7.0,6.040482360905714,0.015494348220048587,0.09731023102310221,0.7486468646864687,0.04133267176102708,211.0,55.0,12.308361942998566,1545.0,0.4765957446808511,13.68421052631579,705.0
corpora_selected_txt/KUK_1.0/data/OmbuFlyers/originals/TXT/Najem-bytu.txt,ombuflyer_0043,Najem-bytu,TXT,data/OmbuFlyers/originals/TXT,OmbuFlyers,,,"Nájem bytu,  výpověď, zvyšování nájemného, přechod nájmu",False,,,,,individual,quasiobjective,False,authority,natural person,public,No,,bad,2.0,1.0,,588,1.316326530612245,0.4828820094386211,0.9997165532879819,0.006875166233616195,,8.0,2.75,0.3223291856101521,,,,,10.0,,,,5.0,,78.0,2.0641025641025643,0.580840556950813,16.0,164,11.353658536585366,0.7817073920019108,56.0,2.107142857142857,0.7715123170671893,1.0,224,2.263392857142857,0.7207477383173505,141.0,1.6028368794326242,0.6409489335295258,195,1.7076923076923076,0.7163772714552282,,3.0,,121,0.25244988344309843,0.3420241561748314,4.0,50.0,1.44,0.4686909448816554,0.11392828994639467,0.675641683064601,278,2.41726618705036,0.674148618881299,0.32204373554639887,0.3759063999832953,69,4.0,,,0.5817555938037866,8.811254106362536,5.242270224481152,12377.0,9.752054214315967,8.06193086517413,11.161714248819742,46.23160212187892,11.772937263044804,20.0,5.874988513295746,0.02681957901141842,0.11465517241379308,0.683474801061008,0.08263494526750846,326.0,164.0,11.53408975275416,5188.0,0.2617534942820839,8.204747774480712,2361.0
corpora_selected_txt/KUK_1.0/data/OmbuFlyers/originals/TXT/Odborne-socialni-poradenstvi.txt,ombuflyer_0049,Odborne-socialni-poradenstvi,TXT,data/OmbuFlyers/originals/TXT,OmbuFlyers,,,Odborné sociální poradenství,False,,,,,individual,quasiobjective,False,authority,natural person,public,No,,bad,2.0,,,75,1.6,0.4819372505975373,1.0,-1.0,,2.0,11.0,0.899954085146515,,,,,,,,1.0,,,2.0,3.0,0.47140452079103173,1.0,23,9.695652173913043,0.5944722291030806,3.0,2.0,-1.0,,28,2.2857142857142856,0.4589642122738419,19.0,1.4736842105263157,0.5708081949874692,19,1.894736842105263,0.6067464787187362,,1.0,,21,0.18170871096567692,0.4585887470981031,2.0,4.0,1.25,0.4,0.11785714285714285,0.7498370170607356,31,2.870967741935484,0.6278811469311275,0.30040518281619505,0.32208383959101033,13,,,,0.26262626262626265,14.39840747613998,6.789634146341464,2227.0,17.00579268292683,6.830077788316435,16.082713149522796,12.474972428419932,18.021420996818666,8.0,5.821987928283064,0.04250866833891852,0.10484716157205243,0.6889956331877729,0.11307421901840689,117.0,23.0,15.100410759659855,900.0,0.5213414634146342,13.64,328.0
corpora_selected_txt/KUK_1.0/data/OmbuFlyers/originals/TXT/Odskodneni.txt,ombuflyer_0056,Odskodneni,TXT,data/OmbuFlyers/originals/TXT,OmbuFlyers,,,Odškodnění.  Desatero dobré praxe pro posouzení žádostí o odškodnění,False,,,,,individual,quasiobjective,False,authority,natural person,public,No,,bad,3.0,,,256,1.359375,0.4938800738798798,1.0,-1.0,,5.0,4.2,0.10647942749998998,,,,,,,,3.0,1.0,,25.0,2.04,0.5195461795942695,6.0,74,11.04054054054054,0.7246703158745031,21.0,2.142857142857143,0.7566005844859258,,82,2.451219512195122,0.4760720061112226,52.0,1.5961538461538463,0.5853477981800148,62,2.306451612903226,1.7582458804187677,,1.0,1.0,57,0.21415564904870346,0.45017051939058744,3.0,18.0,1.5555555555555556,0.4530806913179351,0.13062337416052586,0.5050688513861543,100,3.48,0.6617078171826087,0.3786131688730373,0.3783715544238759,74,,,,0.47619047619047616,11.824455346651,6.027752081406105,6516.0,13.472617946345975,7.811574938963077,13.71889151686376,29.217273770532813,16.204020301522615,12.0,5.993213734062262,0.025404538748305137,0.1014867617107943,0.7254989816700611,0.080396970502941,202.0,74.0,14.241505777425612,2665.0,0.35522664199814985,10.016806722689076,1081.0
corpora_selected_txt/KUK_1.0/data/OmbuFlyers/originals/TXT/Pozemkove-urady.txt,ombuflyer_0066,Pozemkove-urady,TXT,data/OmbuFlyers/originals/TXT,OmbuFlyers,,,Pozemkové úřady a Úřad pro zastupování státu ve věcech majetkových,False,,,,,individual,quasiobjective,False,authority,natural person,public,No,,bad,3.0,,,214,1.4579439252336448,0.49541416066445837,0.9992211838006231,0.0114019788295618,,8.0,5.625,1.3267562650874702,,,,,,,,,1.0,,10.0,1.9,0.7627040392731284,3.0,58,12.96551724137931,0.7583082949184207,14.0,1.9285714285714286,0.429718037863201,,66,2.727272727272727,0.6253887679764574,26.0,2.1538461538461537,1.4663922130347595,54,2.0555555555555554,1.1513017923558282,,2.0,,43,0.19040331919078565,0.3863551856549369,3.0,17.0,1.3529411764705883,0.6369602314775483,0.10618866907794244,0.5039805177397965,76,3.3289473684210527,0.7397097769671723,0.31379561579369764,0.3056989782195538,45,3.0,,,0.3263598326359833,11.839760329892805,5.462945139557267,5676.0,11.179307025986523,7.734382140853069,13.069271547575582,39.81609269523085,14.480242939165644,13.0,5.855209559431032,0.030995767591460093,0.0885638297872341,0.6887127659574468,0.08252036786655652,244.0,58.0,13.468795269971068,2292.0,0.3859480269489894,15.03896103896104,1039.0
corpora_selected_txt/KUK_1.0/data/OmbuFlyers/originals/TXT/Pracovni-urazy.txt,ombuflyer_0068,Pracovni-urazy,TXT,data/OmbuFlyers/originals/TXT,OmbuFlyers,,,Pracovní úrazy a nemoci z povolání: odškodňování,False,,,,,individual,quasiobjective,False,authority,natural person,public,No,,bad,8.0,,1.0,821,1.468940316686967,0.5167381388121003,0.9988399744794385,0.013577832431088817,2.0,27.0,5.0,1.2721876978109552,,,,2.0,6.0,2.0,1.0,1.0,2.0,,42.0,2.0,0.7886388397182801,16.0,205,13.229268292682926,0.8620568813355549,66.0,2.4545454545454546,0.8873681197872574,3.0,235,3.3617021276595747,0.9075848419389557,105.0,1.8857142857142857,1.1955913252188715,199,2.7688442211055277,1.012244205694825,2.0,6.0,1.0,150,0.17822243717575498,0.5189353372949966,10.0,42.0,1.4047619047619047,0.41774191364527263,0.10672373793503824,0.4536322593966953,283,3.88339222614841,0.7832742950221878,0.3469998791849046,0.35754604506963855,248,4.0,,1.0,0.33840749414519905,12.53043294450336,5.606280193236715,20889.0,11.875979602791192,8.568432361506886,13.753410739300627,35.64743631174477,15.761923988322009,24.0,6.002046915748761,0.030396303668505695,0.08650951199338297,0.7289633305762337,0.0921183106712065,488.0,205.0,14.350737802727807,8443.0,0.25201288244766507,14.79513888888889,3726.0
corpora_selected_txt/KUK_1.0/data/OmbuFlyers/originals/TXT/Prispevek-na-peci.txt,ombuflyer_0070,Prispevek-na-peci,TXT,data/OmbuFlyers/originals/TXT,OmbuFlyers,,,Příspěvek na péči,False,,,,,individual,quasiobjective,False,authority,natural person,public,No,,bad,15.0,,2.0,465,1.4860215053763441,0.5727807016141269,0.9990655401945725,0.011700607942473514,,7.0,8.428571428571429,0.6879212602114327,,,,,,,,1.0,3.0,,15.0,1.8,0.43033148291193524,12.0,108,13.324074074074074,0.8250840049317819,13.0,2.076923076923077,0.6938886664887108,,133,3.1353383458646618,0.8043693265710159,73.0,1.7808219178082192,0.7442978502863141,102,1.9901960784313726,0.7761454832678985,,7.0,,81,0.17222810853531395,0.4764552406783896,3.0,27.0,1.2222222222222223,0.41430246835240914,0.09252279707328241,0.5968586539969608,157,3.8662420382165603,0.729277751246372,0.35574175235300726,0.3588096597501069,98,4.0,,,0.33406593406593404,11.776984779559498,5.415046059365404,10581.0,10.969959058341862,8.21787002585848,13.11803095265173,39.818176996853566,14.299473065696198,17.0,5.898723785706516,0.0390182179504041,0.08603234501347712,0.6922641509433962,0.11483931655472354,289.0,108.0,13.33949645818581,4301.0,0.2968270214943705,14.509933774834437,1954.0
corpora_selected_txt/KUK_1.0/data/OmbuFlyers/originals/TXT/Psychiatricka-nemocnice.txt,ombuflyer_0072,Psychiatricka-nemocnice,TXT,data/OmbuFlyers/originals/TXT,OmbuFlyers,,,Psychiatrická nemocnice,False,,,,,individual,quasiobjective,False,authority,natural person,public,No,,bad,6.0,,,753,1.3147410358565736,0.4389080552378368,1.0,-1.0,1.0,14.0,6.785714285714286,1.8032005071646895,,,1.0,2.0,1.0,,,,6.0,,86.0,1.8837209302325582,0.6535737913198602,17.0,206,12.645631067961165,0.6856902875699161,73.0,2.0,0.5833333333333333,,293,2.491467576791809,0.7815774049381313,185.0,1.827027027027027,0.6098960585903561,207,1.9710144927536233,1.127751363944475,,2.0,1.0,178,0.24591096282818714,0.42818752086909156,9.0,66.0,1.2575757575757576,0.3503964502109313,0.10028622124924698,0.59924138172509,345,2.6144927536231886,0.7284390445933333,0.309881825474377,0.4016898080331758,148,1.0,,,0.527122641509434,10.845498936106662,5.423381189569294,18510.0,10.863668326985055,8.428762183226038,12.971616688333299,37.96653037358587,14.268555693678369,23.0,5.959232702586731,0.02694518251208922,0.10975558237779126,0.7218678334339167,0.07789756968885643,499.0,206.0,13.292408850768851,7754.0,0.26311163199531207,8.887892376681615,3413.0
corpora_selected_txt/KUK_1.0/data/OmbuFlyers/originals/TXT/Rodicovsky-prispevek.txt,ombuflyer_0074,Rodicovsky-prispevek,TXT,data/OmbuFlyers/originals/TXT,OmbuFlyers,,,Rodičovský příspěvek (změny po 1. 1. 2018),False,,,,,individual,quasiobjective,False,authority,natural person,public,No,,bad,7.0,1.0,,292,1.5273972602739727,0.48966957074610756,0.9988584474885845,0.013785447839293514,,3.0,3.0,0.3333333333333333,,,,2.0,,,,,6.0,,19.0,2.1052631578947367,0.5901977069875258,2.0,62,14.483870967741936,0.8724055237026785,18.0,2.0,0.48507125007266594,,99,3.595959595959596,1.1410189584675925,57.0,1.8421052631578947,0.6788774820013647,82,2.9146341463414633,1.3998554959143612,,2.0,,51,0.18570551114478234,0.4213360595984401,1.0,18.0,1.0555555555555556,0.22329687826943603,0.07896446146446147,0.34806676928295566,113,3.2212389380530975,0.6260333548611663,0.33565920816840067,0.45097394763334103,23,1.0,,,0.4013605442176871,11.942446667370032,5.179067865903516,6334.0,9.99174161896975,7.567503829511265,12.847318782475664,44.71260124495555,13.712072376229791,15.0,5.814110065886681,0.03659201381016398,0.095720640569395,0.6595106761565837,0.11537351541085092,185.0,62.0,12.808737473216816,2542.0,0.29844644317252655,11.76923076923077,1223.0
corpora_selected_txt/KUK_1.0/data/OmbuFlyers/originals/TXT/Rovne-zachazeni.txt,ombuflyer_0076,Rovne-zachazeni,TXT,data/OmbuFlyers/originals/TXT,OmbuFlyers,,,Rovné zacházení a ochrana před diskriminací,False,,,,,individual,quasiobjective,False,authority,natural person,public,No,,bad,,,,147,1.3197278911564625,0.44330841120647796,1.0,-1.0,,5.0,3.6,0.5760122598146589,,,,,,1.0,,,1.0,,14.0,1.4285714285714286,0.4523443208612048,,59,8.338983050847459,0.968253119206642,8.0,1.625,0.6527139518645055,,53,2.0754716981132075,0.581331745955517,33.0,1.303030303030303,0.4493324776824735,35,1.7142857142857142,0.48126671093981094,,,,43,0.23839358054474333,0.39184481772813357,,9.0,1.1111111111111112,0.3,0.0975260215456294,0.30432666974890105,60,2.0166666666666666,0.698235410975223,0.2937076118326118,0.4131987552072271,43,1.0,,,0.4425287356321839,9.101592392288786,5.888549618320611,3857.0,12.200000000000001,7.695763327952478,11.71738669944365,36.29302717039718,14.089532927933755,10.0,5.918947356392197,0.02309763988626317,0.09332733812949645,0.7096223021582734,0.06717185739362391,205.0,59.0,12.477719276282532,1602.0,0.4870229007633588,10.105263157894736,655.0
corpora_selected_txt/KUK_1.0/data/OmbuFlyers/originals/TXT/Rozuctovani-nakladu.txt,ombuflyer_0078,Rozuctovani-nakladu,TXT,data/OmbuFlyers/originals/TXT,OmbuFlyers,,,"Rozúčtování nákladů na dodávku tepla a teplé užitkové vody, nákladů na vodné a stočné a další služby spojené s užíváním bytů",False,,,,,individual,quasiobjective,False,authority,natural person,public,No,,bad,,,,285,1.3473684210526315,0.5222318829333926,1.0,-1.0,,19.0,3.1052631578947367,0.35431432136215035,,,,1.0,3.0,2.0,,,2.0,,7.0,1.8571428571428572,0.4844729135305432,8.0,67,16.388059701492537,0.9381869446304888,7.0,1.2857142857142858,0.5879447357921312,,79,3.329113924050633,1.2326212849578684,41.0,2.0,0.8291561975888501,64,2.953125,1.6659531813881487,,5.0,,52,0.1554624066552885,0.7278399653302413,2.0,19.0,1.263157894736842,0.5806818044546354,0.11299088338562023,0.5637710047372476,85,5.458823529411765,0.8636659059306343,0.3884454900036813,0.2764474479012479,111,5.0,,,0.3764705882352941,13.602075972339563,5.350803633822502,7657.0,10.909713487071981,7.810068632605312,14.185513939735287,38.65162179667698,15.755023624018273,15.0,5.8988760722758435,0.031282943634837884,0.07317567567567573,0.6902927927927928,0.09518477023979094,180.0,67.0,14.33940393559239,3051.0,0.28162124388539483,17.263157894736842,1431.0
corpora_selected_txt/KUK_1.0/data/OmbuFlyers/originals/TXT/Skonceni-pracovniho-pomeru.txt,ombuflyer_0080,Skonceni-pracovniho-pomeru,TXT,data/OmbuFlyers/originals/TXT,OmbuFlyers,,,Skončení pracovního poměru,False,,,,,individual,quasiobjective,False,authority,natural person,public,No,,bad,4.0,,,557,1.481149012567325,0.6660140333676012,0.9989954689236555,0.01192245505554376,1.0,8.0,7.875,1.7136977239702578,,,,,4.0,1.0,1.0,,3.0,1.0,38.0,1.9473684210526316,0.5842448737753055,26.0,118,14.483050847457626,1.0084738918745848,28.0,2.7142857142857144,0.7757745825523262,,171,2.7953216374269005,0.9165243076037094,82.0,1.7317073170731707,0.7755404983614239,113,2.1946902654867255,0.8607835523048387,1.0,6.0,,89,0.19236100554175514,0.503072620774773,5.0,34.0,1.2058823529411764,0.34035296156450645,0.08742180415145266,0.42981314650713687,191,3.869109947643979,0.7771221615157532,0.35607731831281697,0.3491636863371127,138,3.0,,,0.40190476190476193,13.723029560693725,5.6715454154111065,13175.0,12.303486870426172,8.185383037260255,14.889557848194546,30.73492336035372,16.6735431243935,19.75,5.942578099326348,0.028239808298335098,0.08006294964028782,0.7084802158273381,0.08708034520159907,303.0,118.0,15.017252901387987,5353.0,0.2638829100301334,12.585714285714285,2323.0
corpora_selected_txt/KUK_1.0/data/OmbuFlyers/originals/TXT/Socialni-sluzby.txt,ombuflyer_0082,Socialni-sluzby,TXT,data/OmbuFlyers/originals/TXT,OmbuFlyers,,,Sociální služby,False,,,,,individual,quasiobjective,False,authority,natural person,public,No,,bad,7.0,,,841,1.3923900118906065,0.5069359022876354,0.9994550138723741,0.009194210527363734,,22.0,3.0,0.7834262018573374,,,,,,,,,4.0,2.0,58.0,1.8103448275862069,0.7349817102033578,6.0,183,13.96174863387978,0.7877726913345794,74.0,1.8513513513513513,0.6364927268637874,2.0,256,3.2421875,0.7522848858477807,156.0,1.794871794871795,0.7691877336419594,237,2.3586497890295357,0.8668268040169674,,3.0,,157,0.2053035070964427,0.43054028297000096,9.0,53.0,1.2452830188679245,0.4138546773965068,0.09165769171537616,0.47806267685809745,317,3.2050473186119874,0.7128871796670683,0.3576621765995184,0.4045451648591692,159,7.0,,,0.40540540540540543,12.81880307801707,5.610397196261682,19210.0,11.931950934579442,8.473947567955383,14.342235232121087,32.44769194433155,15.469179195449005,20.75,5.934581719069069,0.029447670998705756,0.09677293233082707,0.7123669172932331,0.08818622683903166,482.0,184.0,14.167710077616302,7895.0,0.2683995327102804,11.55813953488372,3424.0
corpora_selected_txt/KUK_1.0/data/OmbuFlyers/originals/TXT/Soudni-ochrana-proti_spravnim-organum.txt,ombuflyer_0084,Soudni-ochrana-proti_spravnim-organum,TXT,data/OmbuFlyers/originals/TXT,OmbuFlyers,,,Soudní ochrana proti rozhodnutí správních orgánů,False,,,,,individual,quasiobjective,False,authority,natural person,public,No,,bad,,,,244,1.5573770491803278,0.4877216355514508,0.9993169398907105,0.010677033049769864,,4.0,3.5,0.4948716593053935,,,,1.0,1.0,,,1.0,2.0,,13.0,2.0,0.67700320038633,7.0,64,10.90625,0.9477814087869311,11.0,2.1818181818181817,0.57312496213498,,66,2.9393939393939394,0.7330179645684419,42.0,2.0476190476190474,0.8693035364889246,51,1.9411764705882353,0.6943031995936818,,2.0,,49,0.19567948824390238,0.5226239436262635,2.0,13.0,1.3076923076923077,0.36735282343519987,0.10899924279895702,0.6187548309979178,85,3.623529411764706,0.7817058330529696,0.35323954070404373,0.42872576152020264,59,2.0,,,0.29328621908127206,11.23931021976004,5.636630754162586,5755.0,11.799412340842315,7.6763633909183495,12.619596596474043,39.21447979921649,12.84550073457395,12.0,5.88106340207787,0.02566431224626919,0.10263557483731023,0.6960195227765726,0.06792401015033661,194.0,64.0,12.301794320304694,2316.0,0.3594515181194907,14.609756097560975,1021.0
corpora_selected_txt/KUK_1.0/data/OmbuFlyers/originals/TXT/Soudni-poplatky.txt,ombuflyer_0086,Soudni-poplatky,TXT,data/OmbuFlyers/originals/TXT,OmbuFlyers,,,Soudní poplatky a osvobození od těchto poplatků,False,,,,,individual,quasiobjective,False,authority,natural person,public,No,,bad,1.0,1.0,,275,1.3309090909090908,0.4692878658670678,0.9993939393939393,0.010056472984704062,,4.0,6.0,1.1221672153735642,,,,,,,,3.0,1.0,,16.0,1.6875,0.6745758544801653,7.0,81,10.54320987654321,0.809831358692942,15.0,1.2666666666666666,0.361371874908208,,85,2.5058823529411764,0.5597144877748306,63.0,1.6349206349206349,0.7634896943431118,63,1.6666666666666667,0.5168140615284653,1.0,,,63,0.22971209024147743,0.4092166870763766,2.0,16.0,1.25,0.5465040408511785,0.11084554232532173,0.5849094831784818,106,2.6132075471698113,0.7347952093473145,0.3305728069497857,0.395483873709179,79,1.0,,,0.4767932489451477,8.147881499024187,5.146536412078153,5795.0,9.231349911190057,7.755183936900358,9.87218815648093,54.08604344012454,10.675946757888736,14.0,5.854493071127886,0.03653413553605367,0.10981499513145088,0.6862706913339824,0.09526129827208832,218.0,81.0,10.74609503303851,2347.0,0.35879218472468916,11.642857142857142,1126.0
corpora_selected_txt/KUK_1.0/data/OmbuFlyers/originals/TXT/Sousedske-spory.txt,ombuflyer_0088,Sousedske-spory,TXT,data/OmbuFlyers/originals/TXT,OmbuFlyers,,,Sousedské spory,False,,,,,individual,quasiobjective,False,authority,natural person,public,No,,bad,1.0,1.0,,487,1.3696098562628336,0.47934272799796446,0.9993644274958443,0.009943283159839656,,13.0,4.6923076923076925,1.0123310318609322,,,,,,,,,4.0,,30.0,1.8666666666666667,0.6558618913680754,14.0,126,12.158730158730158,0.8601102863874518,27.0,2.3333333333333335,0.5575231162182779,,142,2.8943661971830985,0.8247210268588145,90.0,2.1444444444444444,0.9156186288176654,108,2.1481481481481484,0.9018966091731189,,,,85,0.21045897037470201,0.3691066559295511,4.0,29.0,1.2413793103448276,0.35081474834208576,0.09752795941944015,0.38081980368231727,164,3.3292682926829267,0.8197964001610714,0.33796095402826715,0.37302042415034664,131,2.0,,,0.43628509719222464,9.763656855025474,5.215196078431372,10639.0,9.830931372549019,8.42373477460014,11.358426983943183,48.00613794966807,12.66049096804076,17.0,5.9527950123475435,0.040413855924673385,0.08231324059763012,0.7188614116434827,0.10308360433207764,398.0,127.0,12.168854482416112,4333.0,0.3348039215686274,11.885572139303482,2040.0
corpora_selected_txt/KUK_1.0/data/OmbuFlyers/originals/TXT/Spolecenstvi-vlastniku.txt,ombuflyer_0090,Spolecenstvi-vlastniku,TXT,data/OmbuFlyers/originals/TXT,OmbuFlyers,,,Bytová družstva - Společenství vlastníků bytových jednotek (nejčastější dotazy a odpovědi zohledňující nový občanský zákoník účinný od 1. ledna 2014),False,,,,,individual,quasiobjective,False,authority,natural person,public,No,,bad,3.0,,1.0,191,1.5287958115183247,0.5646671140061226,0.9993455497382199,0.009050605737449402,,5.0,7.6,0.7981974151633211,,,,,,,,,,,7.0,1.7142857142857142,0.5548606765399494,4.0,45,12.644444444444444,0.7597200093667347,8.0,1.875,0.5285499781147279,,53,3.547169811320755,1.4003997652046887,25.0,1.8,0.7522257782070333,44,2.7045454545454546,1.4823832519943494,,3.0,,33,0.17651943474343842,0.644568512231669,2.0,15.0,1.0666666666666667,0.24206145913796354,0.1150835450525853,0.9928956291152415,59,4.711864406779661,0.7529825248766973,0.40201635278360637,0.3951139976374669,36,,,,0.358974358974359,12.681595125448027,5.811612903225806,4504.0,12.753935483870967,7.621320874713074,13.303303942652327,36.93067025089607,13.959856630824374,10.0,5.906133580100983,0.02327799696336779,0.09671597633136098,0.6943934911242603,0.06956042923093744,180.0,45.0,13.0968918985768,1760.0,0.40903225806451615,15.636363636363637,775.0
corpora_selected_txt/KUK_1.0/data/OmbuFlyers/originals/TXT/Spravni-rad.txt,ombuflyer_0092,Spravni-rad,TXT,data/OmbuFlyers/originals/TXT,OmbuFlyers,,,Správní řád,False,,,,,individual,quasiobjective,False,authority,natural person,public,No,,bad,,,1.0,315,1.4222222222222223,0.5094538790475467,1.0,-1.0,,5.0,5.2,1.1650100946816122,,,,1.0,,,,,1.0,,22.0,1.6818181818181819,0.5313897243377932,9.0,86,12.267441860465116,0.7352378798799286,18.0,2.7222222222222223,1.3142939162987008,,124,2.7096774193548385,0.7540854076921788,63.0,1.619047619047619,0.6965704579916934,103,1.9320388349514563,0.8705129561224302,,5.0,1.0,69,0.21451573024233095,0.3126995098038183,3.0,22.0,1.0909090909090908,0.26972453123756235,0.07480628012572849,0.4084077856428566,151,2.5695364238410594,0.6566344029598653,0.31695743194446374,0.3779560997531591,79,,,,0.4773413897280967,10.1076316147909,5.3058568329718,7338.0,10.259074475777295,7.982068173633204,11.965510686239888,43.90732635490761,13.489680337654915,13.666666666666666,5.924547516148113,0.02764884245203295,0.10885514018691589,0.7024143302180685,0.0801068116399102,263.0,86.0,12.751659902113754,3028.0,0.34417932031814896,10.280254777070065,1383.0
corpora_selected_txt/KUK_1.0/data/OmbuFlyers/originals/TXT/Srazky-ze-mzdy.txt,ombuflyer_0094,Srazky-ze-mzdy,TXT,data/OmbuFlyers/originals/TXT,OmbuFlyers,,,Srážky ze mzdy (a jiných příjmů),False,,,,,individual,quasiobjective,False,authority,natural person,public,No,,bad,1.0,,,205,1.5463414634146342,0.6788707427952235,0.9952512934220251,0.027711349822727445,,4.0,3.75,0.25531389540169014,,,1.0,,,1.0,,,,,4.0,3.0,0.6085806194501846,6.0,36,22.444444444444443,1.400231450771961,10.0,1.4,0.49943278484292936,,49,3.2653061224489797,0.8835713000021559,30.0,10.4,2.047936042028246,43,4.953488372093023,2.218451030938651,,10.0,,30,0.14132974226011588,0.49778355350233877,,19.0,1.4736842105263157,0.5240800167394081,0.12391852213833639,0.5459259456331075,58,5.017241379310345,1.8200390083618196,0.3482759048689324,0.44419289860069655,42,3.0,,,0.22943722943722944,19.3370231392621,5.609404990403071,5845.0,12.476103646833016,7.876510304705705,19.290627425890378,18.067988696950323,21.136319044572403,12.0,5.869224651577128,0.030017751027645843,0.07639448568398732,0.6862354188759279,0.07482627263826584,214.0,36.0,18.153369283396113,2354.0,0.3781190019193858,18.826923076923077,1042.0
corpora_selected_txt/KUK_1.0/data/OmbuFlyers/originals/TXT/Stavebni-cinnost.txt,ombuflyer_0096,Stavebni-cinnost,TXT,data/OmbuFlyers/originals/TXT,OmbuFlyers,,,Veřejný ochránce práv a stavební činnost,False,,,,,individual,quasiobjective,False,authority,natural person,public,No,,bad,7.0,,,245,1.420408163265306,0.46336713574295624,1.0,-1.0,,4.0,2.25,0.2222222222222222,,,,,,,,,3.0,,18.0,1.7222222222222223,0.6236450085198887,2.0,57,12.368421052631579,0.9596435454550666,20.0,2.05,0.602134654132803,1.0,70,3.1,1.1149526156898002,47.0,1.8297872340425532,0.9139146378073718,54,1.8333333333333333,0.7982125673443502,,,,40,0.23215235731017786,0.46755597997261866,2.0,13.0,1.0769230769230769,0.25753937681885636,0.07689731765818722,0.41001356890945967,91,2.989010989010989,0.6700361343093943,0.3397125248276032,0.34905336978585944,55,4.0,,,0.34558823529411764,11.17426852104354,5.450777202072539,5260.0,11.029326424870463,7.5786928243841425,12.635608253795105,40.93024006908462,12.74084174165985,10.75,5.800832089326753,0.033769044388681384,0.10079676674364901,0.6783949191685912,0.08381357383419612,211.0,57.0,12.209160746376906,2137.0,0.38134715025906735,11.634408602150538,965.0
corpora_selected_txt/KUK_1.0/data/OmbuFlyers/originals/TXT/Studny.txt,ombuflyer_0098,Studny,TXT,data/OmbuFlyers/originals/TXT,OmbuFlyers,,,"Studny, vrty, vodovodní přípojky",False,,,,,individual,quasiobjective,False,authority,natural person,public,No,,bad,3.0,,,391,1.3989769820971867,0.4743704481089751,1.0,-1.0,,12.0,2.3333333333333335,0.27914526311954124,,,,,,,,1.0,,,31.0,1.5806451612903225,0.7077838188275327,6.0,99,12.191919191919192,0.7784489673482595,22.0,2.1363636363636362,0.9394572486091418,1.0,113,2.920353982300885,0.7408639404084668,71.0,1.9154929577464788,0.9855974385743754,87,1.8275862068965518,0.818447833069585,,1.0,,79,0.20856982735093407,0.4858344290556503,5.0,15.0,1.4666666666666666,0.43632305006058025,0.12046736296164214,0.6760135357076923,135,3.5481481481481483,0.6429813248934226,0.34376005542785504,0.33010740317763715,108,6.0,,,0.4067357512953368,11.204163232323232,5.547692307692308,9015.0,11.431753846153848,8.028756834729727,12.156269227661227,43.23026017094014,13.285656565656566,15.75,5.904085992941769,0.03860848716988136,0.09230013106159896,0.6924442988204456,0.11404458413428821,241.0,99.0,12.615657906274063,3561.0,0.30153846153846153,11.717948717948717,1625.0
corpora_selected_txt/KUK_1.0/data/OmbuFlyers/originals/TXT/Sikana-na-pracovisti.txt,ombuflyer_0100,Sikana-na-pracovisti,TXT,data/OmbuFlyers/originals/TXT,OmbuFlyers,,,"Šikana na pracovišti: mobbing, bossing a diskriminace",False,,,,,individual,quasiobjective,False,authority,natural person,public,No,,bad,3.0,,,216,1.287037037037037,0.47455541923083727,1.0,-1.0,,5.0,4.0,0.7288689868556625,,,,1.0,,,1.0,,1.0,,12.0,1.6666666666666667,0.5908391567007971,7.0,59,12.542372881355933,0.696536046749593,11.0,1.9090909090909092,0.6811355065119513,,76,2.789473684210526,0.708121360307132,37.0,1.7567567567567568,0.8095339200137693,45,1.6444444444444444,0.4877900226350979,,1.0,1.0,48,0.19040518378089746,0.4063833763500413,5.0,13.0,1.3846153846153846,0.6938886664887108,0.11975673105704066,0.5909169392245082,88,3.090909090909091,0.7858293334558412,0.31834887925902755,0.3912626693790285,50,,,,0.42924528301886794,12.490511694561413,5.92901878914405,5680.0,13.205010438413362,7.982487346626317,13.939082941155654,30.76195361098334,15.764226318955451,11.0,6.097386734964549,0.020257548412265652,0.08373690337601858,0.7708265424912689,0.0593727831099797,245.0,59.0,14.210520043004035,2296.0,0.4290187891440501,12.544444444444444,958.0
corpora_selected_txt/KUK_1.0/data/OmbuFlyers/originals/TXT/Skolstvi.txt,ombuflyer_0102,Skolstvi,TXT,data/OmbuFlyers/originals/TXT,OmbuFlyers,,,Školství,False,,,,,individual,quasiobjective,False,authority,natural person,public,No,,bad,2.0,,,176,1.2784090909090908,0.4069186486217115,1.0,-1.0,,11.0,4.7272727272727275,1.4597407972877487,,,,,,,,1.0,3.0,,18.0,1.8888888888888888,0.7462505504060108,2.0,64,10.375,1.0086365284216765,8.0,1.375,0.77138921583987,,77,2.3896103896103895,0.7833596900464388,50.0,1.8,0.7360014678964845,36,1.9722222222222223,1.0390292178981242,1.0,1.0,,58,0.2595550365300337,0.5139572685778249,,18.0,1.2222222222222223,0.44862453863453133,0.11897116590744042,0.40073990928423,85,2.929411764705882,1.0662883798819902,0.3376651491530384,0.37522883958612246,22,,,,0.6042780748663101,9.209874171962745,5.678654292343388,4895.0,11.500348027842227,7.699428633205513,10.784920979185578,45.24043380745823,11.957658293822927,11.0,6.002095609012869,0.021325787066030784,0.0978505897771953,0.7323328964613368,0.06275558335657959,206.0,69.0,11.552084857699999,1952.0,0.4025522041763341,9.0625,862.0
corpora_selected_txt/KUK_1.0/data/OmbuFlyers/originals/TXT/Uprava-styku.txt,ombuflyer_0104,Uprava-styku,TXT,data/OmbuFlyers/originals/TXT,OmbuFlyers,,,Úprava styku s dětmi,False,,,,,individual,quasiobjective,False,authority,natural person,public,No,,bad,3.0,,1.0,613,1.3246329526916802,0.5054977636344721,1.0,-1.0,,18.0,3.4444444444444446,0.436589362174133,,,,,2.0,,,1.0,1.0,,41.0,2.5365853658536586,0.9165232091438864,35.0,113,17.68141592920354,0.7072504038478336,37.0,2.2162162162162162,0.6481031368436015,1.0,198,2.7373737373737375,0.7998301540127315,142.0,2.0140845070422535,1.0156133314402094,161,2.198757763975155,0.7956113263502129,,1.0,,96,0.19210203951503604,0.3692107758615122,7.0,45.0,1.1777777777777778,0.37488468727726915,0.0817531532031016,0.4686820700272835,233,3.570815450643777,0.7250453740483496,0.36097942988460757,0.39777952848673953,110,3.0,,,0.4892205638474295,14.079398196956177,5.237673343605547,13597.0,10.461132511556238,8.141575307567036,15.681024078879787,31.111034411915767,15.272100127051065,21.0,5.933262370976334,0.032968411227180944,0.1010332398878655,0.7110532639167,0.09067706634797988,383.0,114.0,13.830054212248157,5751.0,0.2696456086286595,10.170068027210885,2596.0
corpora_selected_txt/KUK_1.0/data/OmbuFlyers/originals/TXT/Uzemni-plan.txt,ombuflyer_0106,Uzemni-plan,TXT,data/OmbuFlyers/originals/TXT,OmbuFlyers,,,Veřejný ochránce práv a územní plán obce (nejčastější dotazy),False,,,,,individual,quasiobjective,False,authority,natural person,public,No,,bad,1.0,,1.0,241,1.5062240663900415,0.5146934637090251,0.9993084370677732,0.010743373492221476,,7.0,2.7142857142857144,0.27850013800679896,,,,,1.0,,,,5.0,,12.0,2.25,0.8501666833333661,1.0,66,10.318181818181818,0.7680572109843212,12.0,1.4166666666666667,0.36347904744313214,1.0,53,3.3962264150943398,0.7243287818632623,32.0,3.03125,1.0746689952604664,43,2.255813953488372,0.6276132931699911,,,,44,0.1987037318077988,0.4683040202806702,,8.0,1.0,-1.0,0.09147478070175438,0.5905824384782785,65,4.123076923076923,0.6839967371227147,0.36939413825041356,0.3356622427259017,68,1.0,,,0.3138075313807531,9.530789126559718,5.478074866310161,5122.0,10.828128342245991,7.664223312823105,11.437447415329768,43.92523172905527,13.409982174688057,11.0,5.8009194716673145,0.03275340784549503,0.08696172248803824,0.6694019138755981,0.08449820427751178,201.0,66.0,12.58956003590254,2095.0,0.38074866310160427,12.783783783783784,935.0
corpora_selected_txt/KUK_1.0/data/OmbuFlyers/originals/TXT/Veznice.txt,ombuflyer_0108,Veznice,TXT,data/OmbuFlyers/originals/TXT,OmbuFlyers,,,Věznice - ochrana vězněných osob,False,,,,,individual,quasiobjective,False,authority,natural person,public,No,,bad,5.0,,,422,1.490521327014218,0.6182096072069498,0.9982960956894606,0.015830600531872185,,7.0,5.857142857142857,0.5255706132973654,,,,,1.0,1.0,,,3.0,,32.0,2.46875,0.734641719547266,8.0,117,11.931623931623932,0.8088216024627416,64.0,2.25,0.8152956734077556,,140,2.8857142857142857,0.8983644559725718,75.0,1.92,0.9486944264961532,105,2.4761904761904763,0.9472608619838233,,2.0,,92,0.23145337106976607,0.47720257448008635,7.0,34.0,1.2352941176470589,0.4015020242658681,0.11108763337979329,0.6259314853767486,186,2.8763440860215055,0.7787243701019634,0.33028145946995463,0.4157361364178057,102,2.0,,,0.4170124481327801,11.013537660967145,5.5566790846194785,10441.0,11.435550824906867,8.105226790725377,13.140449589024897,35.867723661885975,14.21531001669373,16.666666666666668,5.918680290240702,0.02242473054763297,0.10981460674157306,0.7035337078651686,0.06553089979159399,297.0,117.0,13.233081621884743,4358.0,0.30548163916977117,10.77,1879.0
corpora_selected_txt/KUK_1.0/data/OmbuFlyers/originals/TXT/Zarizeni-pro-zajisteni-cizincu.txt,ombuflyer_0110,Zarizeni-pro-zajisteni-cizincu,TXT,data/OmbuFlyers/originals/TXT,OmbuFlyers,,,Zařízení pro zajištění cizinců,False,,,,,individual,quasiobjective,False,authority,natural person,public,No,,bad,1.0,,,395,1.3468354430379748,0.5094364852615981,0.9995780590717299,0.008389449942740306,,9.0,9.444444444444445,1.4422085140241945,,,,,1.0,,1.0,1.0,2.0,,27.0,1.8888888888888888,0.6781898278803691,5.0,101,11.594059405940595,0.7791463545693729,32.0,1.84375,0.5862513402529212,,119,2.6050420168067228,0.6746142029542241,71.0,1.9577464788732395,0.6984252865655561,90,1.9666666666666666,0.7004692333162962,,,,80,0.20208798651820245,0.49014370759060183,9.0,19.0,1.1578947368421053,0.32354782581913066,0.08881867277255903,0.5483452763151357,131,3.885496183206107,0.8503862949038214,0.36693323921609194,0.3933895985829482,140,7.0,,,0.38858695652173914,11.090389276329088,5.722938144329897,8882.0,12.118170103092782,8.046870438225623,12.945221940064684,35.619772033555705,14.720295128360625,15.0,5.884655099335047,0.02767709608799993,0.10562973158981415,0.697136958017894,0.07580516893274787,337.0,102.0,13.482124778238653,3641.0,0.35631443298969073,12.359154929577464,1552.0
corpora_selected_txt/KUK_1.0/data/OmbuFlyers/originals/TXT/Zdravotnictvi-stiznosti.txt,ombuflyer_0112,Zdravotnictvi-stiznosti,TXT,data/OmbuFlyers/originals/TXT,OmbuFlyers,,,Zdravotnictví - stížnosti ve zdravotnictví,False,,,,,individual,quasiobjective,False,authority,natural person,public,No,,bad,4.0,,1.0,315,1.4190476190476191,0.4816506121810445,0.998941798941799,0.01327319972884655,,3.0,2.6666666666666665,0.4330127018922193,,,,1.0,1.0,,,2.0,2.0,,23.0,1.608695652173913,0.4080177910702782,23.0,108,8.546296296296296,0.8888746205623094,26.0,1.9230769230769231,0.486094640990826,,110,2.227272727272727,0.7684669172162478,53.0,1.6603773584905661,0.6463340740045553,78,2.051282051282051,1.094032662918465,,1.0,1.0,81,0.24921699014069895,0.386743320306277,7.0,26.0,1.2307692307692308,0.41795633743251226,0.10581794889575209,0.42641824844659487,125,2.752,0.5434067882902931,0.33897193352456506,0.4044800377373491,60,1.0,,,0.4094955489614243,8.96043500669344,5.776706827309237,7192.0,11.769558232931727,7.829790282392862,10.963127978580985,42.224282463186086,12.06492637215529,14.0,5.967873444715509,0.020011542175071433,0.11948516579406632,0.7196422338568935,0.05839950007660706,258.0,108.0,11.502022097120243,2912.0,0.351004016064257,10.474452554744525,1245.0
corpora_selected_txt/KUK_1.0/data/OmbuFlyers/originals/TXT/Zvlastni-opravneni.txt,ombuflyer_0114,Zvlastni-opravneni,TXT,data/OmbuFlyers/originals/TXT,OmbuFlyers,,,Zvláštní oprávnění veřejného ochránce práv,False,,,,,individual,quasiobjective,False,authority,natural person,public,No,,bad,5.0,,,330,1.481818181818182,0.5720348883680813,0.9986291486291486,0.014393588741115248,,8.0,3.25,0.3184917966195481,,,1.0,,,,,,3.0,,17.0,2.1176470588235294,0.7809953288616416,2.0,76,14.355263157894736,0.611081441732476,20.0,2.4,0.7575159466022646,,74,3.1216216216216215,0.7572478344166305,46.0,1.673913043478261,0.6304017333877607,58,2.413793103448276,0.8103254176514176,,,,51,0.14763824067446793,0.40510241492298715,6.0,15.0,1.3333333333333333,0.46291004988627577,0.08338542434517666,0.41087279663003573,84,4.916666666666667,0.71524039755615,0.36449453383463315,0.30440780812351037,105,3.0,,,0.27976190476190477,13.014479216668128,5.7332892124420916,8663.0,12.475446724023831,8.005699154066042,13.38853779113808,38.18616493505456,14.058896605615047,15.0,5.893257644961794,0.03881874184289672,0.10222379603399434,0.692627478753541,0.11107204573818096,284.0,83.0,13.161985877759427,3361.0,0.32825943084050296,18.795698924731184,1511.0
corpora_selected_txt/KUK_1.0/data/OmbuFlyers/originals/TXT/Komunální odpad-nemovitosti_původní.txt,ombuflyer_0116,Komunální odpad-nemovitosti_původní,TXT,data/OmbuFlyers/originals/TXT,OmbuFlyers,,,Poplatky za komunální odpad: Které stavby se zpoplatňují?,False,,,,,individual,quasiobjective,False,authority,natural person,public,No,,bad,2.0,,,399,1.4235588972431077,0.519195975996684,0.9995822890559732,0.00834725631234358,,8.0,4.125,0.4569919730007496,,,,1.0,,1.0,,,1.0,,13.0,1.5384615384615385,0.5045625167740201,5.0,107,10.63551401869159,0.6598671207365253,40.0,1.625,0.5340762539195677,,127,2.763779527559055,0.7822346413810677,67.0,1.7313432835820894,0.6862294094803667,104,2.0288461538461537,0.8424673524220654,,3.0,,87,0.19372513012965273,0.4556873643925293,1.0,37.0,2.081081081081081,0.737304549127057,0.15859921556515982,0.5575068049172833,148,2.9121621621621623,0.7130529860044348,0.3269609952419283,0.36000305705200697,44,,,,0.3854166666666667,9.40063113091357,5.390826873385013,8345.0,10.460012919896643,7.619159891475633,11.844437036634545,41.71598874640782,13.151256973121784,17.0,5.743363934788079,0.029824565120322947,0.12366459627329196,0.6435886818495514,0.0950597136087772,200.0,107.0,12.452524900172623,3511.0,0.26098191214470284,12.07482993197279,1548.0
